OPD_ID,UH_ID,OPDDate,Time,NewOld,Consultant,ConsultationCharges,ProcedureCharges,Discount,TotalCharges,CashReceived,OnlineReceived,FeesBalance,FollowUpAfterDays,FollowUpDate
10001,20240001,2024-12-29,12:08:17,New,Dr. Ashwin Sadavarte,500,300,0,800,200,0,600,60,2025-02-27
10002,20240001,2025-03-15,09:24:49,Old,Dr. Ashwin Sadavarte,500,0,0,500,500,0,0,,
10003,20240001,2025-05-27,10:28:11,Old,Dr. Ashwin Sadavarte,300,0,0,300,300,0,0,90,2025-08-25
10004,20240002,2024-12-13,12:45:39,New,Dr. R. Mahalle,500,0,0,500,500,0,0,60,2025-02-11
10005,20240002,2025-03-27,10:24:11,Old,Dr. R. Mahalle,400,200,0,600,600,0,0,,
10006,20240002,2025-06-26,11:05:15,Old,Dr. R. Mahalle,300,0,0,300,300,0,0,,
10007,20240002,2025-09-27,10:09:55,Old,Dr. R. Mahalle,400,0,0,400,400,0,0,30,2025-10-27
10008,20240002,2026-01-11,10:01:20,Old,Dr. R. Mahalle,500,200,0,700,700,0,0,15,2026-01-26
10009,20240002,2026-04-20,13:40:35,Old,Dr. R. Mahalle,300,300,0,600,600,0,0,,
10010,20240002,2026-07-20,10:36:52,Old,Dr. R. Mahalle,300,200,0,500,500,0,0,60,2026-09-18
10011,20240003,2024-04-23,11:03:36,New,Dr. R. Mahalle,300,0,0,300,300,0,0,30,2024-05-23
10012,20240003,2024-08-03,11:09:06,Old,Dr. R. Mahalle,500,0,0,500,200,0,300,,
10013,20240003,2024-11-19,10:46:04,Old,Dr. R. Mahalle,400,0,0,400,400,0,0,15,2024-12-04
10014,20240003,2025-03-05,10:00:27,Old,Dr. R. Mahalle,500,0,0,500,200,0,300,30,2025-04-04
10015,20240003,2025-05-30,10:07:56,Old,Dr. R. Mahalle,500,200,0,700,700,0,0,30,2025-06-29
10016,20240003,2025-09-12,11:40:52,Old,Dr. R. Mahalle,400,200,0,600,600,0,0,,
10017,20240003,2025-12-29,11:34:12,Old,Dr. R. Mahalle,300,0,0,300,300,0,0,60,2026-02-27
10018,20240003,2026-06-02,10:52:47,Old,Dr. R. Mahalle,300,200,0,500,500,0,0,90,2026-08-31
10019,20240003,2026-09-10,09:31:46,Old,Dr. R. Mahalle,500,300,0,800,800,0,0,,
10020,20240004,2024-09-11,12:32:35,New,Dr. Ashwin Sadavarte,300,0,0,300,300,0,0,90,2024-12-10
10021,20240004,2024-11-28,09:27:18,Old,Dr. Ashwin Sadavarte,400,200,0,600,600,0,0,60,2025-01-27
10022,20240004,2025-01-23,11:06:03,Old,Dr. Ashwin Sadavarte,300,0,0,300,300,0,0,30,2025-02-22
10023,20240004,2025-03-17,13:37:41,Old,Dr. Ashwin Sadavarte,500,0,0,500,500,0,0,30,2025-04-16
10024,20240004,2025-05-18,12:22:19,Old,Dr. Ashwin Sadavarte,400,200,0,600,600,0,0,60,2025-07-17
10025,20240004,2025-07-31,13:12:00,Old,Dr. Ashwin Sadavarte,300,0,0,300,300,0,0,90,2025-10-29
10026,20240004,2025-10-09,09:03:28,Old,Dr. Ashwin Sadavarte,300,200,0,500,500,0,0,30,2025-11-08
10027,20240004,2025-12-19,09:21:29,Old,Dr. Ashwin Sadavarte,400,0,0,400,400,0,0,15,2026-01-03
10028,20240005,2024-10-20,13:36:13,New,Dr. R. Mahalle,300,300,0,600,600,0,0,30,2024-11-19
10029,20240005,2024-12-16,11:55:57,Old,Dr. R. Mahalle,300,0,0,300,300,0,0,60,2025-02-14
10030,20240005,2025-02-15,13:10:59,Old,Dr. R. Mahalle,400,300,0,700,700,0,0,60,2025-04-16
10031,20240005,2025-04-16,11:19:05,Old,Dr. R. Mahalle,300,0,0,300,300,0,0,90,2025-07-15
10032,20240006,2026-07-22,13:11:49,New,Dr. R. Mahalle,500,0,0,500,500,0,0,90,2026-10-20
10033,20240007,2024-06-10,10:27:34,New,Dr. Ashwin Sadavarte,400,300,0,700,0,0,700,90,2024-09-08
10034,20240007,2024-09-24,09:34:47,Old,Dr. Ashwin Sadavarte,500,0,0,500,500,0,0,15,2024-10-09
10035,20240007,2024-12-16,11:39:32,Old,Dr. Ashwin Sadavarte,300,300,0,600,600,0,0,15,2024-12-31
10036,20240007,2025-03-17,13:21:34,Old,Dr. Ashwin Sadavarte,400,300,0,700,700,0,0,60,2025-05-16
10037,20240007,2025-06-20,11:36:27,Old,Dr. Ashwin Sadavarte,500,300,0,800,800,0,0,30,2025-07-20
10038,20240007,2025-09-18,11:48:29,Old,Dr. Ashwin Sadavarte,400,0,0,400,400,0,0,30,2025-10-18
10039,20240007,2026-01-01,12:35:32,Old,Dr. Ashwin Sadavarte,400,0,0,400,400,0,0,15,2026-01-16
10040,20240007,2026-04-13,11:55:58,Old,Dr. Ashwin Sadavarte,500,0,0,500,500,0,0,60,2026-06-12
10041,20240007,2026-07-07,09:46:10,Old,Dr. Ashwin Sadavarte,400,300,0,700,700,0,0,30,2026-08-06
10042,20240008,2026-08-27,10:22:41,New,Dr. Ashwin Sadavarte,400,200,0,600,600,0,0,60,2026-10-26
10043,20240009,2024-02-06,10:44:59,New,Dr. Ashwin Sadavarte,500,0,0,500,500,0,0,60,2024-04-06
10044,20240009,2024-04-21,12:12:06,Old,Dr. Ashwin Sadavarte,400,0,0,400,400,0,0,30,2024-05-21
10045,20240009,2024-06-18,13:30:31,Old,Dr. Ashwin Sadavarte,400,0,0,400,400,0,0,30,2024-07-18
10046,20240009,2024-08-20,13:43:09,Old,Dr. Ashwin Sadavarte,500,0,0,500,0,0,500,15,2024-09-04
10047,20240009,2024-11-01,11:18:53,Old,Dr. Ashwin Sadavarte,300,0,0,300,300,0,0,90,2025-01-30
10048,20240009,2024-12-24,12:15:17,Old,Dr. Ashwin Sadavarte,500,200,0,700,700,0,0,15,2025-01-08
10049,20240009,2025-02-26,12:47:56,Old,Dr. Ashwin Sadavarte,300,0,0,300,100,0,200,30,2025-03-28
10050,20240009,2025-05-09,11:01:36,Old,Dr. Ashwin Sadavarte,500,0,0,500,200,0,300,15,2025-05-24
10051,20240009,2025-07-03,10:48:04,Old,Dr. Ashwin Sadavarte,500,200,0,700,700,0,0,15,2025-07-18
10052,20240009,2025-09-03,10:49:52,Old,Dr. Ashwin Sadavarte,500,0,0,500,500,0,0,30,2025-10-03
10053,20240009,2025-11-10,10:27:17,Old,Dr. Ashwin Sadavarte,500,0,0,500,500,0,0,,
10054,20240009,2026-01-03,10:05:51,Old,Dr. Ashwin Sadavarte,500,0,0,500,500,0,0,30,2026-02-02
10055,20240009,2026-03-04,12:56:30,Old,Dr. Ashwin Sadavarte,300,0,0,300,300,0,0,30,2026-04-03
10056,20240009,2026-05-12,12:52:10,Old,Dr. Ashwin Sadavarte,500,0,0,500,500,0,0,30,2026-06-11
10057,20240009,2026-07-20,09:00:22,Old,Dr. Ashwin Sadavarte,500,300,0,800,800,0,0,60,2026-09-18
10058,20240010,2024-12-07,09:47:57,New,Dr. Ashwin Sadavarte,400,0,0,400,400,0,0,60,2025-02-05
10059,20240010,2025-02-02,11:41:49,Old,Dr. Ashwin Sadavarte,400,300,0,700,700,0,0,60,2025-04-03
10060,20240010,2025-04-18,13:12:09,Old,Dr. Ashwin Sadavarte,500,0,0,500,500,0,0,15,2025-05-03
10061,20240010,2025-06-30,10:34:39,Old,Dr. Ashwin Sadavarte,500,300,0,800,800,0,0,30,2025-07-30
10062,20240010,2025-08-30,12:37:12,Old,Dr. Ashwin Sadavarte,400,0,0,400,400,0,0,30,2025-09-29
10063,20240010,2025-10-31,11:07:40,Old,Dr. Ashwin Sadavarte,300,200,0,500,500,0,0,,
10064,20240010,2026-01-13,12:15:37,Old,Dr. Ashwin Sadavarte,300,0,0,300,300,0,0,30,2026-02-12
10065,20240010,2026-03-20,12:42:58,Old,Dr. Ashwin Sadavarte,300,200,0,500,500,0,0,60,2026-05-19
10066,20240010,2026-06-01,13:34:47,Old,Dr. Ashwin Sadavarte,400,0,0,400,400,0,0,30,2026-07-01
10067,20240010,2026-08-10,09:45:38,Old,Dr. Ashwin Sadavarte,500,0,0,500,500,0,0,60,2026-10-09
10068,20240011,2026-07-27,11:04:44,New,Dr. R. Mahalle,400,0,0,400,400,0,0,30,2026-08-26
10069,20240012,2025-06-28,13:26:09,New,Dr. R. Mahalle,300,300,0,600,600,0,0,30,2025-07-28
10070,20240012,2025-10-01,12:51:26,Old,Dr. R. Mahalle,300,200,0,500,500,0,0,15,2025-10-16
10071,20240012,2026-01-13,11:06:10,Old,Dr. R. Mahalle,300,300,0,600,600,0,0,60,2026-03-14
10072,20240013,2023-08-27,12:02:22,New,Dr. Ashwin Sadavarte,300,200,0,500,500,0,0,30,2023-09-26
10073,20240013,2023-11-05,09:33:53,Old,Dr. Ashwin Sadavarte,400,200,0,600,100,0,500,60,2024-01-04
10074,20240013,2024-01-12,10:32:23,Old,Dr. Ashwin Sadavarte,400,300,0,700,700,0,0,90,2024-04-11
10075,20240013,2024-03-09,11:58:53,Old,Dr. Ashwin Sadavarte,300,200,0,500,500,0,0,30,2024-04-08
10076,20240013,2024-05-28,11:43:45,Old,Dr. Ashwin Sadavarte,500,0,0,500,500,0,0,30,2024-06-27
10077,20240013,2024-07-22,09:42:59,Old,Dr. Ashwin Sadavarte,400,0,0,400,400,0,0,30,2024-08-21
10078,20240013,2024-09-27,13:33:18,Old,Dr. Ashwin Sadavarte,400,0,0,400,400,0,0,15,2024-10-12
10079,20240013,2024-11-24,09:36:34,Old,Dr. Ashwin Sadavarte,300,0,0,300,300,0,0,60,2025-01-23
10080,20240013,2025-02-03,10:24:16,Old,Dr. Ashwin Sadavarte,300,0,0,300,300,0,0,,
10081,20240013,2025-03-31,12:08:46,Old,Dr. Ashwin Sadavarte,400,0,0,400,400,0,0,60,2025-05-30
10082,20240013,2025-06-10,12:36:50,Old,Dr. Ashwin Sadavarte,500,300,0,800,800,0,0,90,2025-09-08
10083,20240013,2025-08-11,09:23:39,Old,Dr. Ashwin Sadavarte,300,0,0,300,100,0,200,30,2025-09-10
10084,20240014,2026-07-30,11:05:56,New,Dr. Ashwin Sadavarte,400,300,0,700,700,0,0,15,2026-08-14
10085,20240015,2024-07-07,09:15:04,New,Dr. Ashwin Sadavarte,300,0,0,300,300,0,0,,
10086,20240015,2024-09-08,09:11:05,Old,Dr. Ashwin Sadavarte,300,0,0,300,300,0,0,15,2024-09-23
10087,20240015,2024-11-26,10:10:25,Old,Dr. Ashwin Sadavarte,300,0,0,300,300,0,0,15,2024-12-11
10088,20240015,2025-01-30,09:20:37,Old,Dr. Ashwin Sadavarte,500,200,0,700,700,0,0,90,2025-04-30
10089,20240015,2025-09-07,10:47:48,Old,Dr. Ashwin Sadavarte,400,200,0,600,600,0,0,60,2025-11-06
10090,20240015,2026-03-20,10:31:38,Old,Dr. Ashwin Sadavarte,400,300,0,700,700,0,0,30,2026-04-19
10091,20240015,2026-08-25,12:39:07,Old,Dr. Ashwin Sadavarte,500,0,0,500,500,0,0,30,2026-09-24
10092,20240016,2023-11-27,09:30:15,New,Dr. Ashwin Sadavarte,400,0,0,400,400,0,0,30,2023-12-27
10093,20240016,2024-02-13,12:35:10,Old,Dr. Ashwin Sadavarte,400,0,0,400,400,0,0,30,2024-03-14
10094,20240016,2024-04-20,12:41:20,Old,Dr. Ashwin Sadavarte,400,300,0,700,700,0,0,90,2024-07-19
10095,20240016,2025-01-25,11:48:04,Old,Dr. Ashwin Sadavarte,400,0,0,400,400,0,0,30,2025-02-24
10096,20240016,2025-07-31,11:31:01,Old,Dr. Ashwin Sadavarte,500,200,0,700,700,0,0,90,2025-10-29
10097,20240016,2026-05-03,12:38:41,Old,Dr. Ashwin Sadavarte,500,0,0,500,500,0,0,15,2026-05-18
10098,20240016,2026-07-09,11:00:13,Old,Dr. Ashwin Sadavarte,400,0,0,400,400,0,0,,
10099,20240017,2026-07-29,12:59:59,New,Dr. Ashwin Sadavarte,300,0,0,300,300,0,0,15,2026-08-13
10100,20240018,2024-12-31,09:18:23,New,Dr. R. Mahalle,500,200,0,700,700,0,0,60,2025-03-01
10101,20240018,2025-02-21,10:52:44,Old,Dr. R. Mahalle,300,300,0,600,600,0,0,90,2025-05-22
10102,20240018,2025-05-05,12:19:52,Old,Dr. R. Mahalle,500,0,0,500,500,0,0,15,2025-05-20
10103,20240018,2025-07-04,12:01:24,Old,Dr. R. Mahalle,500,0,0,500,200,0,300,60,2025-09-02
10104,20240018,2025-09-21,13:21:27,Old,Dr. R. Mahalle,400,0,0,400,400,0,0,60,2025-11-20
10105,20240018,2025-11-18,11:50:44,Old,Dr. R. Mahalle,500,0,0,500,500,0,0,,
10106,20240018,2026-01-16,11:30:04,Old,Dr. R. Mahalle,500,300,0,800,800,0,0,60,2026-03-17
10107,20240018,2026-03-31,10:24:35,Old,Dr. R. Mahalle,400,200,0,600,600,0,0,60,2026-05-30
10108,20240018,2026-06-05,09:23:17,Old,Dr. R. Mahalle,300,0,0,300,300,0,0,60,2026-08-04
10109,20240018,2026-08-21,10:49:39,Old,Dr. R. Mahalle,500,200,0,700,700,0,0,30,2026-09-20
10110,20240019,2024-08-11,11:03:27,New,Dr. R. Mahalle,500,300,0,800,800,0,0,30,2024-09-10
10111,20240019,2024-10-10,13:48:17,Old,Dr. R. Mahalle,300,0,0,300,300,0,0,30,2024-11-09
10112,20240019,2024-12-20,10:17:06,Old,Dr. R. Mahalle,500,0,0,500,500,0,0,60,2025-02-18
10113,20240019,2025-02-12,10:45:18,Old,Dr. R. Mahalle,400,0,0,400,400,0,0,30,2025-03-14
10114,20240019,2025-04-13,10:05:39,Old,Dr. R. Mahalle,300,0,0,300,300,0,0,15,2025-04-28
10115,20240019,2025-06-07,10:49:17,Old,Dr. R. Mahalle,300,0,0,300,300,0,0,30,2025-07-07
10116,20240019,2025-08-10,12:41:33,Old,Dr. R. Mahalle,500,200,0,700,700,0,0,60,2025-10-09
10117,20240019,2025-10-27,11:25:15,Old,Dr. R. Mahalle,500,0,0,500,500,0,0,60,2025-12-26
10118,20240019,2026-01-04,11:52:32,Old,Dr. R. Mahalle,400,0,0,400,400,0,0,,
10119,20240020,2024-02-16,12:51:52,New,Dr. Ashwin Sadavarte,300,200,0,500,500,0,0,30,2024-03-17
10120,20240020,2024-03-30,09:37:19,Old,Dr. Ashwin Sadavarte,400,200,0,600,100,0,500,60,2024-05-29
10121,20240020,2024-05-15,11:15:39,Old,Dr. Ashwin Sadavarte,400,200,0,600,600,0,0,30,2024-06-14
10122,20240020,2024-06-23,10:50:10,Old,Dr. Ashwin Sadavarte,300,0,0,300,300,0,0,60,2024-08-22
10123,20240020,2024-08-07,10:02:05,Old,Dr. Ashwin Sadavarte,300,200,0,500,500,0,0,30,2024-09-06
10124,20240020,2024-09-21,12:42:20,Old,Dr. Ashwin Sadavarte,400,0,0,400,400,0,0,,
10125,20240020,2024-10-31,13:12:13,Old,Dr. Ashwin Sadavarte,400,0,0,400,400,0,0,30,2024-11-30
10126,20240020,2024-12-08,09:52:14,Old,Dr. Ashwin Sadavarte,400,0,0,400,400,0,0,30,2025-01-07
10127,20240020,2025-01-01,10:59:24,Old,Dr. Ashwin Sadavarte,500,0,0,500,500,0,0,90,2025-04-01
10128,20240020,2025-01-27,10:55:07,Old,Dr. Ashwin Sadavarte,500,0,0,500,500,0,0,60,2025-03-28
10129,20240020,2025-03-16,12:50:48,Old,Dr. Ashwin Sadavarte,500,0,0,500,500,0,0,,
10130,20240020,2025-04-19,11:42:08,Old,Dr. Ashwin Sadavarte,300,0,0,300,300,0,0,30,2025-05-19
10131,20240020,2025-05-21,09:14:03,Old,Dr. Ashwin Sadavarte,300,300,0,600,600,0,0,15,2025-06-05
10132,20240020,2025-07-03,10:10:47,Old,Dr. Ashwin Sadavarte,500,0,0,500,500,0,0,15,2025-07-18
10133,20240020,2025-08-16,13:07:42,Old,Dr. Ashwin Sadavarte,300,300,0,600,600,0,0,90,2025-11-14
10134,20240020,2025-09-21,12:24:42,Old,Dr. Ashwin Sadavarte,300,0,0,300,300,0,0,90,2025-12-20
10135,20240020,2025-11-05,12:17:10,Old,Dr. Ashwin Sadavarte,500,0,0,500,500,0,0,30,2025-12-05
10136,20240020,2025-12-20,13:58:11,Old,Dr. Ashwin Sadavarte,500,300,0,800,800,0,0,90,2026-03-20
10137,20240020,2026-01-31,11:30:48,Old,Dr. Ashwin Sadavarte,400,0,0,400,400,0,0,,
10138,20240020,2026-03-02,10:02:30,Old,Dr. Ashwin Sadavarte,500,300,0,800,800,0,0,30,2026-04-01
10139,20240020,2026-03-28,10:52:13,Old,Dr. Ashwin Sadavarte,300,0,0,300,300,0,0,30,2026-04-27
10140,20240020,2026-04-23,13:57:59,Old,Dr. Ashwin Sadavarte,500,300,0,800,800,0,0,60,2026-06-22
10141,20240020,2026-06-08,13:34:56,Old,Dr. Ashwin Sadavarte,300,0,0,300,300,0,0,30,2026-07-08
10142,20240020,2026-07-06,13:05:47,Old,Dr. Ashwin Sadavarte,500,200,0,700,700,0,0,30,2026-08-05
10143,20240020,2026-07-30,13:01:46,Old,Dr. Ashwin Sadavarte,500,0,0,500,500,0,0,60,2026-09-28
10144,20240020,2026-09-09,11:23:42,Old,Dr. Ashwin Sadavarte,400,300,0,700,700,0,0,30,2026-10-09
10145,20240021,2024-02-01,11:05:29,New,Dr. Ashwin Sadavarte,300,0,0,300,300,0,0,60,2024-04-01
10146,20240021,2024-03-06,12:24:19,Old,Dr. Ashwin Sadavarte,300,0,0,300,300,0,0,30,2024-04-05
10147,20240021,2024-04-05,09:54:18,Old,Dr. Ashwin Sadavarte,500,0,0,500,500,0,0,15,2024-04-20
10148,20240021,2024-05-04,12:54:02,Old,Dr. Ashwin Sadavarte,400,0,0,400,400,0,0,90,2024-08-02
10149,20240021,2024-05-30,13:07:46,Old,Dr. Ashwin Sadavarte,400,0,0,400,400,0,0,60,2024-07-29
10150,20240021,2024-07-12,10:13:38,Old,Dr. Ashwin Sadavarte,400,0,0,400,400,0,0,30,2024-08-11
10151,20240021,2024-08-05,09:07:47,Old,Dr. Ashwin Sadavarte,500,0,0,500,500,0,0,,
10152,20240021,2024-08-31,10:39:13,Old,Dr. Ashwin Sadavarte,400,300,0,700,700,0,0,60,2024-10-30
10153,20240021,2024-10-14,13:37:45,Old,Dr. Ashwin Sadavarte,300,300,0,600,600,0,0,60,2024-12-13
10154,20240021,2024-11-17,10:18:49,Old,Dr. Ashwin Sadavarte,300,0,0,300,300,0,0,30,2024-12-17
10155,20240021,2024-12-28,13:48:01,Old,Dr. Ashwin Sadavarte,500,0,0,500,500,0,0,,
10156,20240021,2025-02-09,09:16:53,Old,Dr. Ashwin Sadavarte,500,0,0,500,500,0,0,30,2025-03-11
10157,20240021,2025-03-12,09:03:04,Old,Dr. Ashwin Sadavarte,500,0,0,500,500,0,0,30,2025-04-11
10158,20240021,2025-04-26,12:48:55,Old,Dr. Ashwin Sadavarte,500,200,0,700,700,0,0,15,2025-05-11
10159,20240022,2024-12-29,13:18:19,New,Dr. R. Mahalle,300,200,0,500,500,0,0,30,2025-01-28
10160,20240022,2025-10-22,09:40:12,Old,Dr. R. Mahalle,500,300,0,800,800,0,0,,
10161,20240022,2026-03-26,09:29:30,Old,Dr. R. Mahalle,500,200,0,700,700,0,0,60,2026-05-25
10162,20240022,2026-05-24,13:41:49,Old,Dr. R. Mahalle,500,0,0,500,500,0,0,60,2026-07-23
10163,20240022,2026-07-22,13:32:35,Old,Dr. R. Mahalle,400,300,0,700,700,0,0,30,2026-08-21
10164,20240023,2023-10-25,12:12:08,New,Dr. Ashwin Sadavarte,500,200,0,700,700,0,0,30,2023-11-24
10165,20240023,2024-05-13,10:21:33,Old,Dr. Ashwin Sadavarte,300,200,0,500,0,0,500,60,2024-07-12
10166,20240023,2025-01-10,10:03:12,Old,Dr. Ashwin Sadavarte,300,200,0,500,500,0,0,15,2025-01-25
10167,20240023,2025-03-27,09:02:49,Old,Dr. Ashwin Sadavarte,500,0,0,500,500,0,0,30,2025-04-26
10168,20240023,2025-05-30,12:26:03,Old,Dr. Ashwin Sadavarte,400,300,0,700,700,0,0,,
10169,20240023,2025-07-31,10:59:54,Old,Dr. Ashwin Sadavarte,300,200,0,500,0,0,500,,
10170,20240023,2026-01-18,10:43:06,Old,Dr. Ashwin Sadavarte,500,200,0,700,700,0,0,90,2026-04-18
10171,20240024,2024-05-27,11:35:40,New,Dr. Ashwin Sadavarte,400,200,0,600,600,0,0,30,2024-06-26
10172,20240024,2024-08-02,13:36:58,Old,Dr. Ashwin Sadavarte,400,0,0,400,400,0,0,15,2024-08-17
10173,20240024,2024-09-28,12:18:15,Old,Dr. Ashwin Sadavarte,400,0,0,400,400,0,0,90,2024-12-27
10174,20240024,2024-11-25,09:16:48,Old,Dr. Ashwin Sadavarte,500,0,0,500,500,0,0,15,2024-12-10
10175,20240024,2025-02-07,13:12:03,Old,Dr. Ashwin Sadavarte,400,0,0,400,400,0,0,30,2025-03-09
10176,20240024,2025-04-17,10:02:18,Old,Dr. Ashwin Sadavarte,300,0,0,300,200,0,100,60,2025-06-16
10177,20240024,2025-06-22,09:51:47,Old,Dr. Ashwin Sadavarte,500,200,0,700,700,0,0,30,2025-07-22
10178,20240024,2025-08-24,13:31:17,Old,Dr. Ashwin Sadavarte,500,0,0,500,500,0,0,30,2025-09-23
10179,20240024,2025-10-15,12:23:27,Old,Dr. Ashwin Sadavarte,400,200,0,600,600,0,0,,
10180,20240024,2025-12-23,11:28:06,Old,Dr. Ashwin Sadavarte,500,0,0,500,500,0,0,15,2026-01-07
10181,20240024,2026-02-18,09:13:07,Old,Dr. Ashwin Sadavarte,400,300,0,700,700,0,0,90,2026-05-19
10182,20240024,2026-05-05,11:37:15,Old,Dr. Ashwin Sadavarte,300,0,0,300,300,0,0,60,2026-07-04
10183,20240024,2026-07-11,10:31:18,Old,Dr. Ashwin Sadavarte,400,200,0,600,0,0,600,15,2026-07-26
10184,20240024,2026-09-13,09:53:10,Old,Dr. Ashwin Sadavarte,300,0,0,300,300,0,0,60,2026-11-12
10185,20240025,2025-04-30,13:09:29,New,Dr. Ashwin Sadavarte,500,200,0,700,700,0,0,30,2025-05-30
10186,20240025,2025-07-10,12:22:06,Old,Dr. Ashwin Sadavarte,500,300,0,800,800,0,0,90,2025-10-08
10187,20240025,2025-09-12,12:17:34,Old,Dr. Ashwin Sadavarte,500,0,0,500,500,0,0,30,2025-10-12
10188,20240025,2025-11-05,09:27:01,Old,Dr. Ashwin Sadavarte,500,200,0,700,700,0,0,,
10189,20240025,2026-01-20,11:48:19,Old,Dr. Ashwin Sadavarte,300,0,0,300,300,0,0,90,2026-04-20
10190,20240025,2026-04-02,12:53:35,Old,Dr. Ashwin Sadavarte,500,0,0,500,500,0,0,,
10191,20240025,2026-06-14,13:16:20,Old,Dr. Ashwin Sadavarte,400,0,0,400,400,0,0,60,2026-08-13
10192,20240025,2026-08-07,13:16:20,Old,Dr. Ashwin Sadavarte,500,0,0,500,500,0,0,60,2026-10-06
10193,20240026,2025-06-27,11:03:06,New,Dr. Ashwin Sadavarte,300,200,0,500,500,0,0,90,2025-09-25
10194,20240026,2025-09-21,12:01:06,Old,Dr. Ashwin Sadavarte,300,0,0,300,300,0,0,60,2025-11-20
10195,20240026,2025-12-19,10:36:38,Old,Dr. Ashwin Sadavarte,300,0,0,300,300,0,0,60,2026-02-17
10196,20240026,2026-04-07,10:23:16,Old,Dr. Ashwin Sadavarte,300,200,0,500,500,0,0,60,2026-06-06
10197,20240026,2026-07-23,13:46:52,Old,Dr. Ashwin Sadavarte,500,200,0,700,700,0,0,90,2026-10-21
10198,20240027,2025-02-28,13:57:04,New,Dr. Ashwin Sadavarte,400,200,0,600,600,0,0,60,2025-04-29
10199,20240027,2025-05-10,12:51:39,Old,Dr. Ashwin Sadavarte,500,0,0,500,500,0,0,,
10200,20240027,2025-07-29,12:45:16,Old,Dr. Ashwin Sadavarte,500,300,0,800,800,0,0,,
10201,20240027,2025-09-26,13:35:59,Old,Dr. Ashwin Sadavarte,500,300,0,800,200,0,600,30,2025-10-26
10202,20240027,2025-11-27,13:58:51,Old,Dr. Ashwin Sadavarte,500,300,0,800,800,0,0,15,2025-12-12
10203,20240027,2026-02-14,09:37:32,Old,Dr. Ashwin Sadavarte,500,0,0,500,500,0,0,30,2026-03-16
10204,20240027,2026-04-14,09:21:01,Old,Dr. Ashwin Sadavarte,500,200,0,700,700,0,0,,
10205,20240028,2025-07-11,12:38:29,New,Dr. R. Mahalle,500,300,0,800,800,0,0,60,2025-09-09
10206,20240028,2025-09-25,12:56:44,Old,Dr. R. Mahalle,300,0,0,300,0,0,300,30,2025-10-25
10207,20240028,2025-12-03,12:18:45,Old,Dr. R. Mahalle,400,0,0,400,400,0,0,60,2026-02-01
10208,20240028,2026-02-17,10:06:52,Old,Dr. R. Mahalle,400,0,0,400,400,0,0,90,2026-05-18
10209,20240028,2026-04-16,13:39:20,Old,Dr. R. Mahalle,300,300,0,600,600,0,0,60,2026-06-15
10210,20240028,2026-06-20,13:23:00,Old,Dr. R. Mahalle,500,0,0,500,500,0,0,,
10211,20240028,2026-08-24,09:56:32,Old,Dr. R. Mahalle,300,0,0,300,100,0,200,90,2026-11-22
10212,20240029,2023-12-30,10:26:33,New,Dr. Ashwin Sadavarte,300,0,0,300,300,0,0,,
10213,20240029,2024-03-28,09:21:21,Old,Dr. Ashwin Sadavarte,400,200,0,600,200,0,400,90,2024-06-26
10214,20240029,2024-07-09,13:24:06,Old,Dr. Ashwin Sadavarte,300,0,0,300,100,0,200,30,2024-08-08
10215,20240029,2024-10-04,09:57:05,Old,Dr. Ashwin Sadavarte,500,0,0,500,500,0,0,,
10216,20240029,2024-12-27,13:21:02,Old,Dr. Ashwin Sadavarte,400,300,0,700,700,0,0,,
10217,20240029,2025-04-02,11:04:04,Old,Dr. Ashwin Sadavarte,500,300,0,800,800,0,0,15,2025-04-17
10218,20240030,2025-03-20,12:20:16,New,Dr. Ashwin Sadavarte,300,200,0,500,500,0,0,15,2025-04-04
10219,20240030,2025-06-01,10:00:09,Old,Dr. Ashwin Sadavarte,500,200,0,700,700,0,0,,
10220,20240030,2025-07-29,12:56:01,Old,Dr. Ashwin Sadavarte,300,0,0,300,300,0,0,30,2025-08-28
10221,20240030,2025-10-07,11:35:35,Old,Dr. Ashwin Sadavarte,400,0,0,400,400,0,0,60,2025-12-06
10222,20240031,2025-12-25,10:03:16,New,Dr. Ashwin Sadavarte,500,0,0,500,500,0,0,30,2026-01-24
10223,20240032,2024-06-16,13:05:26,New,Dr. Ashwin Sadavarte,300,0,0,300,300,0,0,30,2024-07-16
10224,20240032,2024-08-07,09:23:25,Old,Dr. Ashwin Sadavarte,400,200,0,600,600,0,0,15,2024-08-22
10225,20240032,2024-10-19,13:49:12,Old,Dr. Ashwin Sadavarte,400,0,0,400,400,0,0,60,2024-12-18
10226,20240032,2025-01-05,13:54:32,Old,Dr. Ashwin Sadavarte,400,0,0,400,400,0,0,30,2025-02-04
10227,20240032,2025-02-27,11:12:52,Old,Dr. Ashwin Sadavarte,500,0,0,500,500,0,0,30,2025-03-29
10228,20240032,2025-05-01,12:25:37,Old,Dr. Ashwin Sadavarte,500,0,0,500,500,0,0,90,2025-07-30
10229,20240032,2025-07-14,11:11:48,Old,Dr. Ashwin Sadavarte,400,300,0,700,700,0,0,,
10230,20240032,2025-09-29,13:12:15,Old,Dr. Ashwin Sadavarte,300,0,0,300,300,0,0,30,2025-10-29
10231,20240033,2024-08-11,11:52:09,New,Dr. Ashwin Sadavarte,500,0,0,500,200,0,300,15,2024-08-26
10232,20240033,2024-10-09,10:36:46,Old,Dr. Ashwin Sadavarte,500,0,0,500,500,0,0,30,2024-11-08
10233,20240033,2024-12-28,10:24:38,Old,Dr. Ashwin Sadavarte,500,200,0,700,700,0,0,15,2025-01-12
10234,20240033,2025-03-04,09:48:38,Old,Dr. Ashwin Sadavarte,500,300,0,800,800,0,0,30,2025-04-03
10235,20240033,2025-05-09,10:25:42,Old,Dr. Ashwin Sadavarte,300,0,0,300,300,0,0,90,2025-08-07
10236,20240033,2025-07-14,12:37:13,Old,Dr. Ashwin Sadavarte,500,0,0,500,500,0,0,60,2025-09-12
10237,20240033,2025-09-08,13:41:29,Old,Dr. Ashwin Sadavarte,500,200,0,700,700,0,0,60,2025-11-07
10238,20240033,2025-11-17,11:36:40,Old,Dr. Ashwin Sadavarte,400,200,0,600,600,0,0,30,2025-12-17
10239,20240033,2026-01-21,10:36:44,Old,Dr. Ashwin Sadavarte,300,300,0,600,600,0,0,15,2026-02-05
10240,20240033,2026-03-26,11:48:16,Old,Dr. Ashwin Sadavarte,400,200,0,600,600,0,0,30,2026-04-25
10241,20240033,2026-06-07,13:37:54,Old,Dr. Ashwin Sadavarte,500,300,0,800,800,0,0,60,2026-08-06
10242,20240033,2026-08-08,10:46:55,Old,Dr. Ashwin Sadavarte,300,0,0,300,300,0,0,,
10243,20240034,2024-09-21,11:24:48,New,Dr. Ashwin Sadavarte,400,0,0,400,400,0,0,90,2024-12-20
10244,20240034,2024-12-03,11:11:28,Old,Dr. Ashwin Sadavarte,500,0,0,500,500,0,0,60,2025-02-01
10245,20240034,2025-02-07,09:28:54,Old,Dr. Ashwin Sadavarte,400,200,0,600,600,0,0,90,2025-05-08
10246,20240034,2025-04-22,10:10:42,Old,Dr. Ashwin Sadavarte,500,0,0,500,500,0,0,,
10247,20240034,2025-07-01,09:51:37,Old,Dr. Ashwin Sadavarte,300,0,0,300,300,0,0,15,2025-07-16
10248,20240034,2025-09-04,09:55:52,Old,Dr. Ashwin Sadavarte,500,0,0,500,500,0,0,15,2025-09-19
10249,20240034,2025-11-11,10:01:23,Old,Dr. Ashwin Sadavarte,300,300,0,600,600,0,0,30,2025-12-11
10250,20240034,2026-01-25,11:12:50,Old,Dr. Ashwin Sadavarte,300,300,0,600,600,0,0,30,2026-02-24
10251,20240034,2026-04-09,10:09:37,Old,Dr. Ashwin Sadavarte,500,0,0,500,500,0,0,15,2026-04-24
10252,20240034,2026-06-21,10:41:34,Old,Dr. Ashwin Sadavarte,300,0,0,300,300,0,0,15,2026-07-06
10253,20240034,2026-09-06,09:06:48,Old,Dr. Ashwin Sadavarte,400,200,0,600,600,0,0,60,2026-11-05
10254,20240035,2025-04-03,09:18:46,New,Dr. Ashwin Sadavarte,500,0,0,500,500,0,0,30,2025-05-03
10255,20240035,2025-06-16,09:00:22,Old,Dr. Ashwin Sadavarte,500,0,0,500,500,0,0,90,2025-09-14
10256,20240035,2025-08-20,13:44:27,Old,Dr. Ashwin Sadavarte,300,0,0,300,300,0,0,60,2025-10-19
10257,20240035,2025-11-05,10:45:38,Old,Dr. Ashwin Sadavarte,500,0,0,500,500,0,0,90,2026-02-03
10258,20240035,2025-12-31,13:44:07,Old,Dr. Ashwin Sadavarte,400,0,0,400,400,0,0,60,2026-03-01
10259,20240035,2026-02-26,09:48:28,Old,Dr. Ashwin Sadavarte,500,200,0,700,700,0,0,30,2026-03-28
10260,20240035,2026-04-21,11:07:26,Old,Dr. Ashwin Sadavarte,300,300,0,600,600,0,0,60,2026-06-20
10261,20240035,2026-06-18,13:11:17,Old,Dr. Ashwin Sadavarte,500,0,0,500,500,0,0,60,2026-08-17
10262,20240035,2026-08-14,11:46:24,Old,Dr. Ashwin Sadavarte,300,0,0,300,300,0,0,,
10263,20240036,2023-11-19,09:16:31,New,Dr. Ashwin Sadavarte,300,0,0,300,300,0,0,30,2023-12-19
10264,20240036,2023-12-23,10:40:29,Old,Dr. Ashwin Sadavarte,500,200,0,700,700,0,0,,
10265,20240036,2024-01-29,09:33:54,Old,Dr. Ashwin Sadavarte,300,0,0,300,300,0,0,60,2024-03-29
10266,20240036,2024-02-28,13:13:02,Old,Dr. Ashwin Sadavarte,400,0,0,400,400,0,0,30,2024-03-29
10267,20240036,2024-04-11,13:04:22,Old,Dr. Ashwin Sadavarte,500,300,0,800,800,0,0,60,2024-06-10
10268,20240036,2024-05-13,09:22:27,Old,Dr. Ashwin Sadavarte,300,0,0,300,300,0,0,60,2024-07-12
10269,20240036,2024-06-17,10:53:59,Old,Dr. Ashwin Sadavarte,500,0,0,500,500,0,0,30,2024-07-17
10270,20240036,2024-07-26,13:03:11,Old,Dr. Ashwin Sadavarte,300,300,0,600,600,0,0,60,2024-09-24
10271,20240036,2024-09-14,13:31:53,Old,Dr. Ashwin Sadavarte,300,0,0,300,300,0,0,60,2024-11-13
10272,20240036,2024-10-18,11:47:32,Old,Dr. Ashwin Sadavarte,400,0,0,400,400,0,0,30,2024-11-17
10273,20240036,2024-12-05,12:02:36,Old,Dr. Ashwin Sadavarte,400,0,0,400,400,0,0,30,2025-01-04
10274,20240036,2025-01-07,11:15:51,Old,Dr. Ashwin Sadavarte,400,300,0,700,700,0,0,60,2025-03-08
10275,20240036,2025-02-03,10:30:31,Old,Dr. Ashwin Sadavarte,500,0,0,500,500,0,0,15,2025-02-18
10276,20240036,2025-03-06,11:26:53,Old,Dr. Ashwin Sadavarte,500,0,0,500,500,0,0,30,2025-04-05
10277,20240036,2025-03-29,09:26:31,Old,Dr. Ashwin Sadavarte,500,200,0,700,700,0,0,15,2025-04-13
10278,20240036,2025-05-02,10:37:32,Old,Dr. Ashwin Sadavarte,500,0,0,500,500,0,0,30,2025-06-01
10279,20240037,2025-05-18,10:10:17,New,Dr. Ashwin Sadavarte,500,0,0,500,500,0,0,60,2025-07-17
10280,20240037,2025-08-05,09:06:34,Old,Dr. Ashwin Sadavarte,500,0,0,500,500,0,0,90,2025-11-03
10281,20240037,2026-01-10,12:46:08,Old,Dr. Ashwin Sadavarte,300,200,0,500,500,0,0,30,2026-02-09
10282,20240037,2026-03-26,12:36:02,Old,Dr. Ashwin Sadavarte,300,0,0,300,300,0,0,15,2026-04-10
10283,20240037,2026-05-31,09:41:25,Old,Dr. Ashwin Sadavarte,300,0,0,300,300,0,0,,
10284,20240038,2025-04-24,10:13:29,New,Dr. Ashwin Sadavarte,400,300,0,700,700,0,0,60,2025-06-23
10285,20240039,2024-12-03,10:12:47,New,Dr. Ashwin Sadavarte,300,0,0,300,300,0,0,30,2025-01-02
10286,20240039,2025-02-10,13:05:07,Old,Dr. Ashwin Sadavarte,500,300,0,800,800,0,0,15,2025-02-25
10287,20240039,2025-04-11,11:24:15,Old,Dr. Ashwin Sadavarte,300,300,0,600,600,0,0,,
10288,20240039,2025-06-18,11:48:15,Old,Dr. Ashwin Sadavarte,300,0,0,300,300,0,0,90,2025-09-16
10289,20240039,2025-08-22,13:56:04,Old,Dr. Ashwin Sadavarte,300,0,0,300,300,0,0,60,2025-10-21
10290,20240039,2025-10-21,12:07:56,Old,Dr. Ashwin Sadavarte,400,300,0,700,700,0,0,,
10291,20240039,2025-12-26,09:31:47,Old,Dr. Ashwin Sadavarte,400,300,0,700,700,0,0,90,2026-03-26
10292,20240039,2026-02-17,10:16:15,Old,Dr. Ashwin Sadavarte,500,0,0,500,500,0,0,30,2026-03-19
10293,20240039,2026-04-26,11:50:39,Old,Dr. Ashwin Sadavarte,400,300,0,700,700,0,0,60,2026-06-25
10294,20240039,2026-06-22,11:51:13,Old,Dr. Ashwin Sadavarte,300,0,0,300,300,0,0,30,2026-07-22
10295,20240039,2026-08-16,09:54:42,Old,Dr. Ashwin Sadavarte,500,0,0,500,500,0,0,15,2026-08-31
10296,20240040,2025-07-22,13:52:37,New,Dr. R. Mahalle,300,0,0,300,300,0,0,90,2025-10-20
10297,20240041,2025-02-17,12:21:14,New,Dr. R. Mahalle,300,0,0,300,300,0,0,30,2025-03-19
10298,20240041,2025-05-01,13:40:24,Old,Dr. R. Mahalle,300,0,0,300,300,0,0,30,2025-05-31
10299,20240041,2025-07-14,09:25:37,Old,Dr. R. Mahalle,300,200,0,500,0,0,500,30,2025-08-13
10300,20240042,2023-10-31,11:48:51,New,Dr. Ashwin Sadavarte,400,0,0,400,400,0,0,15,2023-11-15
10301,20240042,2024-01-09,10:35:21,Old,Dr. Ashwin Sadavarte,400,0,0,400,400,0,0,60,2024-03-09
10302,20240042,2024-03-05,09:28:06,Old,Dr. Ashwin Sadavarte,400,0,0,400,400,0,0,60,2024-05-04
10303,20240042,2024-05-05,11:16:49,Old,Dr. Ashwin Sadavarte,300,0,0,300,300,0,0,60,2024-07-04
10304,20240042,2024-07-13,09:51:16,Old,Dr. Ashwin Sadavarte,400,300,0,700,700,0,0,60,2024-09-11
10305,20240042,2024-09-30,11:26:28,Old,Dr. Ashwin Sadavarte,300,0,0,300,300,0,0,30,2024-10-30
10306,20240042,2024-11-30,09:31:06,Old,Dr. Ashwin Sadavarte,500,200,0,700,700,0,0,30,2024-12-30
10307,20240042,2025-02-06,11:11:43,Old,Dr. Ashwin Sadavarte,500,300,0,800,800,0,0,,
10308,20240042,2025-04-01,10:58:35,Old,Dr. Ashwin Sadavarte,400,200,0,600,600,0,0,60,2025-05-31
10309,20240042,2025-05-30,10:37:31,Old,Dr. Ashwin Sadavarte,500,0,0,500,500,0,0,30,2025-06-29
10310,20240042,2025-07-21,10:22:12,Old,Dr. Ashwin Sadavarte,500,0,0,500,500,0,0,,
10311,20240042,2025-09-11,13:01:22,Old,Dr. Ashwin Sadavarte,500,200,0,700,700,0,0,30,2025-10-11
10312,20240042,2025-11-11,12:21:39,Old,Dr. Ashwin Sadavarte,500,0,0,500,500,0,0,30,2025-12-11
10313,20240042,2026-01-05,11:03:12,Old,Dr. Ashwin Sadavarte,400,0,0,400,400,0,0,,
10314,20240042,2026-03-21,10:23:44,Old,Dr. Ashwin Sadavarte,300,0,0,300,300,0,0,90,2026-06-19
10315,20240043,2023-12-01,11:47:33,New,Dr. Ashwin Sadavarte,400,300,0,700,700,0,0,,
10316,20240043,2024-03-03,11:47:23,Old,Dr. Ashwin Sadavarte,400,0,0,400,400,0,0,30,2024-04-02
10317,20240043,2024-05-27,10:50:10,Old,Dr. Ashwin Sadavarte,500,0,0,500,500,0,0,30,2024-06-26
10318,20240043,2024-08-28,09:47:48,Old,Dr. Ashwin Sadavarte,300,0,0,300,300,0,0,15,2024-09-12
10319,20240043,2024-12-15,09:20:25,Old,Dr. Ashwin Sadavarte,500,0,0,500,500,0,0,15,2024-12-30
10320,20240043,2025-03-26,10:50:26,Old,Dr. Ashwin Sadavarte,500,0,0,500,500,0,0,30,2025-04-25
10321,20240043,2025-06-17,12:51:04,Old,Dr. Ashwin Sadavarte,500,0,0,500,500,0,0,30,2025-07-17
10322,20240044,2024-03-05,12:53:48,New,Dr. Ashwin Sadavarte,500,0,0,500,500,0,0,,
10323,20240044,2024-05-03,09:16:43,Old,Dr. Ashwin Sadavarte,500,0,0,500,500,0,0,15,2024-05-18
10324,20240044,2024-07-02,12:35:59,Old,Dr. Ashwin Sadavarte,500,200,0,700,700,0,0,30,2024-08-01
10325,20240044,2024-09-03,12:44:50,Old,Dr. Ashwin Sadavarte,300,0,0,300,300,0,0,90,2024-12-02
10326,20240044,2024-11-07,09:44:29,Old,Dr. Ashwin Sadavarte,400,300,0,700,700,0,0,90,2025-02-05
10327,20240044,2025-01-22,10:31:07,Old,Dr. Ashwin Sadavarte,300,300,0,600,600,0,0,60,2025-03-23
10328,20240044,2025-03-25,11:52:34,Old,Dr. Ashwin Sadavarte,500,0,0,500,500,0,0,,
10329,20240044,2025-06-10,11:56:41,Old,Dr. Ashwin Sadavarte,400,0,0,400,400,0,0,90,2025-09-08
10330,20240044,2025-08-07,13:10:38,Old,Dr. Ashwin Sadavarte,400,0,0,400,400,0,0,15,2025-08-22
10331,20240044,2025-10-14,11:17:17,Old,Dr. Ashwin Sadavarte,300,200,0,500,500,0,0,90,2026-01-12
10332,20240044,2025-12-31,10:00:11,Old,Dr. Ashwin Sadavarte,300,0,0,300,300,0,0,,
10333,20240044,2026-03-05,13:34:09,Old,Dr. Ashwin Sadavarte,400,0,0,400,400,0,0,,
10334,20240044,2026-05-14,11:11:38,Old,Dr. Ashwin Sadavarte,300,0,0,300,300,0,0,90,2026-08-12
10335,20240044,2026-07-13,09:15:16,Old,Dr. Ashwin Sadavarte,400,200,0,600,600,0,0,30,2026-08-12
10336,20240044,2026-09-17,11:46:59,Old,Dr. Ashwin Sadavarte,500,0,0,500,500,0,0,90,2026-12-16
10337,20240045,2024-11-01,13:27:36,New,Dr. Ashwin Sadavarte,400,200,0,600,600,0,0,60,2024-12-31
10338,20240045,2025-01-26,13:48:42,Old,Dr. Ashwin Sadavarte,300,0,0,300,300,0,0,30,2025-02-25
10339,20240045,2025-05-06,10:49:14,Old,Dr. Ashwin Sadavarte,500,300,0,800,800,0,0,60,2025-07-05
10340,20240045,2025-08-22,11:24:12,Old,Dr. Ashwin Sadavarte,500,0,0,500,500,0,0,60,2025-10-21
10341,20240045,2026-05-21,09:48:15,Old,Dr. Ashwin Sadavarte,400,0,0,400,400,0,0,30,2026-06-20
10342,20240045,2026-08-23,13:44:21,Old,Dr. Ashwin Sadavarte,300,200,0,500,500,0,0,15,2026-09-07
10343,20240046,2026-08-10,09:38:41,New,Dr. Ashwin Sadavarte,300,0,0,300,300,0,0,60,2026-10-09
10344,20240047,2024-06-04,12:33:25,New,Dr. Ashwin Sadavarte,400,0,0,400,400,0,0,60,2024-08-03
10345,20240047,2024-08-02,10:01:38,Old,Dr. Ashwin Sadavarte,300,0,0,300,300,0,0,90,2024-10-31
10346,20240047,2024-10-03,11:51:17,Old,Dr. Ashwin Sadavarte,400,0,0,400,400,0,0,,
10347,20240047,2024-12-16,11:56:53,Old,Dr. Ashwin Sadavarte,500,0,0,500,500,0,0,30,2025-01-15
10348,20240047,2025-03-02,11:34:27,Old,Dr. Ashwin Sadavarte,300,200,0,500,500,0,0,60,2025-05-01
10349,20240047,2025-05-11,09:20:27,Old,Dr. Ashwin Sadavarte,500,0,0,500,500,0,0,30,2025-06-10
10350,20240047,2025-07-14,12:37:03,Old,Dr. Ashwin Sadavarte,500,0,0,500,500,0,0,15,2025-07-29
10351,20240047,2025-09-04,10:15:47,Old,Dr. Ashwin Sadavarte,400,200,0,600,600,0,0,,
10352,20240047,2025-11-06,12:18:16,Old,Dr. Ashwin Sadavarte,300,0,0,300,300,0,0,60,2026-01-05
10353,20240047,2026-01-04,09:16:44,Old,Dr. Ashwin Sadavarte,500,0,0,500,500,0,0,30,2026-02-03
10354,20240047,2026-02-25,10:35:14,Old,Dr. Ashwin Sadavarte,500,300,0,800,800,0,0,60,2026-04-26
10355,20240047,2026-04-22,12:00:13,Old,Dr. Ashwin Sadavarte,500,200,0,700,700,0,0,30,2026-05-22
10356,20240047,2026-07-06,10:23:36,Old,Dr. Ashwin Sadavarte,300,200,0,500,500,0,0,60,2026-09-04
10357,20240047,2026-09-08,13:45:17,Old,Dr. Ashwin Sadavarte,500,200,0,700,700,0,0,60,2026-11-07
10358,20240048,2024-01-27,12:47:32,New,Dr. Ashwin Sadavarte,300,0,0,300,300,0,0,90,2024-04-26
10359,20240048,2024-03-10,13:17:36,Old,Dr. Ashwin Sadavarte,500,200,0,700,700,0,0,30,2024-04-09
10360,20240048,2024-04-28,11:21:31,Old,Dr. Ashwin Sadavarte,500,300,0,800,800,0,0,60,2024-06-27
10361,20240048,2024-05-23,11:04:49,Old,Dr. Ashwin Sadavarte,300,0,0,300,300,0,0,30,2024-06-22
10362,20240048,2024-06-24,13:14:01,Old,Dr. Ashwin Sadavarte,300,300,0,600,600,0,0,90,2024-09-22
10363,20240048,2024-08-04,12:48:44,Old,Dr. Ashwin Sadavarte,400,0,0,400,400,0,0,15,2024-08-19
10364,20240048,2024-09-04,10:21:33,Old,Dr. Ashwin Sadavarte,400,300,0,700,700,0,0,,
10365,20240048,2024-10-13,11:06:36,Old,Dr. Ashwin Sadavarte,500,200,0,700,700,0,0,90,2025-01-11
10366,20240048,2024-11-14,13:59:57,Old,Dr. Ashwin Sadavarte,500,0,0,500,500,0,0,30,2024-12-14
10367,20240048,2024-12-13,10:30:43,Old,Dr. Ashwin Sadavarte,300,0,0,300,300,0,0,60,2025-02-11
10368,20240048,2025-01-12,09:53:28,Old,Dr. Ashwin Sadavarte,500,300,0,800,800,0,0,,
10369,20240048,2025-02-03,10:15:37,Old,Dr. Ashwin Sadavarte,500,200,0,700,700,0,0,,
10370,20240048,2025-02-25,12:24:45,Old,Dr. Ashwin Sadavarte,500,200,0,700,700,0,0,15,2025-03-12
10371,20240048,2025-04-10,09:26:31,Old,Dr. Ashwin Sadavarte,300,0,0,300,300,0,0,60,2025-06-09
10372,20240048,2025-05-04,11:40:02,Old,Dr. Ashwin Sadavarte,300,0,0,300,300,0,0,90,2025-08-02
10373,20240048,2025-05-31,11:54:03,Old,Dr. Ashwin Sadavarte,300,0,0,300,200,0,100,90,2025-08-29
10374,20240048,2025-07-13,10:08:39,Old,Dr. Ashwin Sadavarte,400,0,0,400,400,0,0,60,2025-09-11
10375,20240048,2025-08-18,13:27:51,Old,Dr. Ashwin Sadavarte,500,0,0,500,500,0,0,90,2025-11-16
10376,20240048,2025-09-22,09:41:53,Old,Dr. Ashwin Sadavarte,300,200,0,500,500,0,0,90,2025-12-21
10377,20240048,2025-11-06,13:24:45,Old,Dr. Ashwin Sadavarte,400,0,0,400,400,0,0,90,2026-02-04
10378,20240048,2025-12-20,09:06:30,Old,Dr. Ashwin Sadavarte,400,0,0,400,400,0,0,60,2026-02-18
10379,20240048,2026-02-08,11:47:57,Old,Dr. Ashwin Sadavarte,300,0,0,300,300,0,0,60,2026-04-09
10380,20240048,2026-03-07,12:30:09,Old,Dr. Ashwin Sadavarte,400,0,0,400,400,0,0,30,2026-04-06
10381,20240048,2026-04-02,09:18:00,Old,Dr. Ashwin Sadavarte,300,0,0,300,300,0,0,30,2026-05-02
10382,20240048,2026-04-30,09:02:39,Old,Dr. Ashwin Sadavarte,500,0,0,500,500,0,0,60,2026-06-29
10383,20240048,2026-06-17,10:32:27,Old,Dr. Ashwin Sadavarte,300,0,0,300,300,0,0,15,2026-07-02
10384,20240048,2026-07-27,13:09:01,Old,Dr. Ashwin Sadavarte,400,0,0,400,400,0,0,15,2026-08-11
10385,20240048,2026-09-03,11:34:19,Old,Dr. Ashwin Sadavarte,300,0,0,300,300,0,0,15,2026-09-18
10386,20240049,2023-12-07,12:10:23,New,Dr. Ashwin Sadavarte,400,200,0,600,600,0,0,15,2023-12-22
10387,20240049,2024-02-04,11:13:42,Old,Dr. Ashwin Sadavarte,300,300,0,600,100,0,500,60,2024-04-04
10388,20240049,2024-04-10,12:52:30,Old,Dr. Ashwin Sadavarte,300,0,0,300,300,0,0,15,2024-04-25
10389,20240049,2024-06-16,12:45:18,Old,Dr. Ashwin Sadavarte,300,0,0,300,300,0,0,90,2024-09-14
10390,20240049,2024-09-03,12:58:42,Old,Dr. Ashwin Sadavarte,300,0,0,300,0,0,300,30,2024-10-03
10391,20240049,2024-11-02,09:56:39,Old,Dr. Ashwin Sadavarte,400,300,0,700,200,0,500,,
10392,20240049,2025-01-10,09:37:43,Old,Dr. Ashwin Sadavarte,300,0,0,300,300,0,0,15,2025-01-25
10393,20240049,2025-09-20,09:15:35,Old,Dr. Ashwin Sadavarte,400,200,0,600,600,0,0,60,2025-11-19
10394,20240049,2026-05-29,12:35:16,Old,Dr. Ashwin Sadavarte,400,0,0,400,400,0,0,90,2026-08-27
10395,20240049,2026-08-15,11:42:58,Old,Dr. Ashwin Sadavarte,500,0,0,500,500,0,0,90,2026-11-13
10396,20240050,2025-07-19,11:00:34,New,Dr. Ashwin Sadavarte,300,0,0,300,300,0,0,30,2025-08-18
10397,20240050,2025-10-22,09:50:59,Old,Dr. Ashwin Sadavarte,500,300,0,800,800,0,0,90,2026-01-20
10398,20240050,2026-01-17,13:26:51,Old,Dr. Ashwin Sadavarte,300,0,0,300,300,0,0,60,2026-03-18
10399,20240051,2023-11-12,09:59:14,New,Dr. R. Mahalle,400,0,0,400,400,0,0,60,2024-01-11
10400,20240051,2024-02-02,10:15:47,Old,Dr. R. Mahalle,300,300,0,600,600,0,0,,
10401,20240051,2024-05-06,12:36:51,Old,Dr. R. Mahalle,300,200,0,500,500,0,0,60,2024-07-05
10402,20240051,2024-07-29,12:11:57,Old,Dr. R. Mahalle,300,0,0,300,300,0,0,30,2024-08-28
10403,20240051,2024-11-11,12:38:13,Old,Dr. R. Mahalle,500,0,0,500,500,0,0,30,2024-12-11
10404,20240051,2025-02-02,10:13:23,Old,Dr. R. Mahalle,300,300,0,600,600,0,0,15,2025-02-17
10405,20240051,2025-05-07,13:51:57,Old,Dr. R. Mahalle,500,200,0,700,700,0,0,15,2025-05-22
10406,20240051,2025-08-07,11:11:42,Old,Dr. R. Mahalle,500,200,0,700,700,0,0,,
10407,20240051,2025-11-10,12:40:27,Old,Dr. R. Mahalle,300,200,0,500,500,0,0,60,2026-01-09
10408,20240051,2026-02-14,10:36:48,Old,Dr. R. Mahalle,300,200,0,500,500,0,0,90,2026-05-15
10409,20240051,2026-05-14,11:57:13,Old,Dr. R. Mahalle,500,0,0,500,500,0,0,30,2026-06-13
10410,20240051,2026-08-11,11:59:48,Old,Dr. R. Mahalle,400,0,0,400,400,0,0,,
10411,20240052,2023-11-06,10:23:07,New,Dr. Ashwin Sadavarte,500,300,0,800,800,0,0,60,2024-01-05
10412,20240052,2024-02-14,10:42:08,Old,Dr. Ashwin Sadavarte,300,200,0,500,500,0,0,60,2024-04-14
10413,20240052,2024-05-14,13:10:44,Old,Dr. Ashwin Sadavarte,400,300,0,700,700,0,0,60,2024-07-13
10414,20240052,2024-08-12,11:18:25,Old,Dr. Ashwin Sadavarte,300,0,0,300,300,0,0,90,2024-11-10
10415,20240052,2025-02-10,09:06:59,Old,Dr. Ashwin Sadavarte,300,0,0,300,300,0,0,60,2025-04-11
10416,20240052,2025-05-12,12:52:53,Old,Dr. Ashwin Sadavarte,300,0,0,300,300,0,0,,
10417,20240052,2025-08-27,10:34:23,Old,Dr. Ashwin Sadavarte,400,200,0,600,600,0,0,60,2025-10-26
10418,20240052,2026-04-01,10:00:09,Old,Dr. Ashwin Sadavarte,500,0,0,500,500,0,0,60,2026-05-31
10419,20240053,2025-02-06,12:12:00,New,Dr. Ashwin Sadavarte,500,200,0,700,700,0,0,90,2025-05-07
10420,20240053,2025-05-24,13:46:43,Old,Dr. Ashwin Sadavarte,400,0,0,400,400,0,0,60,2025-07-23
10421,20240053,2025-08-29,09:21:31,Old,Dr. Ashwin Sadavarte,400,0,0,400,400,0,0,30,2025-09-28
10422,20240053,2025-12-04,10:14:20,Old,Dr. Ashwin Sadavarte,500,200,0,700,700,0,0,30,2026-01-03
10423,20240053,2026-03-10,10:18:00,Old,Dr. Ashwin Sadavarte,500,0,0,500,100,0,400,30,2026-04-09
10424,20240053,2026-06-23,13:52:38,Old,Dr. Ashwin Sadavarte,300,0,0,300,300,0,0,15,2026-07-08
10425,20240054,2025-04-27,10:42:27,New,Dr. R. Mahalle,500,0,0,500,500,0,0,60,2025-06-26
10426,20240054,2025-05-30,10:11:27,Old,Dr. R. Mahalle,400,200,0,600,600,0,0,30,2025-06-29
10427,20240054,2025-07-12,09:35:53,Old,Dr. R. Mahalle,500,200,0,700,700,0,0,30,2025-08-11
10428,20240055,2024-09-14,12:22:40,New,Dr. Ashwin Sadavarte,300,300,0,600,200,0,400,90,2024-12-13
10429,20240055,2024-12-06,09:00:50,Old,Dr. Ashwin Sadavarte,500,0,0,500,500,0,0,90,2025-03-06
10430,20240055,2025-02-27,12:43:49,Old,Dr. Ashwin Sadavarte,400,300,0,700,700,0,0,30,2025-03-29
10431,20240055,2025-06-16,12:40:10,Old,Dr. Ashwin Sadavarte,500,0,0,500,500,0,0,,
10432,20240055,2025-09-26,11:19:15,Old,Dr. Ashwin Sadavarte,500,0,0,500,500,0,0,60,2025-11-25
10433,20240055,2025-12-28,11:42:40,Old,Dr. Ashwin Sadavarte,500,0,0,500,500,0,0,30,2026-01-27
10434,20240055,2026-04-13,10:52:14,Old,Dr. Ashwin Sadavarte,300,200,0,500,500,0,0,,
10435,20240055,2026-07-05,12:57:11,Old,Dr. Ashwin Sadavarte,500,200,0,700,700,0,0,30,2026-08-04
10436,20240056,2024-07-25,09:42:20,New,Dr. R. Mahalle,400,0,0,400,0,0,400,30,2024-08-24
10437,20240056,2024-10-09,11:02:45,Old,Dr. R. Mahalle,400,200,0,600,100,0,500,15,2024-10-24
10438,20240056,2024-12-21,10:06:15,Old,Dr. R. Mahalle,300,300,0,600,600,0,0,,
10439,20240056,2025-02-18,09:20:01,Old,Dr. R. Mahalle,400,200,0,600,600,0,0,,
10440,20240056,2025-05-03,12:27:49,Old,Dr. R. Mahalle,400,200,0,600,600,0,0,,
10441,20240056,2025-07-08,10:47:19,Old,Dr. R. Mahalle,400,300,0,700,700,0,0,60,2025-09-06
10442,20240057,2025-05-14,09:56:48,New,Dr. Ashwin Sadavarte,300,300,0,600,600,0,0,30,2025-06-13
10443,20240057,2025-07-02,10:17:35,Old,Dr. Ashwin Sadavarte,300,200,0,500,500,0,0,60,2025-08-31
10444,20240057,2025-08-17,10:54:27,Old,Dr. Ashwin Sadavarte,500,300,0,800,800,0,0,15,2025-09-01
10445,20240057,2025-09-18,12:11:31,Old,Dr. Ashwin Sadavarte,400,0,0,400,400,0,0,,
10446,20240057,2025-10-13,12:35:35,Old,Dr. Ashwin Sadavarte,500,200,0,700,0,0,700,60,2025-12-12
10447,20240057,2025-11-11,11:30:07,Old,Dr. Ashwin Sadavarte,300,0,0,300,300,0,0,60,2026-01-10
10448,20240057,2025-12-10,12:23:53,Old,Dr. Ashwin Sadavarte,300,0,0,300,300,0,0,60,2026-02-08
10449,20240057,2026-01-09,10:26:58,Old,Dr. Ashwin Sadavarte,300,0,0,300,300,0,0,90,2026-04-09
10450,20240057,2026-02-12,10:57:59,Old,Dr. Ashwin Sadavarte,400,200,0,600,600,0,0,,
10451,20240057,2026-03-07,13:27:44,Old,Dr. Ashwin Sadavarte,400,300,0,700,700,0,0,90,2026-06-05
10452,20240057,2026-04-01,11:06:44,Old,Dr. Ashwin Sadavarte,500,0,0,500,500,0,0,30,2026-05-01
10453,20240057,2026-05-10,11:44:57,Old,Dr. Ashwin Sadavarte,500,0,0,500,500,0,0,90,2026-08-08
10454,20240057,2026-06-10,10:36:22,Old,Dr. Ashwin Sadavarte,500,200,0,700,700,0,0,60,2026-08-09
10455,20240057,2026-07-07,13:16:46,Old,Dr. Ashwin Sadavarte,500,300,0,800,800,0,0,,
10456,20240057,2026-08-02,13:06:53,Old,Dr. Ashwin Sadavarte,400,0,0,400,400,0,0,60,2026-10-01
10457,20240057,2026-08-24,13:16:50,Old,Dr. Ashwin Sadavarte,300,0,0,300,0,0,300,15,2026-09-08
10458,20240057,2026-09-18,09:56:59,Old,Dr. Ashwin Sadavarte,400,300,0,700,700,0,0,90,2026-12-17
10459,20240058,2024-05-14,13:22:14,New,Dr. Ashwin Sadavarte,300,200,0,500,500,0,0,60,2024-07-13
10460,20240058,2024-07-29,11:43:18,Old,Dr. Ashwin Sadavarte,300,200,0,500,500,0,0,15,2024-08-13
10461,20240058,2024-10-01,10:43:26,Old,Dr. Ashwin Sadavarte,400,200,0,600,600,0,0,30,2024-10-31
10462,20240058,2024-12-19,09:04:20,Old,Dr. Ashwin Sadavarte,400,0,0,400,400,0,0,60,2025-02-17
10463,20240058,2025-03-07,09:16:29,Old,Dr. Ashwin Sadavarte,500,0,0,500,500,0,0,,
10464,20240058,2025-05-07,11:46:29,Old,Dr. Ashwin Sadavarte,500,200,0,700,700,0,0,60,2025-07-06
10465,20240058,2025-07-14,12:43:15,Old,Dr. Ashwin Sadavarte,300,0,0,300,300,0,0,,
10466,20240059,2024-03-21,10:00:09,New,Dr. Ashwin Sadavarte,400,0,0,400,400,0,0,,
10467,20240059,2024-06-07,09:58:10,Old,Dr. Ashwin Sadavarte,300,300,0,600,600,0,0,60,2024-08-06
10468,20240059,2024-08-09,09:52:16,Old,Dr. Ashwin Sadavarte,500,0,0,500,200,0,300,15,2024-08-24
10469,20240059,2024-10-02,09:04:20,Old,Dr. Ashwin Sadavarte,400,0,0,400,400,0,0,90,2024-12-31
10470,20240059,2024-12-10,11:20:56,Old,Dr. Ashwin Sadavarte,400,200,0,600,600,0,0,60,2025-02-08
10471,20240059,2025-02-23,09:57:48,Old,Dr. Ashwin Sadavarte,400,300,0,700,700,0,0,90,2025-05-24
10472,20240059,2025-05-07,11:31:36,Old,Dr. Ashwin Sadavarte,300,0,0,300,300,0,0,60,2025-07-06
10473,20240059,2025-07-20,11:21:11,Old,Dr. Ashwin Sadavarte,300,300,0,600,600,0,0,,
10474,20240060,2024-01-30,11:30:53,New,Dr. R. Mahalle,500,200,0,700,700,0,0,,
10475,20240060,2024-05-14,11:56:05,Old,Dr. R. Mahalle,300,300,0,600,600,0,0,60,2024-07-13
10476,20240060,2024-08-15,10:37:57,Old,Dr. R. Mahalle,400,200,0,600,600,0,0,60,2024-10-14
10477,20240060,2024-11-24,13:25:17,Old,Dr. R. Mahalle,400,200,0,600,600,0,0,60,2025-01-23
10478,20240060,2025-08-09,13:31:17,Old,Dr. R. Mahalle,500,0,0,500,200,0,300,60,2025-10-08
10479,20240060,2025-11-20,13:27:15,Old,Dr. R. Mahalle,500,200,0,700,700,0,0,15,2025-12-05
10480,20240060,2026-02-23,11:09:08,Old,Dr. R. Mahalle,500,0,0,500,500,0,0,60,2026-04-24
10481,20240060,2026-06-13,10:12:58,Old,Dr. R. Mahalle,300,0,0,300,300,0,0,60,2026-08-12
10482,20240061,2024-08-03,10:35:15,New,Dr. Ashwin Sadavarte,400,0,0,400,400,0,0,,
10483,20240061,2024-11-07,13:04:29,Old,Dr. Ashwin Sadavarte,500,300,0,800,200,0,600,,
10484,20240061,2025-02-20,12:27:22,Old,Dr. Ashwin Sadavarte,500,200,0,700,700,0,0,90,2025-05-21
10485,20240061,2025-06-02,09:22:13,Old,Dr. Ashwin Sadavarte,500,0,0,500,500,0,0,,
10486,20240061,2025-09-13,12:34:21,Old,Dr. Ashwin Sadavarte,400,200,0,600,600,0,0,30,2025-10-13
10487,20240061,2025-12-08,12:10:15,Old,Dr. Ashwin Sadavarte,400,0,0,400,400,0,0,,
10488,20240061,2026-03-25,13:52:24,Old,Dr. Ashwin Sadavarte,300,200,0,500,500,0,0,15,2026-04-09
10489,20240061,2026-07-01,10:22:12,Old,Dr. Ashwin Sadavarte,400,200,0,600,600,0,0,60,2026-08-30
10490,20240062,2024-03-09,12:43:46,New,Dr. R. Mahalle,300,0,0,300,300,0,0,15,2024-03-24
10491,20240062,2024-05-19,09:16:40,Old,Dr. R. Mahalle,500,0,0,500,0,0,500,30,2024-06-18
10492,20240062,2024-07-17,12:12:32,Old,Dr. R. Mahalle,400,0,0,400,400,0,0,90,2024-10-15
10493,20240062,2024-09-20,09:11:28,Old,Dr. R. Mahalle,400,0,0,400,0,0,400,30,2024-10-20
10494,20240062,2024-11-23,13:23:00,Old,Dr. R. Mahalle,300,200,0,500,500,0,0,,
10495,20240062,2025-02-10,11:39:27,Old,Dr. R. Mahalle,400,0,0,400,400,0,0,60,2025-04-11
10496,20240062,2025-04-24,12:34:09,Old,Dr. R. Mahalle,500,300,0,800,800,0,0,30,2025-05-24
10497,20240062,2025-06-22,11:32:00,Old,Dr. R. Mahalle,500,300,0,800,800,0,0,15,2025-07-07
10498,20240062,2025-08-23,11:24:36,Old,Dr. R. Mahalle,400,0,0,400,400,0,0,15,2025-09-07
10499,20240062,2025-10-29,12:05:54,Old,Dr. R. Mahalle,400,0,0,400,400,0,0,60,2025-12-28
10500,20240062,2026-01-11,12:35:16,Old,Dr. R. Mahalle,400,0,0,400,400,0,0,60,2026-03-12
10501,20240062,2026-03-28,10:53:05,Old,Dr. R. Mahalle,500,200,0,700,700,0,0,90,2026-06-26
10502,20240062,2026-06-11,09:54:21,Old,Dr. R. Mahalle,500,0,0,500,100,0,400,15,2026-06-26
10503,20240062,2026-08-20,10:18:32,Old,Dr. R. Mahalle,300,200,0,500,500,0,0,30,2026-09-19
10504,20240063,2024-05-04,12:52:45,New,Dr. Ashwin Sadavarte,400,0,0,400,400,0,0,30,2024-06-03
10505,20240063,2025-02-02,11:15:06,Old,Dr. Ashwin Sadavarte,400,0,0,400,400,0,0,60,2025-04-03
10506,20240063,2025-04-14,12:34:25,Old,Dr. Ashwin Sadavarte,400,300,0,700,700,0,0,,
10507,20240063,2025-06-10,13:25:19,Old,Dr. Ashwin Sadavarte,500,0,0,500,500,0,0,30,2025-07-10
10508,20240063,2025-08-02,09:05:46,Old,Dr. Ashwin Sadavarte,300,0,0,300,300,0,0,15,2025-08-17
10509,20240063,2025-10-21,11:10:52,Old,Dr. Ashwin Sadavarte,500,300,0,800,800,0,0,60,2025-12-20
10510,20240063,2026-04-07,13:09:14,Old,Dr. Ashwin Sadavarte,300,0,0,300,300,0,0,15,2026-04-22
10511,20240064,2026-07-29,13:10:01,New,Dr. Ashwin Sadavarte,500,200,0,700,700,0,0,60,2026-09-27
10512,20240065,2023-12-19,11:38:09,New,Dr. Ashwin Sadavarte,500,0,0,500,500,0,0,60,2024-02-17
10513,20240065,2024-02-03,13:17:08,Old,Dr. Ashwin Sadavarte,300,0,0,300,300,0,0,,
10514,20240065,2024-03-21,10:25:20,Old,Dr. Ashwin Sadavarte,500,0,0,500,500,0,0,30,2024-04-20
10515,20240065,2024-04-19,10:19:14,Old,Dr. Ashwin Sadavarte,400,300,0,700,700,0,0,30,2024-05-19
10516,20240065,2024-05-19,12:10:03,Old,Dr. Ashwin Sadavarte,500,0,0,500,500,0,0,60,2024-07-18
10517,20240065,2024-06-27,09:31:49,Old,Dr. Ashwin Sadavarte,300,0,0,300,300,0,0,15,2024-07-12
10518,20240065,2024-08-08,09:42:42,Old,Dr. Ashwin Sadavarte,300,200,0,500,500,0,0,60,2024-10-07
10519,20240065,2024-08-30,10:38:09,Old,Dr. Ashwin Sadavarte,400,0,0,400,400,0,0,30,2024-09-29
10520,20240065,2024-10-11,10:29:13,Old,Dr. Ashwin Sadavarte,300,0,0,300,300,0,0,,
10521,20240065,2024-11-11,12:28:23,Old,Dr. Ashwin Sadavarte,400,300,0,700,700,0,0,,
10522,20240065,2024-12-07,12:50:15,Old,Dr. Ashwin Sadavarte,300,200,0,500,500,0,0,30,2025-01-06
10523,20240065,2025-01-07,13:58:35,Old,Dr. Ashwin Sadavarte,500,0,0,500,500,0,0,15,2025-01-22
10524,20240065,2025-02-13,10:22:06,Old,Dr. Ashwin Sadavarte,300,300,0,600,600,0,0,60,2025-04-14
10525,20240065,2025-03-25,10:49:55,Old,Dr. Ashwin Sadavarte,300,300,0,600,600,0,0,30,2025-04-24
10526,20240065,2025-05-13,10:10:51,Old,Dr. Ashwin Sadavarte,400,0,0,400,400,0,0,30,2025-06-12
10527,20240065,2025-06-17,12:42:43,Old,Dr. Ashwin Sadavarte,500,0,0,500,500,0,0,60,2025-08-16
10528,20240065,2025-07-10,11:50:03,Old,Dr. Ashwin Sadavarte,400,200,0,600,600,0,0,60,2025-09-08
10529,20240065,2025-08-21,13:39:58,Old,Dr. Ashwin Sadavarte,400,0,0,400,400,0,0,,
10530,20240065,2025-09-12,11:01:03,Old,Dr. Ashwin Sadavarte,300,200,0,500,500,0,0,30,2025-10-12
10531,20240065,2025-10-27,09:17:39,Old,Dr. Ashwin Sadavarte,500,200,0,700,700,0,0,15,2025-11-11
10532,20240065,2025-11-19,13:37:11,Old,Dr. Ashwin Sadavarte,300,0,0,300,300,0,0,,
10533,20240065,2025-12-29,10:55:30,Old,Dr. Ashwin Sadavarte,500,0,0,500,500,0,0,30,2026-01-28
10534,20240065,2026-01-29,13:35:39,Old,Dr. Ashwin Sadavarte,400,0,0,400,400,0,0,30,2026-02-28
10535,20240066,2026-07-18,09:08:05,New,Dr. Ashwin Sadavarte,500,300,0,800,800,0,0,,
10536,20240067,2024-12-20,13:37:04,New,Dr. Ashwin Sadavarte,400,300,0,700,700,0,0,30,2025-01-19
10537,20240067,2025-01-27,13:26:48,Old,Dr. Ashwin Sadavarte,300,0,0,300,300,0,0,30,2025-02-26
10538,20240067,2025-03-13,09:49:40,Old,Dr. Ashwin Sadavarte,400,300,0,700,700,0,0,90,2025-06-11
10539,20240067,2025-04-16,10:56:46,Old,Dr. Ashwin Sadavarte,400,0,0,400,400,0,0,,
10540,20240067,2025-06-03,11:31:54,Old,Dr. Ashwin Sadavarte,500,0,0,500,500,0,0,60,2025-08-02
10541,20240067,2025-07-04,13:27:09,Old,Dr. Ashwin Sadavarte,400,0,0,400,400,0,0,,
10542,20240067,2025-07-29,13:08:32,Old,Dr. Ashwin Sadavarte,500,0,0,500,500,0,0,30,2025-08-28
10543,20240067,2025-09-04,10:34:30,Old,Dr. Ashwin Sadavarte,400,0,0,400,400,0,0,60,2025-11-03
10544,20240067,2025-10-08,12:00:28,Old,Dr. Ashwin Sadavarte,300,0,0,300,300,0,0,30,2025-11-07
10545,20240067,2025-11-01,10:07:27,Old,Dr. Ashwin Sadavarte,300,200,0,500,500,0,0,60,2025-12-31
10546,20240068,2023-08-17,11:23:10,New,Dr. Ashwin Sadavarte,300,0,0,300,300,0,0,30,2023-09-16
10547,20240068,2023-10-24,13:34:11,Old,Dr. Ashwin Sadavarte,400,200,0,600,600,0,0,30,2023-11-23
10548,20240068,2023-12-15,10:02:20,Old,Dr. Ashwin Sadavarte,400,0,0,400,400,0,0,90,2024-03-14
10549,20240068,2024-02-23,10:12:24,Old,Dr. Ashwin Sadavarte,400,0,0,400,400,0,0,15,2024-03-09
10550,20240068,2024-04-19,12:47:34,Old,Dr. Ashwin Sadavarte,300,0,0,300,300,0,0,,
10551,20240068,2024-06-19,13:41:58,Old,Dr. Ashwin Sadavarte,300,0,0,300,300,0,0,60,2024-08-18
10552,20240068,2024-08-13,10:09:12,Old,Dr. Ashwin Sadavarte,500,0,0,500,500,0,0,60,2024-10-12
10553,20240068,2024-10-07,13:15:45,Old,Dr. Ashwin Sadavarte,500,0,0,500,500,0,0,60,2024-12-06
10554,20240068,2024-12-09,12:06:57,Old,Dr. Ashwin Sadavarte,400,0,0,400,400,0,0,15,2024-12-24
10555,20240068,2025-01-30,10:31:26,Old,Dr. Ashwin Sadavarte,400,0,0,400,400,0,0,90,2025-04-30
10556,20240068,2025-04-02,10:46:04,Old,Dr. Ashwin Sadavarte,400,0,0,400,100,0,300,60,2025-06-01
10557,20240068,2025-06-19,12:47:17,Old,Dr. Ashwin Sadavarte,500,0,0,500,500,0,0,30,2025-07-19
10558,20240068,2025-08-10,11:28:09,Old,Dr. Ashwin Sadavarte,500,200,0,700,700,0,0,15,2025-08-25
10559,20240068,2025-10-21,10:34:19,Old,Dr. Ashwin Sadavarte,500,300,0,800,800,0,0,60,2025-12-20
10560,20240068,2025-12-31,12:55:36,Old,Dr. Ashwin Sadavarte,300,200,0,500,500,0,0,30,2026-01-30
10561,20240068,2026-03-18,09:30:52,Old,Dr. Ashwin Sadavarte,500,0,0,500,500,0,0,60,2026-05-17
10562,20240068,2026-05-22,13:11:02,Old,Dr. Ashwin Sadavarte,500,0,0,500,500,0,0,30,2026-06-21
10563,20240068,2026-08-01,09:47:43,Old,Dr. Ashwin Sadavarte,500,200,0,700,700,0,0,90,2026-10-30
10564,20240069,2024-02-19,09:56:09,New,Dr. Ashwin Sadavarte,500,300,0,800,800,0,0,30,2024-03-20
10565,20240069,2024-04-30,10:37:15,Old,Dr. Ashwin Sadavarte,400,200,0,600,600,0,0,60,2024-06-29
10566,20240069,2024-06-28,12:39:58,Old,Dr. Ashwin Sadavarte,500,0,0,500,500,0,0,30,2024-07-28
10567,20240069,2024-09-14,11:42:04,Old,Dr. Ashwin Sadavarte,400,0,0,400,400,0,0,,
10568,20240069,2024-11-10,11:39:16,Old,Dr. Ashwin Sadavarte,400,0,0,400,400,0,0,,
10569,20240069,2025-01-03,09:13:34,Old,Dr. Ashwin Sadavarte,300,0,0,300,300,0,0,30,2025-02-02
10570,20240069,2025-03-03,13:02:58,Old,Dr. Ashwin Sadavarte,500,300,0,800,800,0,0,90,2025-06-01
10571,20240069,2025-05-05,12:34:24,Old,Dr. Ashwin Sadavarte,300,200,0,500,200,0,300,30,2025-06-04
10572,20240069,2025-07-22,13:14:52,Old,Dr. Ashwin Sadavarte,500,0,0,500,500,0,0,15,2025-08-06
10573,20240069,2025-09-30,10:49:29,Old,Dr. Ashwin Sadavarte,400,0,0,400,400,0,0,60,2025-11-29
10574,20240069,2025-12-04,12:41:02,Old,Dr. Ashwin Sadavarte,500,0,0,500,100,0,400,90,2026-03-04
10575,20240069,2026-01-28,12:01:00,Old,Dr. Ashwin Sadavarte,400,300,0,700,700,0,0,30,2026-02-27
10576,20240069,2026-04-06,10:22:27,Old,Dr. Ashwin Sadavarte,400,0,0,400,400,0,0,15,2026-04-21
10577,20240069,2026-06-18,13:27:42,Old,Dr. Ashwin Sadavarte,300,0,0,300,100,0,200,60,2026-08-17
10578,20240069,2026-08-15,11:32:23,Old,Dr. Ashwin Sadavarte,500,0,0,500,500,0,0,60,2026-10-14
10579,20240070,2023-09-15,11:56:18,New,Dr. Ashwin Sadavarte,300,0,0,300,300,0,0,90,2023-12-14
10580,20240070,2023-11-21,09:35:57,Old,Dr. Ashwin Sadavarte,400,0,0,400,400,0,0,30,2023-12-21
10581,20240070,2024-02-01,09:18:37,Old,Dr. Ashwin Sadavarte,500,0,0,500,0,0,500,30,2024-03-02
10582,20240070,2024-04-05,09:54:41,Old,Dr. Ashwin Sadavarte,500,0,0,500,0,0,500,,
10583,20240070,2024-06-20,10:22:45,Old,Dr. Ashwin Sadavarte,400,200,0,600,600,0,0,90,2024-09-18
10584,20240070,2024-08-30,13:55:53,Old,Dr. Ashwin Sadavarte,500,300,0,800,800,0,0,30,2024-09-29
10585,20240070,2024-11-18,09:51:48,Old,Dr. Ashwin Sadavarte,300,0,0,300,300,0,0,30,2024-12-18
10586,20240070,2025-01-17,10:34:01,Old,Dr. Ashwin Sadavarte,500,0,0,500,500,0,0,60,2025-03-18
10587,20240070,2025-03-24,13:06:07,Old,Dr. Ashwin Sadavarte,400,300,0,700,700,0,0,30,2025-04-23
10588,20240070,2025-05-21,10:24:32,Old,Dr. Ashwin Sadavarte,300,200,0,500,500,0,0,30,2025-06-20
10589,20240070,2025-07-12,13:14:34,Old,Dr. Ashwin Sadavarte,400,0,0,400,400,0,0,90,2025-10-10
10590,20240070,2025-09-18,13:22:16,Old,Dr. Ashwin Sadavarte,300,0,0,300,300,0,0,90,2025-12-17
10591,20240070,2025-12-02,13:38:31,Old,Dr. Ashwin Sadavarte,300,0,0,300,300,0,0,60,2026-01-31
10592,20240070,2026-02-16,11:24:17,Old,Dr. Ashwin Sadavarte,300,0,0,300,100,0,200,90,2026-05-17
10593,20240070,2026-04-26,13:29:23,Old,Dr. Ashwin Sadavarte,500,0,0,500,500,0,0,,
10594,20240070,2026-06-21,12:26:46,Old,Dr. Ashwin Sadavarte,300,300,0,600,600,0,0,,
10595,20240070,2026-08-21,12:58:45,Old,Dr. Ashwin Sadavarte,500,300,0,800,800,0,0,60,2026-10-20
10596,20240071,2025-02-24,09:27:32,New,Dr. R. Mahalle,300,200,0,500,500,0,0,30,2025-03-26
10597,20240071,2025-03-23,11:08:09,Old,Dr. R. Mahalle,400,200,0,600,600,0,0,30,2025-04-22
10598,20240071,2025-04-19,10:14:56,Old,Dr. R. Mahalle,400,0,0,400,400,0,0,90,2025-07-18
10599,20240071,2025-08-28,10:40:52,Old,Dr. R. Mahalle,400,0,0,400,400,0,0,60,2025-10-27
10600,20240071,2025-10-16,09:43:43,Old,Dr. R. Mahalle,500,200,0,700,100,0,600,60,2025-12-15
10601,20240071,2025-11-28,09:12:35,Old,Dr. R. Mahalle,500,0,0,500,100,0,400,30,2025-12-28
10602,20240071,2026-06-11,13:28:17,Old,Dr. R. Mahalle,300,0,0,300,300,0,0,30,2026-07-11
10603,20240072,2025-07-03,13:53:19,New,Dr. Ashwin Sadavarte,300,0,0,300,300,0,0,60,2025-09-01
10604,20240072,2025-09-08,13:33:59,Old,Dr. Ashwin Sadavarte,500,200,0,700,700,0,0,30,2025-10-08
10605,20240072,2025-11-02,10:07:11,Old,Dr. Ashwin Sadavarte,500,200,0,700,700,0,0,30,2025-12-02
10606,20240072,2026-01-06,10:11:07,Old,Dr. Ashwin Sadavarte,300,0,0,300,300,0,0,,
10607,20240072,2026-03-08,10:32:20,Old,Dr. Ashwin Sadavarte,500,200,0,700,700,0,0,90,2026-06-06
10608,20240072,2026-05-23,12:47:58,Old,Dr. Ashwin Sadavarte,300,0,0,300,300,0,0,60,2026-07-22
10609,20240072,2026-08-05,09:38:27,Old,Dr. Ashwin Sadavarte,500,0,0,500,500,0,0,30,2026-09-04
10610,20240073,2025-01-22,09:42:46,New,Dr. R. Mahalle,300,0,0,300,300,0,0,60,2025-03-23
10611,20240073,2025-05-09,09:04:09,Old,Dr. R. Mahalle,400,0,0,400,400,0,0,30,2025-06-08
10612,20240073,2025-08-03,12:16:21,Old,Dr. R. Mahalle,300,200,0,500,500,0,0,60,2025-10-02
10613,20240073,2026-02-06,13:05:56,Old,Dr. R. Mahalle,400,200,0,600,600,0,0,30,2026-03-08
10614,20240073,2026-05-11,11:24:10,Old,Dr. R. Mahalle,500,0,0,500,500,0,0,60,2026-07-10
10615,20240073,2026-08-27,11:58:46,Old,Dr. R. Mahalle,400,0,0,400,400,0,0,15,2026-09-11
10616,20240074,2023-08-11,12:39:36,New,Dr. Ashwin Sadavarte,300,0,0,300,300,0,0,60,2023-10-10
10617,20240074,2023-09-10,11:12:20,Old,Dr. Ashwin Sadavarte,400,0,0,400,400,0,0,30,2023-10-10
10618,20240074,2023-10-29,13:28:05,Old,Dr. Ashwin Sadavarte,400,0,0,400,400,0,0,60,2023-12-28
10619,20240074,2023-11-20,10:13:04,Old,Dr. Ashwin Sadavarte,400,200,0,600,600,0,0,,
10620,20240074,2024-01-06,11:37:55,Old,Dr. Ashwin Sadavarte,500,0,0,500,500,0,0,,
10621,20240074,2024-02-25,12:24:45,Old,Dr. Ashwin Sadavarte,400,200,0,600,600,0,0,,
10622,20240074,2024-04-04,11:33:51,Old,Dr. Ashwin Sadavarte,400,0,0,400,400,0,0,30,2024-05-04
10623,20240074,2024-05-21,11:37:22,Old,Dr. Ashwin Sadavarte,300,0,0,300,300,0,0,60,2024-07-20
10624,20240074,2024-06-27,11:05:31,Old,Dr. Ashwin Sadavarte,500,200,0,700,700,0,0,30,2024-07-27
10625,20240074,2024-08-04,10:48:04,Old,Dr. Ashwin Sadavarte,400,0,0,400,400,0,0,30,2024-09-03
10626,20240074,2024-09-02,10:48:12,Old,Dr. Ashwin Sadavarte,500,200,0,700,700,0,0,,
10627,20240074,2024-10-02,12:00:52,Old,Dr. Ashwin Sadavarte,300,0,0,300,300,0,0,60,2024-12-01
10628,20240074,2024-11-15,09:22:22,Old,Dr. Ashwin Sadavarte,500,0,0,500,200,0,300,60,2025-01-14
10629,20240074,2025-01-01,12:37:12,Old,Dr. Ashwin Sadavarte,500,300,0,800,800,0,0,30,2025-01-31
10630,20240074,2025-02-19,11:59:25,Old,Dr. Ashwin Sadavarte,400,0,0,400,400,0,0,60,2025-04-20
10631,20240074,2025-03-19,10:33:12,Old,Dr. Ashwin Sadavarte,400,300,0,700,700,0,0,60,2025-05-18
10632,20240074,2025-05-01,10:31:29,Old,Dr. Ashwin Sadavarte,300,300,0,600,600,0,0,15,2025-05-16
10633,20240074,2025-06-18,13:12:51,Old,Dr. Ashwin Sadavarte,400,300,0,700,700,0,0,30,2025-07-18
10634,20240074,2025-07-30,11:16:17,Old,Dr. Ashwin Sadavarte,500,300,0,800,800,0,0,30,2025-08-29
10635,20240074,2025-09-04,10:14:01,Old,Dr. Ashwin Sadavarte,500,300,0,800,800,0,0,60,2025-11-03
10636,20240074,2025-10-24,09:36:15,Old,Dr. Ashwin Sadavarte,400,300,0,700,700,0,0,15,2025-11-08
10637,20240074,2025-12-11,13:50:33,Old,Dr. Ashwin Sadavarte,400,200,0,600,600,0,0,30,2026-01-10
10638,20240074,2026-01-17,11:32:32,Old,Dr. Ashwin Sadavarte,500,0,0,500,500,0,0,30,2026-02-16
10639,20240074,2026-02-26,11:36:44,Old,Dr. Ashwin Sadavarte,500,0,0,500,500,0,0,,
10640,20240074,2026-04-13,10:31:09,Old,Dr. Ashwin Sadavarte,400,0,0,400,400,0,0,60,2026-06-12
10641,20240074,2026-05-22,13:42:13,Old,Dr. Ashwin Sadavarte,300,0,0,300,300,0,0,60,2026-07-21
10642,20240074,2026-06-17,13:12:38,Old,Dr. Ashwin Sadavarte,300,0,0,300,300,0,0,,
10643,20240074,2026-07-31,13:06:48,Old,Dr. Ashwin Sadavarte,400,0,0,400,100,0,300,60,2026-09-29
10644,20240074,2026-09-18,13:12:49,Old,Dr. Ashwin Sadavarte,300,0,0,300,300,0,0,30,2026-10-18
10645,20240075,2024-10-25,10:14:31,New,Dr. R. Mahalle,300,0,0,300,300,0,0,30,2024-11-24
10646,20240075,2025-01-27,13:43:00,Old,Dr. R. Mahalle,400,200,0,600,600,0,0,90,2025-04-27
10647,20240075,2025-05-14,11:09:05,Old,Dr. R. Mahalle,400,0,0,400,400,0,0,,
10648,20240075,2026-03-27,10:11:54,Old,Dr. R. Mahalle,400,200,0,600,600,0,0,60,2026-05-26
10649,20240075,2026-06-22,10:22:39,Old,Dr. R. Mahalle,300,200,0,500,500,0,0,30,2026-07-22
10650,20240076,2024-10-09,09:26:48,New,Dr. R. Mahalle,400,0,0,400,400,0,0,15,2024-10-24
10651,20240076,2024-12-02,12:29:55,Old,Dr. R. Mahalle,300,300,0,600,600,0,0,,
10652,20240076,2025-02-11,09:57:28,Old,Dr. R. Mahalle,400,0,0,400,400,0,0,,
10653,20240076,2025-04-08,11:46:15,Old,Dr. R. Mahalle,300,0,0,300,300,0,0,60,2025-06-07
10654,20240076,2025-06-13,10:21:45,Old,Dr. R. Mahalle,400,200,0,600,600,0,0,90,2025-09-11
10655,20240076,2025-08-13,12:38:49,Old,Dr. R. Mahalle,400,300,0,700,700,0,0,90,2025-11-11
10656,20240076,2025-10-11,12:11:55,Old,Dr. R. Mahalle,400,0,0,400,400,0,0,60,2025-12-10
10657,20240076,2025-12-27,13:41:04,Old,Dr. R. Mahalle,300,200,0,500,500,0,0,,
10658,20240076,2026-02-19,13:58:25,Old,Dr. R. Mahalle,400,200,0,600,600,0,0,60,2026-04-20
10659,20240076,2026-04-17,10:54:59,Old,Dr. R. Mahalle,300,0,0,300,300,0,0,,
10660,20240076,2026-06-21,10:23:55,Old,Dr. R. Mahalle,400,200,0,600,600,0,0,60,2026-08-20
10661,20240076,2026-08-25,13:30:35,Old,Dr. R. Mahalle,300,0,0,300,300,0,0,15,2026-09-09
10662,20240077,2024-10-02,11:43:46,New,Dr. Ashwin Sadavarte,300,0,0,300,300,0,0,,
10663,20240077,2024-11-26,13:17:32,Old,Dr. Ashwin Sadavarte,300,200,0,500,500,0,0,60,2025-01-25
10664,20240077,2025-01-31,13:48:17,Old,Dr. Ashwin Sadavarte,400,0,0,400,400,0,0,60,2025-04-01
10665,20240077,2025-03-31,10:48:54,Old,Dr. Ashwin Sadavarte,500,0,0,500,500,0,0,,
10666,20240077,2025-06-09,11:58:20,Old,Dr. Ashwin Sadavarte,300,200,0,500,500,0,0,90,2025-09-07
10667,20240077,2025-08-05,09:26:03,Old,Dr. Ashwin Sadavarte,400,200,0,600,600,0,0,,
10668,20240077,2025-10-21,09:33:46,Old,Dr. Ashwin Sadavarte,400,200,0,600,600,0,0,,
10669,20240077,2025-12-16,10:05:52,Old,Dr. Ashwin Sadavarte,500,0,0,500,500,0,0,30,2026-01-15
10670,20240077,2026-02-10,11:56:02,Old,Dr. Ashwin Sadavarte,300,0,0,300,300,0,0,15,2026-02-25
10671,20240077,2026-04-21,11:12:50,Old,Dr. Ashwin Sadavarte,500,300,0,800,800,0,0,30,2026-05-21
10672,20240077,2026-06-19,11:25:11,Old,Dr. Ashwin Sadavarte,500,0,0,500,500,0,0,,
10673,20240077,2026-08-12,12:40:45,Old,Dr. Ashwin Sadavarte,300,300,0,600,600,0,0,90,2026-11-10
10674,20240078,2024-08-06,11:44:11,New,Dr. Ashwin Sadavarte,500,0,0,500,500,0,0,,
10675,20240078,2024-10-25,13:11:43,Old,Dr. Ashwin Sadavarte,500,200,0,700,700,0,0,15,2024-11-09
10676,20240078,2024-12-18,11:17:47,Old,Dr. Ashwin Sadavarte,400,300,0,700,700,0,0,60,2025-02-16
10677,20240078,2025-02-21,12:15:31,Old,Dr. Ashwin Sadavarte,500,0,0,500,500,0,0,30,2025-03-23
10678,20240078,2025-05-07,09:57:10,Old,Dr. Ashwin Sadavarte,400,0,0,400,0,0,400,90,2025-08-05
10679,20240078,2025-07-23,13:06:32,Old,Dr. Ashwin Sadavarte,500,0,0,500,500,0,0,30,2025-08-22
10680,20240078,2025-10-04,10:11:48,Old,Dr. Ashwin Sadavarte,500,200,0,700,700,0,0,90,2026-01-02
10681,20240078,2025-12-12,09:46:30,Old,Dr. Ashwin Sadavarte,400,300,0,700,700,0,0,90,2026-03-12
10682,20240078,2026-02-20,13:30:14,Old,Dr. Ashwin Sadavarte,400,0,0,400,400,0,0,60,2026-04-21
10683,20240078,2026-05-04,10:42:25,Old,Dr. Ashwin Sadavarte,300,300,0,600,600,0,0,60,2026-07-03
10684,20240078,2026-07-01,12:48:58,Old,Dr. Ashwin Sadavarte,400,0,0,400,0,0,400,30,2026-07-31
10685,20240078,2026-09-09,09:33:26,Old,Dr. Ashwin Sadavarte,500,200,0,700,700,0,0,,
10686,20240079,2023-08-31,11:15:08,New,Dr. R. Mahalle,300,300,0,600,600,0,0,15,2023-09-15
10687,20240079,2023-10-16,09:37:53,Old,Dr. R. Mahalle,400,0,0,400,400,0,0,30,2023-11-15
10688,20240079,2023-11-13,10:20:49,Old,Dr. R. Mahalle,300,300,0,600,600,0,0,30,2023-12-13
10689,20240079,2023-12-25,13:06:17,Old,Dr. R. Mahalle,300,300,0,600,600,0,0,60,2024-02-23
10690,20240079,2024-02-09,12:51:13,Old,Dr. R. Mahalle,500,300,0,800,800,0,0,,
10691,20240079,2024-03-03,11:51:13,Old,Dr. R. Mahalle,500,200,0,700,700,0,0,30,2024-04-02
10692,20240079,2024-04-02,11:46:12,Old,Dr. R. Mahalle,300,0,0,300,300,0,0,60,2024-06-01
10693,20240079,2024-05-19,09:43:25,Old,Dr. R. Mahalle,300,200,0,500,500,0,0,,
10694,20240079,2024-06-17,11:53:29,Old,Dr. R. Mahalle,500,0,0,500,500,0,0,60,2024-08-16
10695,20240079,2024-07-25,12:21:42,Old,Dr. R. Mahalle,300,0,0,300,100,0,200,90,2024-10-23
10696,20240079,2024-08-19,10:20:44,Old,Dr. R. Mahalle,400,0,0,400,400,0,0,60,2024-10-18
10697,20240079,2024-10-05,11:44:33,Old,Dr. R. Mahalle,300,0,0,300,300,0,0,30,2024-11-04
10698,20240079,2024-11-10,10:56:17,Old,Dr. R. Mahalle,300,0,0,300,300,0,0,30,2024-12-10
10699,20240079,2024-12-16,11:22:11,Old,Dr. R. Mahalle,300,0,0,300,300,0,0,15,2024-12-31
10700,20240079,2025-01-26,09:28:32,Old,Dr. R. Mahalle,400,0,0,400,0,0,400,90,2025-04-26
10701,20240079,2025-03-08,10:41:35,Old,Dr. R. Mahalle,300,0,0,300,300,0,0,90,2025-06-06
10702,20240079,2025-04-27,11:39:04,Old,Dr. R. Mahalle,400,300,0,700,700,0,0,90,2025-07-26
10703,20240079,2025-06-11,09:10:17,Old,Dr. R. Mahalle,300,200,0,500,500,0,0,,
10704,20240079,2025-07-19,13:11:27,Old,Dr. R. Mahalle,400,0,0,400,400,0,0,60,2025-09-17
10705,20240079,2025-08-28,13:49:21,Old,Dr. R. Mahalle,300,0,0,300,300,0,0,,
10706,20240079,2025-10-07,10:52:40,Old,Dr. R. Mahalle,400,0,0,400,400,0,0,30,2025-11-06
10707,20240079,2025-11-02,12:19:57,Old,Dr. R. Mahalle,500,0,0,500,500,0,0,90,2026-01-31
10708,20240079,2025-12-02,11:48:34,Old,Dr. R. Mahalle,400,0,0,400,400,0,0,60,2026-01-31
10709,20240079,2026-01-05,10:36:55,Old,Dr. R. Mahalle,300,0,0,300,300,0,0,30,2026-02-04
10710,20240079,2026-02-22,10:36:05,Old,Dr. R. Mahalle,400,300,0,700,700,0,0,30,2026-03-24
10711,20240079,2026-04-03,10:04:31,Old,Dr. R. Mahalle,400,0,0,400,400,0,0,60,2026-06-02
10712,20240079,2026-04-30,12:08:19,Old,Dr. R. Mahalle,400,0,0,400,400,0,0,90,2026-07-29
10713,20240079,2026-05-31,12:22:16,Old,Dr. R. Mahalle,500,0,0,500,500,0,0,15,2026-06-15
10714,20240079,2026-07-06,12:36:56,Old,Dr. R. Mahalle,500,0,0,500,500,0,0,90,2026-10-04
10715,20240079,2026-07-28,12:59:38,Old,Dr. R. Mahalle,400,0,0,400,400,0,0,,
10716,20240079,2026-08-28,10:53:00,Old,Dr. R. Mahalle,500,300,0,800,800,0,0,15,2026-09-12
10717,20240080,2025-03-14,13:19:12,New,Dr. R. Mahalle,300,0,0,300,300,0,0,30,2025-04-13
10718,20240081,2025-06-08,11:44:44,New,Dr. R. Mahalle,300,300,0,600,600,0,0,60,2025-08-07
10719,20240081,2025-09-08,10:29:45,Old,Dr. R. Mahalle,500,0,0,500,500,0,0,60,2025-11-07
10720,20240081,2025-12-06,13:04:53,Old,Dr. R. Mahalle,400,200,0,600,600,0,0,,
10721,20240081,2026-03-19,12:54:41,Old,Dr. R. Mahalle,300,0,0,300,300,0,0,90,2026-06-17
10722,20240081,2026-06-26,10:20:10,Old,Dr. R. Mahalle,400,200,0,600,600,0,0,,
10723,20240081,2026-09-18,12:41:30,Old,Dr. R. Mahalle,400,300,0,700,700,0,0,30,2026-10-18
10724,20240082,2026-07-11,13:26:20,New,Dr. Ashwin Sadavarte,500,300,0,800,800,0,0,30,2026-08-10
10725,20240083,2024-03-30,13:16:01,New,Dr. Ashwin Sadavarte,500,200,0,700,700,0,0,30,2024-04-29
10726,20240083,2024-05-08,10:33:26,Old,Dr. Ashwin Sadavarte,500,300,0,800,800,0,0,15,2024-05-23
10727,20240083,2024-06-01,12:03:46,Old,Dr. Ashwin Sadavarte,500,300,0,800,800,0,0,,
10728,20240083,2024-06-30,13:44:33,Old,Dr. Ashwin Sadavarte,500,200,0,700,700,0,0,60,2024-08-29
10729,20240083,2024-08-16,10:40:39,Old,Dr. Ashwin Sadavarte,400,200,0,600,600,0,0,30,2024-09-15
10730,20240083,2024-09-22,13:35:11,Old,Dr. Ashwin Sadavarte,300,0,0,300,300,0,0,90,2024-12-21
10731,20240083,2024-10-18,10:52:48,Old,Dr. Ashwin Sadavarte,400,0,0,400,400,0,0,60,2024-12-17
10732,20240083,2024-11-14,09:34:14,Old,Dr. Ashwin Sadavarte,500,0,0,500,500,0,0,60,2025-01-13
10733,20240083,2024-12-24,09:51:27,Old,Dr. Ashwin Sadavarte,400,200,0,600,600,0,0,15,2025-01-08
10734,20240083,2025-02-01,09:42:21,Old,Dr. Ashwin Sadavarte,500,0,0,500,500,0,0,60,2025-04-02
10735,20240083,2025-02-27,10:28:10,Old,Dr. Ashwin Sadavarte,400,0,0,400,400,0,0,30,2025-03-29
10736,20240083,2025-03-24,12:20:04,Old,Dr. Ashwin Sadavarte,300,0,0,300,300,0,0,30,2025-04-23
10737,20240083,2025-04-15,12:57:04,Old,Dr. Ashwin Sadavarte,400,200,0,600,600,0,0,60,2025-06-14
10738,20240083,2025-05-26,11:40:37,Old,Dr. Ashwin Sadavarte,300,0,0,300,300,0,0,30,2025-06-25
10739,20240084,2025-02-06,11:49:03,New,Dr. Ashwin Sadavarte,400,200,0,600,600,0,0,15,2025-02-21
10740,20240084,2025-04-14,11:59:09,Old,Dr. Ashwin Sadavarte,400,0,0,400,400,0,0,,
10741,20240084,2025-06-12,12:23:48,Old,Dr. Ashwin Sadavarte,500,300,0,800,800,0,0,90,2025-09-10
10742,20240084,2025-08-13,12:00:27,Old,Dr. Ashwin Sadavarte,300,0,0,300,200,0,100,90,2025-11-11
10743,20240084,2025-10-31,12:10:35,Old,Dr. Ashwin Sadavarte,400,0,0,400,400,0,0,15,2025-11-15
10744,20240084,2025-12-29,10:33:45,Old,Dr. Ashwin Sadavarte,300,0,0,300,300,0,0,60,2026-02-27
10745,20240084,2026-03-17,13:17:46,Old,Dr. Ashwin Sadavarte,300,0,0,300,300,0,0,15,2026-04-01
10746,20240084,2026-05-15,10:54:17,Old,Dr. Ashwin Sadavarte,400,0,0,400,400,0,0,90,2026-08-13
10747,20240084,2026-08-02,10:10:21,Old,Dr. Ashwin Sadavarte,400,0,0,400,400,0,0,90,2026-10-31
10748,20240085,2024-05-28,10:46:27,New,Dr. R. Mahalle,400,200,0,600,600,0,0,60,2024-07-27
10749,20240085,2024-08-03,13:04:30,Old,Dr. R. Mahalle,400,0,0,400,400,0,0,15,2024-08-18
10750,20240085,2024-10-22,12:21:48,Old,Dr. R. Mahalle,400,200,0,600,600,0,0,60,2024-12-21
10751,20240085,2024-12-23,10:24:16,Old,Dr. R. Mahalle,400,0,0,400,400,0,0,30,2025-01-22
10752,20240085,2025-02-20,13:38:57,Old,Dr. R. Mahalle,300,300,0,600,600,0,0,60,2025-04-21
10753,20240085,2025-05-09,12:48:31,Old,Dr. R. Mahalle,300,0,0,300,300,0,0,60,2025-07-08
10754,20240085,2025-07-22,10:51:43,Old,Dr. R. Mahalle,300,200,0,500,500,0,0,30,2025-08-21
10755,20240085,2025-09-29,12:59:47,Old,Dr. R. Mahalle,400,0,0,400,400,0,0,60,2025-11-28
10756,20240085,2025-11-30,12:37:31,Old,Dr. R. Mahalle,400,300,0,700,700,0,0,90,2026-02-28
10757,20240085,2026-01-23,09:48:38,Old,Dr. R. Mahalle,400,200,0,600,600,0,0,15,2026-02-07
10758,20240085,2026-04-07,10:30:13,Old,Dr. R. Mahalle,300,0,0,300,300,0,0,30,2026-05-07
10759,20240085,2026-06-04,10:40:25,Old,Dr. R. Mahalle,400,300,0,700,700,0,0,60,2026-08-03
10760,20240085,2026-08-16,10:54:44,Old,Dr. R. Mahalle,300,0,0,300,300,0,0,30,2026-09-15
10761,20240086,2024-11-17,10:36:19,New,Dr. Ashwin Sadavarte,500,0,0,500,500,0,0,90,2025-02-15
10762,20240086,2025-08-09,11:05:09,Old,Dr. Ashwin Sadavarte,400,0,0,400,200,0,200,30,2025-09-08
10763,20240086,2025-11-13,12:14:18,Old,Dr. Ashwin Sadavarte,400,0,0,400,0,0,400,30,2025-12-13
10764,20240086,2026-06-06,09:20:16,Old,Dr. Ashwin Sadavarte,500,200,0,700,700,0,0,30,2026-07-06
10765,20240086,2026-08-31,12:53:56,Old,Dr. Ashwin Sadavarte,300,300,0,600,600,0,0,,
10766,20240087,2024-04-04,10:06:36,New,Dr. Ashwin Sadavarte,500,300,0,800,800,0,0,15,2024-04-19
10767,20240087,2024-04-27,10:20:36,Old,Dr. Ashwin Sadavarte,300,300,0,600,600,0,0,30,2024-05-27
10768,20240087,2024-05-19,12:45:00,Old,Dr. Ashwin Sadavarte,500,0,0,500,500,0,0,60,2024-07-18
10769,20240087,2024-06-12,12:53:28,Old,Dr. Ashwin Sadavarte,500,200,0,700,700,0,0,60,2024-08-11
10770,20240087,2024-07-22,13:30:42,Old,Dr. Ashwin Sadavarte,500,0,0,500,500,0,0,60,2024-09-20
10771,20240087,2024-09-03,09:52:07,Old,Dr. Ashwin Sadavarte,400,0,0,400,400,0,0,60,2024-11-02
10772,20240087,2024-09-26,11:24:12,Old,Dr. Ashwin Sadavarte,300,0,0,300,100,0,200,,
10773,20240087,2024-11-15,12:07:42,Old,Dr. Ashwin Sadavarte,400,0,0,400,400,0,0,30,2024-12-15
10774,20240087,2024-12-08,09:55:48,Old,Dr. Ashwin Sadavarte,300,0,0,300,300,0,0,,
10775,20240087,2025-01-13,10:20:42,Old,Dr. Ashwin Sadavarte,500,0,0,500,500,0,0,30,2025-02-12
10776,20240087,2025-02-10,10:54:23,Old,Dr. Ashwin Sadavarte,300,0,0,300,300,0,0,60,2025-04-11
10777,20240087,2025-03-20,12:19:38,Old,Dr. Ashwin Sadavarte,300,0,0,300,300,0,0,15,2025-04-04
10778,20240087,2025-04-27,09:34:40,Old,Dr. Ashwin Sadavarte,400,0,0,400,400,0,0,30,2025-05-27
10779,20240087,2025-05-29,12:57:52,Old,Dr. Ashwin Sadavarte,500,0,0,500,200,0,300,90,2025-08-27
10780,20240087,2025-06-28,09:29:04,Old,Dr. Ashwin Sadavarte,400,0,0,400,400,0,0,30,2025-07-28
10781,20240087,2025-08-01,13:11:10,Old,Dr. Ashwin Sadavarte,500,0,0,500,500,0,0,,
10782,20240087,2025-09-06,11:47:58,Old,Dr. Ashwin Sadavarte,500,0,0,500,0,0,500,60,2025-11-05
10783,20240087,2025-10-22,11:52:06,Old,Dr. Ashwin Sadavarte,300,0,0,300,300,0,0,30,2025-11-21
10784,20240088,2025-03-20,11:54:45,New,Dr. Ashwin Sadavarte,300,200,0,500,500,0,0,90,2025-06-18
10785,20240088,2025-05-25,09:34:00,Old,Dr. Ashwin Sadavarte,300,0,0,300,300,0,0,30,2025-06-24
10786,20240088,2025-07-31,12:33:04,Old,Dr. Ashwin Sadavarte,300,200,0,500,500,0,0,90,2025-10-29
10787,20240088,2025-09-26,13:31:53,Old,Dr. Ashwin Sadavarte,300,0,0,300,300,0,0,15,2025-10-11
10788,20240088,2025-11-20,13:57:54,Old,Dr. Ashwin Sadavarte,400,0,0,400,100,0,300,30,2025-12-20
10789,20240089,2024-08-21,12:48:35,New,Dr. Ashwin Sadavarte,500,0,0,500,500,0,0,30,2024-09-20
10790,20240089,2024-11-28,12:48:39,Old,Dr. Ashwin Sadavarte,300,200,0,500,500,0,0,,
10791,20240089,2025-03-12,10:47:17,Old,Dr. Ashwin Sadavarte,500,0,0,500,500,0,0,30,2025-04-11
10792,20240089,2025-06-15,09:30:18,Old,Dr. Ashwin Sadavarte,500,200,0,700,700,0,0,30,2025-07-15
10793,20240089,2025-09-19,12:13:47,Old,Dr. Ashwin Sadavarte,500,200,0,700,700,0,0,90,2025-12-18
10794,20240090,2024-02-18,10:17:10,New,Dr. Ashwin Sadavarte,400,0,0,400,400,0,0,15,2024-03-04
10795,20240090,2024-04-30,11:21:53,Old,Dr. Ashwin Sadavarte,500,300,0,800,800,0,0,60,2024-06-29
10796,20240090,2024-06-22,10:55:25,Old,Dr. Ashwin Sadavarte,400,300,0,700,700,0,0,,
10797,20240090,2024-09-03,12:17:43,Old,Dr. Ashwin Sadavarte,400,200,0,600,600,0,0,30,2024-10-03
10798,20240090,2024-10-31,11:35:42,Old,Dr. Ashwin Sadavarte,500,0,0,500,500,0,0,,
10799,20240090,2025-01-04,10:21:41,Old,Dr. Ashwin Sadavarte,400,200,0,600,200,0,400,15,2025-01-19
10800,20240090,2025-03-16,11:39:32,Old,Dr. Ashwin Sadavarte,400,0,0,400,400,0,0,,
10801,20240090,2025-05-07,12:54:55,Old,Dr. Ashwin Sadavarte,300,200,0,500,500,0,0,,
10802,20240090,2025-07-10,12:07:32,Old,Dr. Ashwin Sadavarte,400,0,0,400,400,0,0,30,2025-08-09
10803,20240090,2025-09-22,11:07:34,Old,Dr. Ashwin Sadavarte,400,0,0,400,400,0,0,30,2025-10-22
10804,20240090,2025-11-16,13:18:17,Old,Dr. Ashwin Sadavarte,300,200,0,500,500,0,0,,
10805,20240090,2026-01-17,09:05:42,Old,Dr. Ashwin Sadavarte,500,0,0,500,500,0,0,60,2026-03-18
10806,20240090,2026-04-01,11:11:05,Old,Dr. Ashwin Sadavarte,300,300,0,600,600,0,0,30,2026-05-01
10807,20240090,2026-06-17,11:26:47,Old,Dr. Ashwin Sadavarte,500,200,0,700,700,0,0,90,2026-09-15
10808,20240091,2026-08-30,12:56:53,New,Dr. Ashwin Sadavarte,300,300,0,600,200,0,400,90,2026-11-28
10809,20240092,2023-09-09,10:20:14,New,Dr. Ashwin Sadavarte,300,0,0,300,300,0,0,90,2023-12-08
10810,20240092,2023-10-22,12:53:42,Old,Dr. Ashwin Sadavarte,400,200,0,600,600,0,0,60,2023-12-21
10811,20240092,2023-11-13,09:42:31,Old,Dr. Ashwin Sadavarte,400,300,0,700,700,0,0,15,2023-11-28
10812,20240092,2023-12-25,12:13:01,Old,Dr. Ashwin Sadavarte,400,200,0,600,600,0,0,60,2024-02-23
10813,20240092,2024-02-01,10:44:37,Old,Dr. Ashwin Sadavarte,500,0,0,500,500,0,0,60,2024-04-01
10814,20240092,2024-07-10,13:04:33,Old,Dr. Ashwin Sadavarte,400,0,0,400,400,0,0,60,2024-09-08
10815,20240092,2025-04-13,12:33:39,Old,Dr. Ashwin Sadavarte,400,0,0,400,400,0,0,30,2025-05-13
10816,20240092,2025-05-14,13:57:41,Old,Dr. Ashwin Sadavarte,500,0,0,500,500,0,0,30,2025-06-13
10817,20240092,2025-06-28,13:07:39,Old,Dr. Ashwin Sadavarte,300,200,0,500,0,0,500,,
10818,20240092,2025-08-01,13:05:28,Old,Dr. Ashwin Sadavarte,400,300,0,700,700,0,0,90,2025-10-30
10819,20240092,2025-09-14,13:17:32,Old,Dr. Ashwin Sadavarte,300,0,0,300,300,0,0,90,2025-12-13
10820,20240092,2026-05-15,10:12:39,Old,Dr. Ashwin Sadavarte,500,200,0,700,700,0,0,90,2026-08-13
10821,20240092,2026-06-12,12:15:03,Old,Dr. Ashwin Sadavarte,300,200,0,500,100,0,400,60,2026-08-11
10822,20240093,2026-08-19,13:50:54,New,Dr. Ashwin Sadavarte,500,0,0,500,500,0,0,30,2026-09-18
10823,20240094,2024-01-13,13:59:07,New,Dr. R. Mahalle,300,200,0,500,500,0,0,60,2024-03-13
10824,20240094,2024-03-22,09:01:50,Old,Dr. R. Mahalle,300,0,0,300,300,0,0,60,2024-05-21
10825,20240094,2024-05-13,09:41:35,Old,Dr. R. Mahalle,400,0,0,400,400,0,0,,
10826,20240094,2024-07-09,12:25:44,Old,Dr. R. Mahalle,400,300,0,700,700,0,0,30,2024-08-08
10827,20240094,2024-09-15,11:59:26,Old,Dr. R. Mahalle,300,200,0,500,500,0,0,15,2024-09-30
10828,20240094,2024-11-13,11:28:05,Old,Dr. R. Mahalle,300,0,0,300,300,0,0,,
10829,20240094,2025-02-01,12:18:42,Old,Dr. R. Mahalle,400,0,0,400,400,0,0,90,2025-05-02
10830,20240095,2025-09-08,12:21:00,New,Dr. R. Mahalle,500,0,0,500,500,0,0,30,2025-10-08
10831,20240095,2025-11-22,10:09:56,Old,Dr. R. Mahalle,400,0,0,400,400,0,0,60,2026-01-21
10832,20240095,2026-08-01,10:55:06,Old,Dr. R. Mahalle,400,0,0,400,200,0,200,15,2026-08-16
10833,20240096,2023-11-05,11:55:31,New,Dr. Ashwin Sadavarte,400,0,0,400,400,0,0,,
10834,20240096,2024-06-10,13:56:33,Old,Dr. Ashwin Sadavarte,400,0,0,400,400,0,0,60,2024-08-09
10835,20240096,2024-08-09,12:14:30,Old,Dr. Ashwin Sadavarte,300,0,0,300,300,0,0,90,2024-11-07
10836,20240096,2024-10-21,09:30:00,Old,Dr. Ashwin Sadavarte,400,0,0,400,400,0,0,90,2025-01-19
10837,20240096,2024-12-30,11:31:49,Old,Dr. Ashwin Sadavarte,500,0,0,500,500,0,0,30,2025-01-29
10838,20240096,2025-02-23,13:53:33,Old,Dr. Ashwin Sadavarte,300,200,0,500,500,0,0,60,2025-04-24
10839,20240096,2025-07-24,11:37:45,Old,Dr. Ashwin Sadavarte,300,0,0,300,300,0,0,30,2025-08-23
10840,20240096,2026-01-10,12:03:43,Old,Dr. Ashwin Sadavarte,300,0,0,300,300,0,0,,
10841,20240096,2026-03-03,09:21:48,Old,Dr. Ashwin Sadavarte,400,200,0,600,100,0,500,30,2026-04-02
10842,20240096,2026-05-18,12:01:10,Old,Dr. Ashwin Sadavarte,300,200,0,500,500,0,0,,
10843,20240096,2026-07-25,09:20:33,Old,Dr. Ashwin Sadavarte,500,0,0,500,500,0,0,60,2026-09-23
10844,20240097,2024-09-01,10:41:56,New,Dr. R. Mahalle,400,0,0,400,400,0,0,15,2024-09-16
10845,20240097,2024-11-20,11:13:17,Old,Dr. R. Mahalle,400,0,0,400,400,0,0,30,2024-12-20
10846,20240097,2025-01-21,11:39:09,Old,Dr. R. Mahalle,400,0,0,400,400,0,0,60,2025-03-22
10847,20240097,2025-04-03,11:41:27,Old,Dr. R. Mahalle,500,0,0,500,200,0,300,,
10848,20240097,2025-05-26,11:03:16,Old,Dr. R. Mahalle,500,200,0,700,700,0,0,15,2025-06-10
10849,20240097,2025-08-03,12:40:06,Old,Dr. R. Mahalle,500,0,0,500,500,0,0,60,2025-10-02
10850,20240097,2025-10-05,10:13:15,Old,Dr. R. Mahalle,300,300,0,600,600,0,0,60,2025-12-04
10851,20240097,2025-12-11,11:46:09,Old,Dr. R. Mahalle,400,0,0,400,0,0,400,60,2026-02-09
10852,20240097,2026-02-24,10:31:13,Old,Dr. R. Mahalle,500,0,0,500,500,0,0,90,2026-05-25
10853,20240097,2026-05-13,10:52:46,Old,Dr. R. Mahalle,500,0,0,500,500,0,0,30,2026-06-12
10854,20240098,2024-01-16,11:20:19,New,Dr. Ashwin Sadavarte,400,0,0,400,400,0,0,30,2024-02-15
10855,20240098,2024-03-25,12:37:35,Old,Dr. Ashwin Sadavarte,500,300,0,800,800,0,0,30,2024-04-24
10856,20240098,2024-05-16,10:01:38,Old,Dr. Ashwin Sadavarte,300,300,0,600,600,0,0,15,2024-05-31
10857,20240098,2024-07-13,13:37:08,Old,Dr. Ashwin Sadavarte,300,200,0,500,500,0,0,30,2024-08-12
10858,20240098,2024-09-17,10:24:51,Old,Dr. Ashwin Sadavarte,300,0,0,300,300,0,0,60,2024-11-16
10859,20240098,2024-11-28,12:20:45,Old,Dr. Ashwin Sadavarte,500,0,0,500,500,0,0,60,2025-01-27
10860,20240098,2025-01-27,11:55:40,Old,Dr. Ashwin Sadavarte,300,0,0,300,300,0,0,15,2025-02-11
10861,20240098,2025-04-09,09:01:18,Old,Dr. Ashwin Sadavarte,300,0,0,300,300,0,0,15,2025-04-24
10862,20240098,2025-06-14,10:42:57,Old,Dr. Ashwin Sadavarte,300,0,0,300,0,0,300,90,2025-09-12
10863,20240098,2025-09-02,09:40:02,Old,Dr. Ashwin Sadavarte,500,200,0,700,700,0,0,60,2025-11-01
10864,20240098,2025-11-16,10:55:28,Old,Dr. Ashwin Sadavarte,500,0,0,500,500,0,0,30,2025-12-16
10865,20240098,2026-02-01,13:09:41,Old,Dr. Ashwin Sadavarte,400,200,0,600,600,0,0,,
10866,20240099,2023-08-16,13:31:54,New,Dr. R. Mahalle,300,0,0,300,300,0,0,60,2023-10-15
10867,20240099,2023-11-30,11:59:47,Old,Dr. R. Mahalle,300,200,0,500,500,0,0,,
10868,20240099,2024-02-21,13:37:17,Old,Dr. R. Mahalle,500,300,0,800,800,0,0,90,2024-05-21
10869,20240099,2024-06-04,12:51:11,Old,Dr. R. Mahalle,400,300,0,700,700,0,0,,
10870,20240099,2024-09-13,09:05:44,Old,Dr. R. Mahalle,500,0,0,500,500,0,0,30,2024-10-13
10871,20240099,2024-12-06,10:52:14,Old,Dr. R. Mahalle,500,0,0,500,500,0,0,15,2024-12-21
10872,20240099,2025-03-16,09:29:36,Old,Dr. R. Mahalle,400,0,0,400,400,0,0,60,2025-05-15
10873,20240099,2025-06-09,11:01:28,Old,Dr. R. Mahalle,400,300,0,700,700,0,0,60,2025-08-08
10874,20240099,2025-09-18,09:18:39,Old,Dr. R. Mahalle,400,0,0,400,400,0,0,,
10875,20240100,2024-10-03,11:54:44,New,Dr. Ashwin Sadavarte,300,300,0,600,600,0,0,15,2024-10-18
10876,20240100,2024-12-07,11:47:15,Old,Dr. Ashwin Sadavarte,400,0,0,400,400,0,0,30,2025-01-06
10877,20240100,2025-02-02,11:48:03,Old,Dr. Ashwin Sadavarte,300,0,0,300,300,0,0,30,2025-03-04
10878,20240100,2025-03-28,13:10:25,Old,Dr. Ashwin Sadavarte,400,0,0,400,0,0,400,90,2025-06-26
10879,20240101,2023-12-28,12:50:05,New,Dr. Ashwin Sadavarte,400,0,0,400,400,0,0,15,2024-01-12
10880,20240101,2024-01-28,09:16:13,Old,Dr. Ashwin Sadavarte,500,0,0,500,500,0,0,30,2024-02-27
10881,20240101,2024-02-23,10:21:48,Old,Dr. Ashwin Sadavarte,300,0,0,300,300,0,0,60,2024-04-23
10882,20240101,2024-04-12,12:28:57,Old,Dr. Ashwin Sadavarte,500,0,0,500,500,0,0,,
10883,20240101,2024-05-04,10:40:56,Old,Dr. Ashwin Sadavarte,500,200,0,700,200,0,500,90,2024-08-02
10884,20240101,2024-06-09,13:03:40,Old,Dr. Ashwin Sadavarte,400,0,0,400,400,0,0,15,2024-06-24
10885,20240101,2024-07-13,10:32:20,Old,Dr. Ashwin Sadavarte,300,200,0,500,500,0,0,30,2024-08-12
10886,20240101,2024-08-25,09:52:18,Old,Dr. Ashwin Sadavarte,500,0,0,500,500,0,0,15,2024-09-09
10887,20240101,2024-10-03,09:23:26,Old,Dr. Ashwin Sadavarte,500,0,0,500,500,0,0,30,2024-11-02
10888,20240101,2024-10-27,09:58:18,Old,Dr. Ashwin Sadavarte,500,300,0,800,800,0,0,15,2024-11-11
10889,20240101,2024-12-02,10:49:53,Old,Dr. Ashwin Sadavarte,300,0,0,300,300,0,0,30,2025-01-01
10890,20240101,2025-01-13,13:42:40,Old,Dr. Ashwin Sadavarte,300,0,0,300,300,0,0,60,2025-03-14
10891,20240101,2025-02-04,11:06:42,Old,Dr. Ashwin Sadavarte,400,300,0,700,700,0,0,90,2025-05-05
10892,20240101,2025-02-27,13:56:36,Old,Dr. Ashwin Sadavarte,400,0,0,400,400,0,0,90,2025-05-28
10893,20240101,2025-04-03,10:17:30,Old,Dr. Ashwin Sadavarte,400,0,0,400,400,0,0,,
10894,20240101,2025-05-12,11:35:50,Old,Dr. Ashwin Sadavarte,500,0,0,500,500,0,0,30,2025-06-11
10895,20240101,2025-06-05,10:53:34,Old,Dr. Ashwin Sadavarte,300,0,0,300,300,0,0,60,2025-08-04
10896,20240101,2025-07-25,10:40:23,Old,Dr. Ashwin Sadavarte,300,200,0,500,500,0,0,60,2025-09-23
10897,20240101,2025-08-24,11:59:46,Old,Dr. Ashwin Sadavarte,500,0,0,500,500,0,0,90,2025-11-22
10898,20240101,2025-09-22,12:48:58,Old,Dr. Ashwin Sadavarte,400,0,0,400,400,0,0,90,2025-12-21
10899,20240101,2025-10-27,13:40:57,Old,Dr. Ashwin Sadavarte,500,200,0,700,700,0,0,60,2025-12-26
10900,20240101,2025-11-29,11:14:14,Old,Dr. Ashwin Sadavarte,400,0,0,400,400,0,0,90,2026-02-27
10901,20240101,2026-01-08,13:15:04,Old,Dr. Ashwin Sadavarte,500,300,0,800,800,0,0,30,2026-02-07
10902,20240101,2026-02-14,11:17:03,Old,Dr. Ashwin Sadavarte,300,0,0,300,300,0,0,,
10903,20240101,2026-03-12,12:03:31,Old,Dr. Ashwin Sadavarte,300,200,0,500,500,0,0,60,2026-05-11
10904,20240101,2026-04-24,13:27:53,Old,Dr. Ashwin Sadavarte,500,0,0,500,500,0,0,90,2026-07-23
10905,20240101,2026-05-23,11:47:14,Old,Dr. Ashwin Sadavarte,400,0,0,400,400,0,0,90,2026-08-21
10906,20240101,2026-07-03,12:38:13,Old,Dr. Ashwin Sadavarte,300,200,0,500,500,0,0,30,2026-08-02
10907,20240101,2026-08-17,12:11:40,Old,Dr. Ashwin Sadavarte,400,300,0,700,200,0,500,30,2026-09-16
10908,20240102,2025-07-17,12:56:12,New,Dr. R. Mahalle,500,200,0,700,700,0,0,60,2025-09-15
10909,20240102,2025-08-31,12:45:33,Old,Dr. R. Mahalle,300,300,0,600,600,0,0,30,2025-09-30
10910,20240102,2025-10-02,13:18:26,Old,Dr. R. Mahalle,400,0,0,400,400,0,0,60,2025-12-01
10911,20240102,2025-10-25,12:11:28,Old,Dr. R. Mahalle,500,200,0,700,700,0,0,60,2025-12-24
10912,20240103,2023-11-11,13:51:01,New,Dr. Ashwin Sadavarte,300,0,0,300,300,0,0,90,2024-02-09
10913,20240103,2023-12-23,13:38:03,Old,Dr. Ashwin Sadavarte,500,0,0,500,500,0,0,15,2024-01-07
10914,20240103,2024-01-21,09:21:47,Old,Dr. Ashwin Sadavarte,400,200,0,600,600,0,0,15,2024-02-05
10915,20240103,2024-02-26,12:26:16,Old,Dr. Ashwin Sadavarte,300,0,0,300,300,0,0,30,2024-03-27
10916,20240103,2024-03-21,11:36:19,Old,Dr. Ashwin Sadavarte,400,200,0,600,600,0,0,,
10917,20240103,2024-04-25,11:23:51,Old,Dr. Ashwin Sadavarte,300,0,0,300,300,0,0,30,2024-05-25
10918,20240103,2024-06-11,11:01:00,Old,Dr. Ashwin Sadavarte,400,0,0,400,400,0,0,15,2024-06-26
10919,20240103,2024-07-13,10:24:01,Old,Dr. Ashwin Sadavarte,400,300,0,700,200,0,500,90,2024-10-11
10920,20240103,2024-08-05,12:13:47,Old,Dr. Ashwin Sadavarte,500,300,0,800,800,0,0,,
10921,20240103,2024-09-14,11:54:12,Old,Dr. Ashwin Sadavarte,400,0,0,400,400,0,0,,
10922,20240103,2024-10-14,12:07:13,Old,Dr. Ashwin Sadavarte,500,300,0,800,800,0,0,30,2024-11-13
10923,20240103,2024-11-26,09:23:24,Old,Dr. Ashwin Sadavarte,300,200,0,500,500,0,0,15,2024-12-11
10924,20240103,2025-01-07,12:32:01,Old,Dr. Ashwin Sadavarte,500,200,0,700,700,0,0,,
10925,20240103,2025-02-03,11:44:15,Old,Dr. Ashwin Sadavarte,300,0,0,300,300,0,0,60,2025-04-04
10926,20240103,2025-03-18,12:22:39,Old,Dr. Ashwin Sadavarte,300,0,0,300,300,0,0,90,2025-06-16
10927,20240103,2025-05-04,09:00:36,Old,Dr. Ashwin Sadavarte,300,300,0,600,600,0,0,,
10928,20240103,2025-06-20,09:53:38,Old,Dr. Ashwin Sadavarte,500,300,0,800,800,0,0,15,2025-07-05
10929,20240103,2025-07-18,13:17:24,Old,Dr. Ashwin Sadavarte,300,0,0,300,300,0,0,30,2025-08-17
10930,20240103,2025-08-30,12:26:21,Old,Dr. Ashwin Sadavarte,400,300,0,700,700,0,0,30,2025-09-29
10931,20240103,2025-09-24,09:17:25,Old,Dr. Ashwin Sadavarte,400,200,0,600,600,0,0,90,2025-12-23
10932,20240103,2025-10-27,11:07:58,Old,Dr. Ashwin Sadavarte,400,0,0,400,400,0,0,15,2025-11-11
10933,20240103,2025-12-06,12:48:18,Old,Dr. Ashwin Sadavarte,400,0,0,400,400,0,0,90,2026-03-06
10934,20240103,2026-01-10,11:27:58,Old,Dr. Ashwin Sadavarte,400,200,0,600,600,0,0,30,2026-02-09
10935,20240103,2026-02-21,10:53:12,Old,Dr. Ashwin Sadavarte,400,0,0,400,400,0,0,90,2026-05-22
10936,20240103,2026-03-22,11:59:04,Old,Dr. Ashwin Sadavarte,500,0,0,500,100,0,400,30,2026-04-21
10937,20240103,2026-04-28,12:18:24,Old,Dr. Ashwin Sadavarte,300,0,0,300,300,0,0,15,2026-05-13
10938,20240103,2026-06-06,09:16:15,Old,Dr. Ashwin Sadavarte,500,0,0,500,500,0,0,30,2026-07-06
10939,20240103,2026-06-30,09:06:47,Old,Dr. Ashwin Sadavarte,300,300,0,600,100,0,500,15,2026-07-15
10940,20240103,2026-08-16,11:15:07,Old,Dr. Ashwin Sadavarte,400,0,0,400,400,0,0,60,2026-10-15
10941,20240103,2026-09-14,11:43:51,Old,Dr. Ashwin Sadavarte,400,200,0,600,600,0,0,,
10942,20240104,2024-10-25,09:12:22,New,Dr. Ashwin Sadavarte,500,0,0,500,500,0,0,,
10943,20240104,2025-01-12,10:04:41,Old,Dr. Ashwin Sadavarte,400,0,0,400,400,0,0,30,2025-02-11
10944,20240104,2025-03-12,13:33:03,Old,Dr. Ashwin Sadavarte,400,0,0,400,0,0,400,,
10945,20240104,2025-05-16,13:47:12,Old,Dr. Ashwin Sadavarte,400,0,0,400,400,0,0,30,2025-06-15
10946,20240104,2025-07-30,10:56:44,Old,Dr. Ashwin Sadavarte,300,0,0,300,100,0,200,15,2025-08-14
10947,20240104,2025-09-27,09:30:10,Old,Dr. Ashwin Sadavarte,500,200,0,700,700,0,0,30,2025-10-27
10948,20240104,2025-12-02,13:21:57,Old,Dr. Ashwin Sadavarte,500,0,0,500,500,0,0,60,2026-01-31
10949,20240104,2026-01-31,12:31:35,Old,Dr. Ashwin Sadavarte,300,0,0,300,200,0,100,90,2026-05-01
10950,20240104,2026-04-16,12:34:41,Old,Dr. Ashwin Sadavarte,400,0,0,400,400,0,0,30,2026-05-16
10951,20240104,2026-06-28,11:26:49,Old,Dr. Ashwin Sadavarte,300,0,0,300,300,0,0,90,2026-09-26
10952,20240104,2026-08-25,12:51:33,Old,Dr. Ashwin Sadavarte,400,0,0,400,400,0,0,60,2026-10-24
10953,20240105,2025-03-25,10:43:30,New,Dr. Ashwin Sadavarte,300,300,0,600,600,0,0,30,2025-04-24
10954,20240105,2025-05-02,10:05:28,Old,Dr. Ashwin Sadavarte,500,0,0,500,500,0,0,,
10955,20240106,2023-10-21,09:12:26,New,Dr. Ashwin Sadavarte,400,0,0,400,400,0,0,15,2023-11-05
10956,20240106,2023-12-31,12:50:54,Old,Dr. Ashwin Sadavarte,400,0,0,400,400,0,0,,
10957,20240106,2024-03-14,09:53:38,Old,Dr. Ashwin Sadavarte,400,300,0,700,0,0,700,30,2024-04-13
10958,20240106,2024-05-23,09:34:44,Old,Dr. Ashwin Sadavarte,300,300,0,600,100,0,500,60,2024-07-22
10959,20240106,2024-07-27,10:39:07,Old,Dr. Ashwin Sadavarte,400,0,0,400,200,0,200,15,2024-08-11
10960,20240106,2024-10-05,12:52:15,Old,Dr. Ashwin Sadavarte,400,0,0,400,400,0,0,,
10961,20240106,2024-12-08,11:36:31,Old,Dr. Ashwin Sadavarte,400,0,0,400,400,0,0,60,2025-02-06
10962,20240106,2025-02-10,09:50:43,Old,Dr. Ashwin Sadavarte,300,300,0,600,600,0,0,,
10963,20240106,2025-04-26,11:32:44,Old,Dr. Ashwin Sadavarte,300,0,0,300,300,0,0,,
10964,20240106,2025-06-18,11:03:46,Old,Dr. Ashwin Sadavarte,300,300,0,600,600,0,0,90,2025-09-16
10965,20240106,2025-08-26,09:04:55,Old,Dr. Ashwin Sadavarte,300,200,0,500,500,0,0,90,2025-11-24
10966,20240106,2025-11-08,13:56:08,Old,Dr. Ashwin Sadavarte,400,0,0,400,400,0,0,90,2026-02-06
10967,20240106,2026-01-24,11:59:59,Old,Dr. Ashwin Sadavarte,500,0,0,500,500,0,0,30,2026-02-23
10968,20240106,2026-04-13,13:37:49,Old,Dr. Ashwin Sadavarte,300,0,0,300,300,0,0,90,2026-07-12
10969,20240106,2026-06-27,13:54:49,Old,Dr. Ashwin Sadavarte,500,200,0,700,700,0,0,60,2026-08-26
10970,20240106,2026-09-13,12:52:16,Old,Dr. Ashwin Sadavarte,300,300,0,600,600,0,0,,
10971,20240107,2024-03-13,09:21:10,New,Dr. R. Mahalle,300,300,0,600,600,0,0,60,2024-05-12
10972,20240107,2024-05-15,13:07:02,Old,Dr. R. Mahalle,300,0,0,300,300,0,0,60,2024-07-14
10973,20240107,2024-07-11,10:25:40,Old,Dr. R. Mahalle,300,0,0,300,300,0,0,60,2024-09-09
10974,20240107,2024-09-15,13:27:51,Old,Dr. R. Mahalle,400,200,0,600,600,0,0,30,2024-10-15
10975,20240107,2024-11-16,13:45:27,Old,Dr. R. Mahalle,500,0,0,500,500,0,0,30,2024-12-16
10976,20240107,2025-01-20,10:59:26,Old,Dr. R. Mahalle,400,0,0,400,400,0,0,,
10977,20240107,2025-03-24,10:43:53,Old,Dr. R. Mahalle,500,200,0,700,700,0,0,90,2025-06-22
10978,20240108,2024-02-21,10:18:31,New,Dr. Ashwin Sadavarte,500,200,0,700,700,0,0,,
10979,20240108,2024-03-24,11:06:26,Old,Dr. Ashwin Sadavarte,500,0,0,500,500,0,0,15,2024-04-08
10980,20240108,2024-05-08,09:26:37,Old,Dr. Ashwin Sadavarte,400,300,0,700,700,0,0,60,2024-07-07
10981,20240108,2024-06-21,10:58:16,Old,Dr. Ashwin Sadavarte,500,0,0,500,500,0,0,30,2024-07-21
10982,20240108,2024-08-05,12:04:08,Old,Dr. Ashwin Sadavarte,300,0,0,300,300,0,0,,
10983,20240108,2024-09-09,13:15:29,Old,Dr. Ashwin Sadavarte,500,0,0,500,500,0,0,30,2024-10-09
10984,20240108,2024-10-13,10:03:58,Old,Dr. Ashwin Sadavarte,500,200,0,700,700,0,0,60,2024-12-12
10985,20240108,2024-11-05,12:12:35,Old,Dr. Ashwin Sadavarte,400,300,0,700,700,0,0,30,2024-12-05
10986,20240108,2024-12-18,09:44:40,Old,Dr. Ashwin Sadavarte,500,200,0,700,700,0,0,30,2025-01-17
10987,20240108,2025-02-04,12:17:37,Old,Dr. Ashwin Sadavarte,400,300,0,700,700,0,0,30,2025-03-06
10988,20240108,2025-03-23,10:42:58,Old,Dr. Ashwin Sadavarte,500,0,0,500,500,0,0,30,2025-04-22
10989,20240108,2025-04-20,11:50:30,Old,Dr. Ashwin Sadavarte,400,300,0,700,700,0,0,30,2025-05-20
10990,20240108,2025-05-12,13:06:54,Old,Dr. Ashwin Sadavarte,500,300,0,800,800,0,0,30,2025-06-11
10991,20240108,2025-06-21,12:23:46,Old,Dr. Ashwin Sadavarte,500,200,0,700,700,0,0,30,2025-07-21
10992,20240108,2025-07-30,11:52:07,Old,Dr. Ashwin Sadavarte,400,0,0,400,400,0,0,60,2025-09-28
10993,20240108,2025-08-22,13:29:54,Old,Dr. Ashwin Sadavarte,300,0,0,300,300,0,0,90,2025-11-20
10994,20240108,2025-09-24,13:34:37,Old,Dr. Ashwin Sadavarte,400,200,0,600,600,0,0,90,2025-12-23
10995,20240108,2025-10-18,12:01:23,Old,Dr. Ashwin Sadavarte,300,0,0,300,300,0,0,30,2025-11-17
10996,20240108,2025-11-29,10:18:22,Old,Dr. Ashwin Sadavarte,500,300,0,800,800,0,0,30,2025-12-29
10997,20240108,2026-01-06,11:43:26,Old,Dr. Ashwin Sadavarte,400,0,0,400,400,0,0,30,2026-02-05
10998,20240109,2024-08-19,09:17:23,New,Dr. Ashwin Sadavarte,300,0,0,300,300,0,0,15,2024-09-03
10999,20240109,2024-10-30,12:39:47,Old,Dr. Ashwin Sadavarte,300,0,0,300,0,0,300,90,2025-01-28
11000,20240109,2025-01-05,10:10:12,Old,Dr. Ashwin Sadavarte,500,200,0,700,700,0,0,60,2025-03-06
11001,20240109,2025-03-02,09:48:42,Old,Dr. Ashwin Sadavarte,400,0,0,400,400,0,0,30,2025-04-01
11002,20240109,2025-05-21,13:09:10,Old,Dr. Ashwin Sadavarte,400,0,0,400,400,0,0,,
11003,20240109,2025-07-17,12:26:11,Old,Dr. Ashwin Sadavarte,400,200,0,600,600,0,0,60,2025-09-15
11004,20240109,2025-09-15,11:27:30,Old,Dr. Ashwin Sadavarte,300,200,0,500,0,0,500,15,2025-09-30
11005,20240109,2025-11-07,09:12:32,Old,Dr. Ashwin Sadavarte,300,0,0,300,300,0,0,,
11006,20240109,2026-01-26,10:57:55,Old,Dr. Ashwin Sadavarte,500,300,0,800,800,0,0,60,2026-03-27
11007,20240109,2026-03-29,09:37:40,Old,Dr. Ashwin Sadavarte,500,0,0,500,500,0,0,90,2026-06-27
11008,20240109,2026-06-12,12:36:08,Old,Dr. Ashwin Sadavarte,400,0,0,400,400,0,0,90,2026-09-10
11009,20240109,2026-08-14,13:52:16,Old,Dr. Ashwin Sadavarte,500,0,0,500,500,0,0,,
11010,20240110,2024-07-18,09:47:02,New,Dr. R. Mahalle,500,0,0,500,500,0,0,,
11011,20240110,2024-10-01,11:23:50,Old,Dr. R. Mahalle,400,0,0,400,400,0,0,90,2024-12-30
11012,20240110,2024-11-24,12:11:55,Old,Dr. R. Mahalle,300,0,0,300,300,0,0,30,2024-12-24
11013,20240110,2025-07-02,09:47:39,Old,Dr. R. Mahalle,500,300,0,800,800,0,0,15,2025-07-17
11014,20240110,2025-08-28,12:54:57,Old,Dr. R. Mahalle,300,0,0,300,300,0,0,60,2025-10-27
11015,20240110,2025-11-12,09:32:44,Old,Dr. R. Mahalle,500,0,0,500,500,0,0,60,2026-01-11
11016,20240110,2026-01-21,13:27:49,Old,Dr. R. Mahalle,300,300,0,600,100,0,500,,
11017,20240110,2026-03-28,09:37:36,Old,Dr. R. Mahalle,400,200,0,600,100,0,500,30,2026-04-27
11018,20240110,2026-05-20,12:21:41,Old,Dr. R. Mahalle,500,0,0,500,500,0,0,15,2026-06-04
11019,20240110,2026-07-31,09:13:31,Old,Dr. R. Mahalle,300,200,0,500,500,0,0,30,2026-08-30
11020,20240111,2024-10-24,11:22:12,New,Dr. R. Mahalle,500,300,0,800,800,0,0,30,2024-11-23
11021,20240111,2024-11-20,10:06:33,Old,Dr. R. Mahalle,500,0,0,500,500,0,0,60,2025-01-19
11022,20240111,2024-12-12,09:52:33,Old,Dr. R. Mahalle,300,200,0,500,500,0,0,30,2025-01-11
11023,20240111,2025-01-08,11:46:18,Old,Dr. R. Mahalle,500,0,0,500,500,0,0,90,2025-04-08
11024,20240111,2025-02-08,09:39:02,Old,Dr. R. Mahalle,300,200,0,500,500,0,0,60,2025-04-09
11025,20240111,2025-03-15,11:01:29,Old,Dr. R. Mahalle,400,0,0,400,400,0,0,90,2025-06-13
11026,20240111,2025-04-16,12:45:03,Old,Dr. R. Mahalle,300,0,0,300,300,0,0,30,2025-05-16
11027,20240111,2025-12-27,09:28:33,Old,Dr. R. Mahalle,400,0,0,400,400,0,0,30,2026-01-26
11028,20240111,2026-09-01,12:53:08,Old,Dr. R. Mahalle,500,0,0,500,200,0,300,30,2026-10-01
11029,20240112,2024-11-04,10:39:42,New,Dr. R. Mahalle,400,200,0,600,600,0,0,30,2024-12-04
11030,20240112,2024-12-03,11:49:44,Old,Dr. R. Mahalle,400,0,0,400,400,0,0,60,2025-02-01
11031,20240112,2025-01-12,11:28:51,Old,Dr. R. Mahalle,400,0,0,400,400,0,0,30,2025-02-11
11032,20240112,2025-02-19,09:27:10,Old,Dr. R. Mahalle,400,200,0,600,600,0,0,15,2025-03-06
11033,20240112,2025-10-01,12:06:25,Old,Dr. R. Mahalle,500,200,0,700,700,0,0,,
11034,20240112,2025-11-03,09:35:07,Old,Dr. R. Mahalle,500,0,0,500,500,0,0,30,2025-12-03
11035,20240112,2026-07-31,10:52:46,Old,Dr. R. Mahalle,300,0,0,300,300,0,0,,
11036,20240112,2026-08-31,13:43:51,Old,Dr. R. Mahalle,400,200,0,600,600,0,0,30,2026-09-30
11037,20240113,2025-01-10,11:28:16,New,Dr. Ashwin Sadavarte,300,300,0,600,600,0,0,15,2025-01-25
11038,20240113,2025-03-23,13:56:53,Old,Dr. Ashwin Sadavarte,500,0,0,500,500,0,0,60,2025-05-22
11039,20240113,2025-05-14,10:06:47,Old,Dr. Ashwin Sadavarte,400,200,0,600,600,0,0,15,2025-05-29
11040,20240113,2025-07-17,12:20:44,Old,Dr. Ashwin Sadavarte,400,0,0,400,400,0,0,60,2025-09-15
11041,20240114,2025-03-19,13:41:44,New,Dr. R. Mahalle,500,300,0,800,800,0,0,30,2025-04-18
11042,20240114,2025-04-10,13:04:44,Old,Dr. R. Mahalle,300,0,0,300,300,0,0,90,2025-07-09
11043,20240114,2025-05-29,11:33:22,Old,Dr. R. Mahalle,500,300,0,800,800,0,0,30,2025-06-28
11044,20240114,2025-07-08,13:59:06,Old,Dr. R. Mahalle,300,0,0,300,300,0,0,90,2025-10-06
11045,20240114,2025-08-12,09:56:54,Old,Dr. R. Mahalle,400,200,0,600,600,0,0,15,2025-08-27
11046,20240114,2025-09-04,13:52:24,Old,Dr. R. Mahalle,300,0,0,300,300,0,0,90,2025-12-03
11047,20240114,2025-09-29,09:44:32,Old,Dr. R. Mahalle,400,200,0,600,600,0,0,30,2025-10-29
11048,20240114,2025-11-01,09:57:09,Old,Dr. R. Mahalle,500,0,0,500,500,0,0,60,2025-12-31
11049,20240114,2025-11-29,12:32:43,Old,Dr. R. Mahalle,300,0,0,300,300,0,0,30,2025-12-29
11050,20240114,2025-12-31,11:00:54,Old,Dr. R. Mahalle,400,0,0,400,400,0,0,90,2026-03-31
11051,20240114,2026-01-28,11:14:13,Old,Dr. R. Mahalle,300,300,0,600,600,0,0,,
11052,20240114,2026-03-16,12:19:08,Old,Dr. R. Mahalle,500,200,0,700,700,0,0,,
11053,20240114,2026-04-27,10:28:38,Old,Dr. R. Mahalle,400,0,0,400,400,0,0,60,2026-06-26
11054,20240114,2026-06-13,10:29:57,Old,Dr. R. Mahalle,500,0,0,500,500,0,0,60,2026-08-12
11055,20240114,2026-07-05,12:11:22,Old,Dr. R. Mahalle,300,0,0,300,300,0,0,30,2026-08-04
11056,20240114,2026-08-07,12:10:24,Old,Dr. R. Mahalle,400,300,0,700,700,0,0,60,2026-10-06
11057,20240114,2026-09-05,11:58:34,Old,Dr. R. Mahalle,500,200,0,700,0,0,700,60,2026-11-04
11058,20240115,2025-06-23,13:59:38,New,Dr. Ashwin Sadavarte,300,300,0,600,600,0,0,30,2025-07-23
11059,20240115,2025-10-09,10:40:11,Old,Dr. Ashwin Sadavarte,500,0,0,500,500,0,0,30,2025-11-08
11060,20240115,2025-12-31,09:48:50,Old,Dr. Ashwin Sadavarte,400,0,0,400,400,0,0,30,2026-01-30
11061,20240115,2026-04-20,09:48:07,Old,Dr. Ashwin Sadavarte,500,200,0,700,700,0,0,30,2026-05-20
11062,20240115,2026-07-20,13:55:56,Old,Dr. Ashwin Sadavarte,400,0,0,400,400,0,0,90,2026-10-18
11063,20240116,2025-03-03,12:47:56,New,Dr. Ashwin Sadavarte,400,0,0,400,400,0,0,,
11064,20240116,2025-03-31,11:38:16,Old,Dr. Ashwin Sadavarte,400,0,0,400,400,0,0,30,2025-04-30
11065,20240116,2025-05-17,12:11:49,Old,Dr. Ashwin Sadavarte,300,200,0,500,500,0,0,,
11066,20240116,2025-06-23,09:34:16,Old,Dr. Ashwin Sadavarte,500,300,0,800,800,0,0,30,2025-07-23
11067,20240116,2025-07-24,10:28:42,Old,Dr. Ashwin Sadavarte,500,0,0,500,500,0,0,30,2025-08-23
11068,20240116,2025-08-29,13:05:42,Old,Dr. Ashwin Sadavarte,500,200,0,700,700,0,0,90,2025-11-27
11069,20240116,2025-10-16,10:10:30,Old,Dr. Ashwin Sadavarte,300,300,0,600,600,0,0,30,2025-11-15
11070,20240117,2024-12-22,13:41:37,New,Dr. R. Mahalle,300,200,0,500,0,0,500,30,2025-01-21
11071,20240117,2025-03-04,11:54:24,Old,Dr. R. Mahalle,300,0,0,300,300,0,0,,
11072,20240117,2025-05-15,13:27:28,Old,Dr. R. Mahalle,500,200,0,700,700,0,0,60,2025-07-14
11073,20240117,2025-07-22,11:00:56,Old,Dr. R. Mahalle,400,0,0,400,400,0,0,60,2025-09-20
11074,20240117,2025-10-10,11:22:28,Old,Dr. R. Mahalle,300,200,0,500,500,0,0,60,2025-12-09
11075,20240117,2025-12-06,09:55:38,Old,Dr. R. Mahalle,500,0,0,500,500,0,0,30,2026-01-05
11076,20240117,2026-02-06,11:22:12,Old,Dr. R. Mahalle,500,0,0,500,500,0,0,30,2026-03-08
11077,20240117,2026-04-08,13:45:07,Old,Dr. R. Mahalle,300,0,0,300,300,0,0,30,2026-05-08
11078,20240117,2026-06-02,10:03:28,Old,Dr. R. Mahalle,400,200,0,600,600,0,0,30,2026-07-02
11079,20240117,2026-08-08,12:06:23,Old,Dr. R. Mahalle,300,0,0,300,300,0,0,60,2026-10-07
11080,20240118,2024-03-07,13:08:18,New,Dr. R. Mahalle,500,0,0,500,500,0,0,30,2024-04-06
11081,20240118,2024-05-13,09:56:27,Old,Dr. R. Mahalle,300,0,0,300,300,0,0,60,2024-07-12
11082,20240118,2025-02-07,11:15:50,Old,Dr. R. Mahalle,500,0,0,500,500,0,0,30,2025-03-09
11083,20240118,2025-09-23,11:49:30,Old,Dr. R. Mahalle,500,0,0,500,500,0,0,15,2025-10-08
11084,20240118,2026-04-02,11:43:19,Old,Dr. R. Mahalle,500,0,0,500,200,0,300,15,2026-04-17
11085,20240118,2026-06-17,11:52:53,Old,Dr. R. Mahalle,500,200,0,700,700,0,0,30,2026-07-17
11086,20240118,2026-08-28,13:23:25,Old,Dr. R. Mahalle,400,300,0,700,700,0,0,,
11087,20240119,2023-10-09,11:06:26,New,Dr. Ashwin Sadavarte,500,0,0,500,500,0,0,30,2023-11-08
11088,20240119,2023-11-10,11:46:06,Old,Dr. Ashwin Sadavarte,300,200,0,500,500,0,0,,
11089,20240119,2023-12-21,11:05:08,Old,Dr. Ashwin Sadavarte,500,200,0,700,700,0,0,60,2024-02-19
11090,20240119,2024-01-16,11:43:48,Old,Dr. Ashwin Sadavarte,300,0,0,300,300,0,0,,
11091,20240119,2024-03-05,12:35:28,Old,Dr. Ashwin Sadavarte,400,0,0,400,400,0,0,60,2024-05-04
11092,20240119,2024-04-22,13:17:07,Old,Dr. Ashwin Sadavarte,400,0,0,400,100,0,300,90,2024-07-21
11093,20240119,2024-05-24,12:56:01,Old,Dr. Ashwin Sadavarte,500,0,0,500,500,0,0,90,2024-08-22
11094,20240119,2024-06-28,12:13:45,Old,Dr. Ashwin Sadavarte,500,0,0,500,500,0,0,60,2024-08-27
11095,20240119,2024-08-05,12:00:42,Old,Dr. Ashwin Sadavarte,300,0,0,300,300,0,0,30,2024-09-04
11096,20240119,2024-09-10,13:22:30,Old,Dr. Ashwin Sadavarte,300,200,0,500,500,0,0,60,2024-11-09
11097,20240119,2024-10-02,12:43:17,Old,Dr. Ashwin Sadavarte,500,0,0,500,500,0,0,30,2024-11-01
11098,20240119,2024-11-02,11:54:09,Old,Dr. Ashwin Sadavarte,300,0,0,300,300,0,0,60,2025-01-01
11099,20240119,2024-12-21,12:53:49,Old,Dr. Ashwin Sadavarte,300,0,0,300,300,0,0,30,2025-01-20
11100,20240119,2025-01-17,10:52:36,Old,Dr. Ashwin Sadavarte,500,0,0,500,500,0,0,,
11101,20240119,2025-02-21,11:19:16,Old,Dr. Ashwin Sadavarte,400,0,0,400,400,0,0,,
11102,20240119,2025-03-23,10:49:27,Old,Dr. Ashwin Sadavarte,300,0,0,300,0,0,300,30,2025-04-22
11103,20240119,2025-04-26,10:52:30,Old,Dr. Ashwin Sadavarte,300,300,0,600,600,0,0,30,2025-05-26
11104,20240119,2025-06-06,10:26:14,Old,Dr. Ashwin Sadavarte,500,300,0,800,800,0,0,30,2025-07-06
11105,20240119,2025-07-13,13:47:41,Old,Dr. Ashwin Sadavarte,400,0,0,400,400,0,0,15,2025-07-28
11106,20240119,2025-08-23,12:14:07,Old,Dr. Ashwin Sadavarte,300,300,0,600,600,0,0,15,2025-09-07
11107,20240119,2025-09-25,09:36:32,Old,Dr. Ashwin Sadavarte,300,0,0,300,300,0,0,,
11108,20240119,2025-10-18,13:29:31,Old,Dr. Ashwin Sadavarte,300,0,0,300,300,0,0,60,2025-12-17
11109,20240120,2026-07-16,13:17:51,New,Dr. Ashwin Sadavarte,400,0,0,400,400,0,0,,
11110,20240121,2025-05-09,10:28:10,New,Dr. Ashwin Sadavarte,400,0,0,400,400,0,0,,
11111,20240121,2026-01-29,12:05:39,Old,Dr. Ashwin Sadavarte,300,200,0,500,500,0,0,60,2026-03-30
11112,20240121,2026-05-02,13:26:53,Old,Dr. Ashwin Sadavarte,400,300,0,700,0,0,700,90,2026-07-31
11113,20240122,2024-02-08,13:50:23,New,Dr. R. Mahalle,500,0,0,500,500,0,0,15,2024-02-23
11114,20240122,2024-11-21,11:04:42,Old,Dr. R. Mahalle,300,300,0,600,600,0,0,,
11115,20240122,2025-05-30,12:51:44,Old,Dr. R. Mahalle,500,0,0,500,500,0,0,60,2025-07-29
11116,20240122,2026-02-24,09:00:31,Old,Dr. R. Mahalle,400,0,0,400,400,0,0,60,2026-04-25
11117,20240122,2026-04-19,09:18:39,Old,Dr. R. Mahalle,300,0,0,300,300,0,0,60,2026-06-18
11118,20240122,2026-06-30,13:03:21,Old,Dr. R. Mahalle,500,0,0,500,100,0,400,60,2026-08-29
11119,20240123,2024-01-06,09:16:50,New,Dr. Ashwin Sadavarte,500,0,0,500,200,0,300,60,2024-03-06
11120,20240123,2024-02-12,11:49:38,Old,Dr. Ashwin Sadavarte,500,0,0,500,500,0,0,90,2024-05-12
11121,20240123,2024-03-11,11:46:15,Old,Dr. Ashwin Sadavarte,300,0,0,300,300,0,0,30,2024-04-10
11122,20240123,2024-04-21,13:06:40,Old,Dr. Ashwin Sadavarte,300,0,0,300,100,0,200,30,2024-05-21
11123,20240123,2024-05-14,10:35:00,Old,Dr. Ashwin Sadavarte,300,200,0,500,500,0,0,30,2024-06-13
11124,20240123,2024-06-06,10:53:57,Old,Dr. Ashwin Sadavarte,400,0,0,400,400,0,0,15,2024-06-21
11125,20240123,2024-07-24,09:19:40,Old,Dr. Ashwin Sadavarte,300,0,0,300,300,0,0,,
11126,20240123,2024-09-12,10:55:40,Old,Dr. Ashwin Sadavarte,500,0,0,500,500,0,0,30,2024-10-12
11127,20240123,2024-10-13,09:21:05,Old,Dr. Ashwin Sadavarte,400,300,0,700,700,0,0,30,2024-11-12
11128,20240123,2024-11-23,10:00:41,Old,Dr. Ashwin Sadavarte,300,200,0,500,500,0,0,30,2024-12-23
11129,20240123,2024-12-28,13:20:19,Old,Dr. Ashwin Sadavarte,300,0,0,300,300,0,0,,
11130,20240123,2025-01-26,11:32:18,Old,Dr. Ashwin Sadavarte,500,200,0,700,700,0,0,60,2025-03-27
11131,20240123,2025-02-18,09:11:52,Old,Dr. Ashwin Sadavarte,400,0,0,400,400,0,0,60,2025-04-19
11132,20240123,2025-04-03,11:12:36,Old,Dr. Ashwin Sadavarte,500,0,0,500,500,0,0,30,2025-05-03
11133,20240124,2025-07-18,10:32:06,New,Dr. Ashwin Sadavarte,500,300,0,800,800,0,0,30,2025-08-17
11134,20240124,2025-08-25,10:38:07,Old,Dr. Ashwin Sadavarte,500,0,0,500,500,0,0,60,2025-10-24
11135,20240124,2025-09-17,12:30:17,Old,Dr. Ashwin Sadavarte,400,300,0,700,700,0,0,30,2025-10-17
11136,20240124,2025-10-25,11:26:48,Old,Dr. Ashwin Sadavarte,400,200,0,600,600,0,0,60,2025-12-24
11137,20240124,2025-11-29,09:13:05,Old,Dr. Ashwin Sadavarte,300,0,0,300,300,0,0,60,2026-01-28
11138,20240124,2026-01-12,13:54:27,Old,Dr. Ashwin Sadavarte,400,300,0,700,100,0,600,30,2026-02-11
11139,20240124,2026-02-17,09:01:34,Old,Dr. Ashwin Sadavarte,300,300,0,600,600,0,0,15,2026-03-04
11140,20240124,2026-04-01,10:17:06,Old,Dr. Ashwin Sadavarte,400,0,0,400,0,0,400,15,2026-04-16
11141,20240124,2026-05-19,13:11:06,Old,Dr. Ashwin Sadavarte,500,0,0,500,500,0,0,,
11142,20240124,2026-06-20,12:10:53,Old,Dr. Ashwin Sadavarte,500,200,0,700,700,0,0,90,2026-09-18
11143,20240124,2026-08-04,10:28:32,Old,Dr. Ashwin Sadavarte,500,0,0,500,500,0,0,30,2026-09-03
11144,20240124,2026-08-30,12:34:23,Old,Dr. Ashwin Sadavarte,400,0,0,400,200,0,200,60,2026-10-29
11145,20240125,2024-07-09,11:33:49,New,Dr. Ashwin Sadavarte,300,0,0,300,300,0,0,,
11146,20240125,2025-01-15,13:53:45,Old,Dr. Ashwin Sadavarte,300,0,0,300,300,0,0,30,2025-02-14
11147,20240125,2025-02-17,10:44:38,Old,Dr. Ashwin Sadavarte,500,200,0,700,200,0,500,,
11148,20240125,2025-03-31,12:48:25,Old,Dr. Ashwin Sadavarte,500,0,0,500,500,0,0,30,2025-04-30
11149,20240125,2025-11-30,11:46:38,Old,Dr. Ashwin Sadavarte,500,200,0,700,700,0,0,30,2025-12-30
11150,20240125,2025-12-26,13:30:48,Old,Dr. Ashwin Sadavarte,400,200,0,600,600,0,0,,
11151,20240125,2026-01-30,12:21:11,Old,Dr. Ashwin Sadavarte,400,0,0,400,400,0,0,,
11152,20240125,2026-02-25,13:41:07,Old,Dr. Ashwin Sadavarte,400,0,0,400,400,0,0,60,2026-04-26
11153,20240125,2026-03-27,13:04:35,Old,Dr. Ashwin Sadavarte,400,0,0,400,400,0,0,60,2026-05-26
11154,20240126,2026-08-06,12:25:40,New,Dr. R. Mahalle,300,0,0,300,0,0,300,15,2026-08-21
11155,20240127,2024-10-21,12:48:43,New,Dr. Ashwin Sadavarte,300,0,0,300,300,0,0,60,2024-12-20
11156,20240127,2025-01-13,12:57:58,Old,Dr. Ashwin Sadavarte,300,0,0,300,300,0,0,90,2025-04-13
11157,20240127,2025-04-29,11:39:59,Old,Dr. Ashwin Sadavarte,300,200,0,500,500,0,0,90,2025-07-28
11158,20240128,2024-07-31,10:25:13,New,Dr. Ashwin Sadavarte,400,0,0,400,400,0,0,30,2024-08-30
11159,20240128,2024-08-27,10:49:39,Old,Dr. Ashwin Sadavarte,400,0,0,400,400,0,0,30,2024-09-26
11160,20240128,2024-10-09,10:47:18,Old,Dr. Ashwin Sadavarte,300,200,0,500,500,0,0,60,2024-12-08
11161,20240128,2024-11-07,09:19:19,Old,Dr. Ashwin Sadavarte,400,0,0,400,400,0,0,90,2025-02-05
11162,20240128,2024-12-07,11:57:22,Old,Dr. Ashwin Sadavarte,500,0,0,500,500,0,0,60,2025-02-05
11163,20240128,2025-01-07,10:41:56,Old,Dr. Ashwin Sadavarte,300,200,0,500,500,0,0,60,2025-03-08
11164,20240128,2025-02-22,12:14:53,Old,Dr. Ashwin Sadavarte,400,0,0,400,400,0,0,30,2025-03-24
11165,20240128,2025-04-10,12:52:03,Old,Dr. Ashwin Sadavarte,300,200,0,500,500,0,0,30,2025-05-10
11166,20240128,2025-05-06,13:16:13,Old,Dr. Ashwin Sadavarte,500,0,0,500,500,0,0,90,2025-08-04
11167,20240128,2025-06-04,11:49:29,Old,Dr. Ashwin Sadavarte,400,200,0,600,600,0,0,30,2025-07-04
11168,20240128,2025-07-24,11:09:23,Old,Dr. Ashwin Sadavarte,300,300,0,600,600,0,0,,
11169,20240128,2025-09-09,09:02:51,Old,Dr. Ashwin Sadavarte,300,300,0,600,600,0,0,15,2025-09-24
11170,20240128,2025-10-18,10:26:47,Old,Dr. Ashwin Sadavarte,300,200,0,500,500,0,0,30,2025-11-17
11171,20240128,2025-11-12,13:45:12,Old,Dr. Ashwin Sadavarte,300,200,0,500,500,0,0,30,2025-12-12
11172,20240128,2025-12-30,13:27:31,Old,Dr. Ashwin Sadavarte,500,0,0,500,500,0,0,15,2026-01-14
11173,20240128,2026-02-03,10:21:13,Old,Dr. Ashwin Sadavarte,500,200,0,700,100,0,600,30,2026-03-05
11174,20240128,2026-03-02,11:47:12,Old,Dr. Ashwin Sadavarte,400,0,0,400,400,0,0,60,2026-05-01
11175,20240128,2026-03-29,10:47:06,Old,Dr. Ashwin Sadavarte,500,0,0,500,500,0,0,30,2026-04-28
11176,20240128,2026-05-02,09:45:15,Old,Dr. Ashwin Sadavarte,300,300,0,600,600,0,0,30,2026-06-01
11177,20240128,2026-06-06,10:59:36,Old,Dr. Ashwin Sadavarte,400,0,0,400,400,0,0,90,2026-09-04
11178,20240128,2026-07-06,09:10:00,Old,Dr. Ashwin Sadavarte,300,300,0,600,600,0,0,60,2026-09-04
11179,20240128,2026-08-13,10:02:43,Old,Dr. Ashwin Sadavarte,300,200,0,500,500,0,0,30,2026-09-12
11180,20240129,2023-11-05,13:28:48,New,Dr. Ashwin Sadavarte,500,0,0,500,500,0,0,60,2024-01-04
11181,20240129,2023-12-03,10:19:16,Old,Dr. Ashwin Sadavarte,300,0,0,300,300,0,0,90,2024-03-02
11182,20240129,2024-01-14,12:59:19,Old,Dr. Ashwin Sadavarte,500,200,0,700,700,0,0,60,2024-03-14
11183,20240129,2024-02-27,10:00:57,Old,Dr. Ashwin Sadavarte,400,300,0,700,700,0,0,30,2024-03-28
11184,20240129,2024-09-10,13:18:37,Old,Dr. Ashwin Sadavarte,400,0,0,400,400,0,0,,
11185,20240129,2025-04-07,10:03:52,Old,Dr. Ashwin Sadavarte,300,200,0,500,500,0,0,30,2025-05-07
11186,20240129,2025-05-12,10:02:29,Old,Dr. Ashwin Sadavarte,300,0,0,300,300,0,0,90,2025-08-10
11187,20240129,2025-06-09,10:25:00,Old,Dr. Ashwin Sadavarte,400,200,0,600,0,0,600,60,2025-08-08
11188,20240129,2025-07-14,13:40:07,Old,Dr. Ashwin Sadavarte,500,0,0,500,500,0,0,60,2025-09-12
11189,20240129,2025-11-26,10:28:06,Old,Dr. Ashwin Sadavarte,300,0,0,300,300,0,0,,
11190,20240129,2026-01-10,13:47:33,Old,Dr. Ashwin Sadavarte,300,0,0,300,300,0,0,,
11191,20240129,2026-08-31,10:11:26,Old,Dr. Ashwin Sadavarte,300,0,0,300,300,0,0,15,2026-09-15
11192,20240130,2026-09-04,11:40:50,New,Dr. Ashwin Sadavarte,300,0,0,300,300,0,0,30,2026-10-04
11193,20240131,2024-10-18,09:00:41,New,Dr. R. Mahalle,500,0,0,500,500,0,0,60,2024-12-17
11194,20240131,2025-01-24,13:59:53,Old,Dr. R. Mahalle,500,200,0,700,700,0,0,30,2025-02-23
11195,20240131,2025-05-10,11:54:26,Old,Dr. R. Mahalle,400,200,0,600,600,0,0,,
11196,20240132,2025-06-30,13:50:23,New,Dr. Ashwin Sadavarte,300,200,0,500,500,0,0,60,2025-08-29
11197,20240132,2026-03-31,12:40:37,Old,Dr. Ashwin Sadavarte,300,0,0,300,300,0,0,60,2026-05-30
11198,20240132,2026-04-30,13:55:42,Old,Dr. Ashwin Sadavarte,400,0,0,400,400,0,0,30,2026-05-30
11199,20240132,2026-05-31,09:06:57,Old,Dr. Ashwin Sadavarte,500,300,0,800,800,0,0,,
11200,20240132,2026-07-07,10:49:33,Old,Dr. Ashwin Sadavarte,500,0,0,500,500,0,0,60,2026-09-05
11201,20240132,2026-08-03,12:21:59,Old,Dr. Ashwin Sadavarte,300,300,0,600,600,0,0,30,2026-09-02
11202,20240132,2026-08-27,10:34:42,Old,Dr. Ashwin Sadavarte,400,0,0,400,400,0,0,60,2026-10-26
11203,20240133,2025-06-13,09:44:55,New,Dr. R. Mahalle,500,0,0,500,500,0,0,,
11204,20240133,2025-08-13,13:01:22,Old,Dr. R. Mahalle,500,300,0,800,800,0,0,15,2025-08-28
11205,20240133,2025-10-23,12:01:07,Old,Dr. R. Mahalle,500,0,0,500,500,0,0,60,2025-12-22
11206,20240133,2025-12-26,13:20:13,Old,Dr. R. Mahalle,500,0,0,500,100,0,400,60,2026-02-24
11207,20240133,2026-03-05,10:42:33,Old,Dr. R. Mahalle,300,200,0,500,500,0,0,,
11208,20240133,2026-05-09,12:54:49,Old,Dr. R. Mahalle,300,0,0,300,300,0,0,,
11209,20240133,2026-07-03,12:54:20,Old,Dr. R. Mahalle,400,0,0,400,400,0,0,60,2026-09-01
11210,20240133,2026-09-08,09:50:50,Old,Dr. R. Mahalle,400,200,0,600,600,0,0,,
11211,20240134,2024-03-01,09:35:50,New,Dr. R. Mahalle,300,0,0,300,300,0,0,,
11212,20240134,2024-03-24,10:16:58,Old,Dr. R. Mahalle,500,0,0,500,500,0,0,15,2024-04-08
11213,20240134,2024-04-19,11:32:57,Old,Dr. R. Mahalle,400,0,0,400,400,0,0,30,2024-05-19
11214,20240134,2024-05-13,10:08:02,Old,Dr. R. Mahalle,500,0,0,500,500,0,0,60,2024-07-12
11215,20240134,2024-06-27,09:13:11,Old,Dr. R. Mahalle,400,0,0,400,400,0,0,60,2024-08-26
11216,20240134,2024-07-27,12:56:30,Old,Dr. R. Mahalle,400,0,0,400,400,0,0,90,2024-10-25
11217,20240134,2024-09-06,10:01:30,Old,Dr. R. Mahalle,300,300,0,600,600,0,0,60,2024-11-05
11218,20240134,2024-10-14,12:20:41,Old,Dr. R. Mahalle,400,0,0,400,400,0,0,90,2025-01-12
11219,20240134,2024-11-06,11:27:33,Old,Dr. R. Mahalle,400,0,0,400,400,0,0,90,2025-02-04
11220,20240134,2024-11-29,12:52:10,Old,Dr. R. Mahalle,300,0,0,300,300,0,0,90,2025-02-27
11221,20240134,2025-01-13,10:08:03,Old,Dr. R. Mahalle,300,300,0,600,600,0,0,,
11222,20240134,2025-02-28,11:30:55,Old,Dr. R. Mahalle,300,0,0,300,300,0,0,60,2025-04-29
11223,20240134,2025-04-08,09:11:29,Old,Dr. R. Mahalle,400,200,0,600,600,0,0,60,2025-06-07
11224,20240134,2025-05-08,11:58:05,Old,Dr. R. Mahalle,500,0,0,500,500,0,0,,
11225,20240134,2025-06-13,11:54:46,Old,Dr. R. Mahalle,300,0,0,300,0,0,300,60,2025-08-12
11226,20240134,2025-07-26,09:02:01,Old,Dr. R. Mahalle,400,0,0,400,400,0,0,60,2025-09-24
11227,20240134,2025-08-27,11:40:22,Old,Dr. R. Mahalle,300,0,0,300,200,0,100,60,2025-10-26
11228,20240134,2025-10-14,11:54:06,Old,Dr. R. Mahalle,300,0,0,300,300,0,0,60,2025-12-13
11229,20240134,2025-12-02,11:18:50,Old,Dr. R. Mahalle,400,0,0,400,400,0,0,60,2026-01-31
11230,20240134,2026-01-03,11:24:25,Old,Dr. R. Mahalle,400,0,0,400,400,0,0,60,2026-03-04
11231,20240134,2026-02-05,11:37:55,Old,Dr. R. Mahalle,500,200,0,700,700,0,0,,
11232,20240134,2026-03-13,10:16:47,Old,Dr. R. Mahalle,400,200,0,600,600,0,0,60,2026-05-12
11233,20240134,2026-04-25,13:05:24,Old,Dr. R. Mahalle,300,300,0,600,600,0,0,30,2026-05-25
11234,20240134,2026-06-01,10:46:07,Old,Dr. R. Mahalle,300,0,0,300,300,0,0,15,2026-06-16
11235,20240134,2026-06-30,11:20:24,Old,Dr. R. Mahalle,500,200,0,700,700,0,0,30,2026-07-30
11236,20240134,2026-07-31,13:24:34,Old,Dr. R. Mahalle,300,300,0,600,600,0,0,60,2026-09-29
11237,20240134,2026-09-12,10:53:57,Old,Dr. R. Mahalle,300,0,0,300,300,0,0,30,2026-10-12
11238,20240135,2024-11-14,11:21:49,New,Dr. Ashwin Sadavarte,500,0,0,500,500,0,0,,
11239,20240135,2025-01-05,11:14:49,Old,Dr. Ashwin Sadavarte,500,0,0,500,500,0,0,90,2025-04-05
11240,20240135,2025-03-18,11:00:32,Old,Dr. Ashwin Sadavarte,300,200,0,500,0,0,500,60,2025-05-17
11241,20240135,2025-05-19,10:11:05,Old,Dr. Ashwin Sadavarte,500,300,0,800,0,0,800,,
11242,20240136,2024-05-31,09:52:54,New,Dr. Ashwin Sadavarte,400,200,0,600,600,0,0,90,2024-08-29
11243,20240136,2024-08-07,11:02:56,Old,Dr. Ashwin Sadavarte,400,0,0,400,400,0,0,30,2024-09-06
11244,20240136,2025-02-20,12:54:13,Old,Dr. Ashwin Sadavarte,400,0,0,400,0,0,400,15,2025-03-07
11245,20240136,2025-08-14,11:07:26,Old,Dr. Ashwin Sadavarte,500,300,0,800,800,0,0,,
11246,20240136,2025-11-02,09:36:16,Old,Dr. Ashwin Sadavarte,500,0,0,500,500,0,0,30,2025-12-02
11247,20240136,2026-01-20,12:56:14,Old,Dr. Ashwin Sadavarte,400,0,0,400,400,0,0,60,2026-03-21
11248,20240136,2026-03-15,11:42:46,Old,Dr. Ashwin Sadavarte,300,0,0,300,300,0,0,15,2026-03-30
11249,20240136,2026-05-08,09:58:27,Old,Dr. Ashwin Sadavarte,500,0,0,500,500,0,0,15,2026-05-23
11250,20240136,2026-07-06,12:41:32,Old,Dr. Ashwin Sadavarte,500,0,0,500,500,0,0,,
11251,20240137,2023-09-07,12:49:34,New,Dr. Ashwin Sadavarte,500,0,0,500,500,0,0,60,2023-11-06
11252,20240137,2023-11-03,10:25:18,Old,Dr. Ashwin Sadavarte,300,0,0,300,0,0,300,60,2024-01-02
11253,20240137,2024-01-11,12:40:31,Old,Dr. Ashwin Sadavarte,500,200,0,700,700,0,0,,
11254,20240137,2024-03-07,12:52:14,Old,Dr. Ashwin Sadavarte,300,0,0,300,300,0,0,15,2024-03-22
11255,20240137,2024-05-24,13:29:03,Old,Dr. Ashwin Sadavarte,500,0,0,500,500,0,0,15,2024-06-08
11256,20240137,2024-08-09,11:01:48,Old,Dr. Ashwin Sadavarte,300,0,0,300,300,0,0,30,2024-09-08
11257,20240137,2024-10-16,09:28:38,Old,Dr. Ashwin Sadavarte,500,0,0,500,500,0,0,90,2025-01-14
11258,20240137,2025-07-28,10:12:59,Old,Dr. Ashwin Sadavarte,300,300,0,600,600,0,0,60,2025-09-26
11259,20240137,2025-10-10,12:07:03,Old,Dr. Ashwin Sadavarte,500,0,0,500,500,0,0,15,2025-10-25
11260,20240137,2026-04-25,09:00:30,Old,Dr. Ashwin Sadavarte,500,300,0,800,800,0,0,60,2026-06-24
11261,20240137,2026-06-21,11:24:29,Old,Dr. Ashwin Sadavarte,500,0,0,500,500,0,0,60,2026-08-20
11262,20240138,2023-11-05,11:11:00,New,Dr. Ashwin Sadavarte,500,0,0,500,500,0,0,30,2023-12-05
11263,20240138,2024-02-21,09:48:49,Old,Dr. Ashwin Sadavarte,500,0,0,500,100,0,400,15,2024-03-07
11264,20240138,2024-06-06,10:02:17,Old,Dr. Ashwin Sadavarte,300,0,0,300,300,0,0,15,2024-06-21
11265,20240138,2024-09-21,09:49:32,Old,Dr. Ashwin Sadavarte,500,200,0,700,700,0,0,,
11266,20240138,2025-01-04,13:34:12,Old,Dr. Ashwin Sadavarte,400,0,0,400,400,0,0,,
11267,20240138,2025-04-02,10:42:46,Old,Dr. Ashwin Sadavarte,400,0,0,400,400,0,0,60,2025-06-01
11268,20240138,2025-07-18,09:39:55,Old,Dr. Ashwin Sadavarte,300,0,0,300,300,0,0,90,2025-10-16
11269,20240138,2025-10-26,12:20:19,Old,Dr. Ashwin Sadavarte,400,200,0,600,600,0,0,60,2025-12-25
11270,20240138,2026-02-13,11:19:21,Old,Dr. Ashwin Sadavarte,400,300,0,700,700,0,0,90,2026-05-14
11271,20240138,2026-05-31,10:46:38,Old,Dr. Ashwin Sadavarte,400,0,0,400,0,0,400,90,2026-08-29
11272,20240138,2026-09-11,10:33:59,Old,Dr. Ashwin Sadavarte,500,300,0,800,200,0,600,15,2026-09-26
11273,20240139,2024-12-30,10:05:08,New,Dr. R. Mahalle,500,0,0,500,500,0,0,90,2025-03-30
11274,20240139,2025-01-23,09:42:00,Old,Dr. R. Mahalle,400,200,0,600,600,0,0,90,2025-04-23
11275,20240139,2025-02-23,11:01:13,Old,Dr. R. Mahalle,400,0,0,400,100,0,300,60,2025-04-24
11276,20240139,2025-03-25,10:09:35,Old,Dr. R. Mahalle,300,200,0,500,500,0,0,60,2025-05-24
11277,20240139,2025-04-28,11:19:46,Old,Dr. R. Mahalle,500,0,0,500,500,0,0,,
11278,20240139,2025-06-12,12:30:46,Old,Dr. R. Mahalle,500,300,0,800,200,0,600,60,2025-08-11
11279,20240139,2025-07-10,11:31:06,Old,Dr. R. Mahalle,500,0,0,500,500,0,0,30,2025-08-09
11280,20240139,2025-08-08,13:44:59,Old,Dr. R. Mahalle,400,0,0,400,400,0,0,60,2025-10-07
11281,20240139,2025-09-16,12:51:33,Old,Dr. R. Mahalle,500,0,0,500,500,0,0,15,2025-10-01
11282,20240139,2025-10-16,09:05:05,Old,Dr. R. Mahalle,500,0,0,500,500,0,0,60,2025-12-15
11283,20240139,2025-11-17,10:29:33,Old,Dr. R. Mahalle,500,200,0,700,700,0,0,15,2025-12-02
11284,20240139,2025-12-19,10:36:29,Old,Dr. R. Mahalle,300,0,0,300,300,0,0,90,2026-03-19
11285,20240139,2026-01-19,11:24:44,Old,Dr. R. Mahalle,300,0,0,300,200,0,100,90,2026-04-19
11286,20240139,2026-02-20,09:22:15,Old,Dr. R. Mahalle,400,0,0,400,400,0,0,15,2026-03-07
11287,20240139,2026-04-08,11:12:00,Old,Dr. R. Mahalle,300,0,0,300,300,0,0,60,2026-06-07
11288,20240139,2026-04-30,12:09:14,Old,Dr. R. Mahalle,500,0,0,500,500,0,0,,
11289,20240139,2026-05-24,12:59:48,Old,Dr. R. Mahalle,300,0,0,300,300,0,0,30,2026-06-23
11290,20240139,2026-06-19,09:25:42,Old,Dr. R. Mahalle,300,0,0,300,300,0,0,30,2026-07-19
11291,20240139,2026-07-31,13:58:18,Old,Dr. R. Mahalle,300,0,0,300,300,0,0,60,2026-09-29
11292,20240139,2026-08-26,09:55:28,Old,Dr. R. Mahalle,300,200,0,500,500,0,0,90,2026-11-24
11293,20240140,2023-11-15,09:49:20,New,Dr. Ashwin Sadavarte,500,200,0,700,700,0,0,15,2023-11-30
11294,20240140,2024-01-01,13:23:50,Old,Dr. Ashwin Sadavarte,300,0,0,300,300,0,0,90,2024-03-31
11295,20240140,2024-02-14,13:26:58,Old,Dr. Ashwin Sadavarte,400,200,0,600,600,0,0,15,2024-02-29
11296,20240140,2024-03-22,13:31:08,Old,Dr. Ashwin Sadavarte,300,300,0,600,600,0,0,90,2024-06-20
11297,20240140,2024-04-16,12:48:23,Old,Dr. Ashwin Sadavarte,500,0,0,500,500,0,0,30,2024-05-16
11298,20240140,2024-05-30,09:39:24,Old,Dr. Ashwin Sadavarte,400,200,0,600,600,0,0,,
11299,20240140,2024-07-03,11:04:37,Old,Dr. Ashwin Sadavarte,300,200,0,500,500,0,0,60,2024-09-01
11300,20240140,2024-08-09,13:58:31,Old,Dr. Ashwin Sadavarte,400,200,0,600,100,0,500,30,2024-09-08
11301,20240140,2024-09-20,12:33:55,Old,Dr. Ashwin Sadavarte,500,0,0,500,200,0,300,90,2024-12-19
11302,20240140,2024-10-27,12:43:11,Old,Dr. Ashwin Sadavarte,500,0,0,500,500,0,0,30,2024-11-26
11303,20240140,2024-12-04,13:25:42,Old,Dr. Ashwin Sadavarte,300,0,0,300,300,0,0,90,2025-03-04
11304,20240140,2025-01-23,09:35:18,Old,Dr. Ashwin Sadavarte,500,300,0,800,800,0,0,60,2025-03-24
11305,20240140,2025-03-12,11:03:59,Old,Dr. Ashwin Sadavarte,500,300,0,800,800,0,0,30,2025-04-11
11306,20240140,2025-04-26,11:56:18,Old,Dr. Ashwin Sadavarte,300,200,0,500,500,0,0,,
11307,20240140,2025-06-09,13:00:25,Old,Dr. Ashwin Sadavarte,400,0,0,400,400,0,0,,
11308,20240140,2025-07-17,13:23:24,Old,Dr. Ashwin Sadavarte,300,300,0,600,600,0,0,90,2025-10-15
11309,20240140,2025-08-09,11:56:32,Old,Dr. Ashwin Sadavarte,300,0,0,300,300,0,0,30,2025-09-08
11310,20240140,2025-09-07,11:20:25,Old,Dr. Ashwin Sadavarte,300,300,0,600,600,0,0,15,2025-09-22
11311,20240140,2025-09-29,12:32:48,Old,Dr. Ashwin Sadavarte,300,0,0,300,300,0,0,60,2025-11-28
11312,20240140,2025-11-15,10:30:29,Old,Dr. Ashwin Sadavarte,300,0,0,300,300,0,0,,
11313,20240140,2025-12-12,12:40:19,Old,Dr. Ashwin Sadavarte,500,200,0,700,700,0,0,30,2026-01-11
11314,20240140,2026-01-12,12:27:27,Old,Dr. Ashwin Sadavarte,500,0,0,500,500,0,0,60,2026-03-13
11315,20240140,2026-02-27,12:50:16,Old,Dr. Ashwin Sadavarte,300,300,0,600,600,0,0,60,2026-04-28
11316,20240140,2026-04-08,10:23:12,Old,Dr. Ashwin Sadavarte,300,300,0,600,600,0,0,30,2026-05-08
11317,20240140,2026-05-27,13:07:31,Old,Dr. Ashwin Sadavarte,400,300,0,700,100,0,600,30,2026-06-26
11318,20240140,2026-06-22,13:45:29,Old,Dr. Ashwin Sadavarte,500,0,0,500,0,0,500,60,2026-08-21
11319,20240140,2026-07-21,12:03:21,Old,Dr. Ashwin Sadavarte,400,0,0,400,400,0,0,60,2026-09-19
11320,20240140,2026-09-02,12:01:54,Old,Dr. Ashwin Sadavarte,500,200,0,700,700,0,0,15,2026-09-17
11321,20240141,2023-10-31,13:42:56,New,Dr. Ashwin Sadavarte,500,0,0,500,200,0,300,60,2023-12-30
11322,20240141,2024-01-13,11:21:13,Old,Dr. Ashwin Sadavarte,400,0,0,400,400,0,0,30,2024-02-12
11323,20240141,2024-04-01,11:57:57,Old,Dr. Ashwin Sadavarte,300,300,0,600,200,0,400,60,2024-05-31
11324,20240141,2024-06-17,10:52:16,Old,Dr. Ashwin Sadavarte,300,300,0,600,600,0,0,60,2024-08-16
11325,20240141,2024-08-28,10:51:23,Old,Dr. Ashwin Sadavarte,300,0,0,300,300,0,0,30,2024-09-27
11326,20240141,2024-11-01,10:16:03,Old,Dr. Ashwin Sadavarte,400,300,0,700,700,0,0,60,2024-12-31
11327,20240141,2025-01-16,12:54:58,Old,Dr. Ashwin Sadavarte,400,0,0,400,200,0,200,60,2025-03-17
11328,20240141,2025-03-27,11:51:06,Old,Dr. Ashwin Sadavarte,300,0,0,300,100,0,200,15,2025-04-11
11329,20240141,2025-06-13,11:11:03,Old,Dr. Ashwin Sadavarte,400,0,0,400,400,0,0,30,2025-07-13
11330,20240141,2025-08-05,12:50:15,Old,Dr. Ashwin Sadavarte,400,0,0,400,400,0,0,30,2025-09-04
11331,20240141,2025-10-10,12:55:01,Old,Dr. Ashwin Sadavarte,300,300,0,600,600,0,0,15,2025-10-25
11332,20240141,2025-12-01,12:16:48,Old,Dr. Ashwin Sadavarte,300,200,0,500,500,0,0,90,2026-03-01
11333,20240141,2026-02-17,09:52:52,Old,Dr. Ashwin Sadavarte,300,200,0,500,500,0,0,90,2026-05-18
11334,20240141,2026-04-22,13:12:48,Old,Dr. Ashwin Sadavarte,300,0,0,300,300,0,0,60,2026-06-21
11335,20240141,2026-06-21,13:54:29,Old,Dr. Ashwin Sadavarte,400,0,0,400,400,0,0,30,2026-07-21
11336,20240141,2026-09-02,12:56:43,Old,Dr. Ashwin Sadavarte,300,0,0,300,300,0,0,60,2026-11-01
11337,20240142,2024-09-08,11:46:20,New,Dr. Ashwin Sadavarte,500,0,0,500,500,0,0,30,2024-10-08
11338,20240142,2024-12-06,11:56:02,Old,Dr. Ashwin Sadavarte,400,300,0,700,700,0,0,90,2025-03-06
11339,20240142,2025-03-10,11:42:48,Old,Dr. Ashwin Sadavarte,500,200,0,700,700,0,0,30,2025-04-09
11340,20240142,2025-10-14,12:12:08,Old,Dr. Ashwin Sadavarte,400,300,0,700,200,0,500,30,2025-11-13
11341,20240142,2026-01-17,09:54:07,Old,Dr. Ashwin Sadavarte,500,0,0,500,500,0,0,60,2026-03-18
11342,20240142,2026-04-25,09:19:41,Old,Dr. Ashwin Sadavarte,500,300,0,800,0,0,800,15,2026-05-10
11343,20240142,2026-08-04,12:17:09,Old,Dr. Ashwin Sadavarte,400,0,0,400,400,0,0,,
11344,20240143,2023-10-30,09:07:27,New,Dr. Ashwin Sadavarte,500,0,0,500,500,0,0,,
11345,20240143,2024-01-05,12:46:01,Old,Dr. Ashwin Sadavarte,500,300,0,800,800,0,0,,
11346,20240143,2024-03-20,11:25:50,Old,Dr. Ashwin Sadavarte,500,300,0,800,800,0,0,30,2024-04-19
11347,20240143,2024-05-22,10:31:46,Old,Dr. Ashwin Sadavarte,400,300,0,700,700,0,0,15,2024-06-06
11348,20240143,2024-07-22,12:45:18,Old,Dr. Ashwin Sadavarte,500,0,0,500,500,0,0,90,2024-10-20
11349,20240143,2024-09-28,09:18:31,Old,Dr. Ashwin Sadavarte,500,200,0,700,700,0,0,30,2024-10-28
11350,20240143,2024-12-04,10:51:57,Old,Dr. Ashwin Sadavarte,500,0,0,500,500,0,0,,
11351,20240143,2025-01-26,09:05:39,Old,Dr. Ashwin Sadavarte,400,200,0,600,600,0,0,60,2025-03-27
11352,20240143,2025-04-11,10:37:08,Old,Dr. Ashwin Sadavarte,500,200,0,700,700,0,0,60,2025-06-10
11353,20240143,2025-06-27,10:54:19,Old,Dr. Ashwin Sadavarte,300,0,0,300,0,0,300,30,2025-07-27
11354,20240143,2025-08-19,11:04:03,Old,Dr. Ashwin Sadavarte,300,0,0,300,200,0,100,90,2025-11-17
11355,20240143,2025-10-28,13:32:01,Old,Dr. Ashwin Sadavarte,400,0,0,400,400,0,0,15,2025-11-12
11356,20240143,2026-01-01,09:48:18,Old,Dr. Ashwin Sadavarte,300,0,0,300,300,0,0,90,2026-04-01
11357,20240143,2026-03-02,12:47:30,Old,Dr. Ashwin Sadavarte,500,0,0,500,500,0,0,30,2026-04-01
11358,20240143,2026-05-06,09:45:48,Old,Dr. Ashwin Sadavarte,300,0,0,300,300,0,0,30,2026-06-05
11359,20240143,2026-06-30,11:00:54,Old,Dr. Ashwin Sadavarte,400,300,0,700,0,0,700,15,2026-07-15
11360,20240143,2026-08-29,13:24:47,Old,Dr. Ashwin Sadavarte,300,300,0,600,600,0,0,15,2026-09-13
11361,20240144,2023-12-14,11:02:46,New,Dr. Ashwin Sadavarte,300,0,0,300,300,0,0,90,2024-03-13
11362,20240144,2024-02-18,11:14:41,Old,Dr. Ashwin Sadavarte,300,0,0,300,300,0,0,60,2024-04-18
11363,20240144,2024-04-29,12:45:33,Old,Dr. Ashwin Sadavarte,500,300,0,800,800,0,0,90,2024-07-28
11364,20240144,2024-07-01,10:47:47,Old,Dr. Ashwin Sadavarte,400,0,0,400,400,0,0,15,2024-07-16
11365,20240144,2024-08-24,10:04:54,Old,Dr. Ashwin Sadavarte,400,300,0,700,700,0,0,60,2024-10-23
11366,20240144,2024-10-21,10:34:19,Old,Dr. Ashwin Sadavarte,300,0,0,300,300,0,0,60,2024-12-20
11367,20240144,2025-01-08,09:10:15,Old,Dr. Ashwin Sadavarte,400,0,0,400,400,0,0,30,2025-02-07
11368,20240144,2025-03-06,10:18:48,Old,Dr. Ashwin Sadavarte,500,0,0,500,500,0,0,15,2025-03-21
11369,20240144,2025-05-21,09:40:16,Old,Dr. Ashwin Sadavarte,300,300,0,600,600,0,0,30,2025-06-20
11370,20240144,2025-08-04,09:41:55,Old,Dr. Ashwin Sadavarte,400,0,0,400,400,0,0,30,2025-09-03
11371,20240144,2025-10-03,10:06:25,Old,Dr. Ashwin Sadavarte,400,200,0,600,600,0,0,60,2025-12-02
11372,20240144,2025-12-06,10:59:26,Old,Dr. Ashwin Sadavarte,500,300,0,800,800,0,0,,
11373,20240144,2026-02-06,12:38:06,Old,Dr. Ashwin Sadavarte,400,200,0,600,600,0,0,30,2026-03-08
11374,20240144,2026-04-01,10:39:11,Old,Dr. Ashwin Sadavarte,500,0,0,500,500,0,0,30,2026-05-01
11375,20240144,2026-06-09,13:43:16,Old,Dr. Ashwin Sadavarte,300,300,0,600,600,0,0,15,2026-06-24
11376,20240144,2026-08-06,13:36:03,Old,Dr. Ashwin Sadavarte,300,300,0,600,600,0,0,90,2026-11-04
11377,20240145,2024-07-28,11:36:35,New,Dr. Ashwin Sadavarte,500,0,0,500,500,0,0,60,2024-09-26
11378,20240145,2025-03-18,09:31:14,Old,Dr. Ashwin Sadavarte,300,200,0,500,500,0,0,60,2025-05-17
11379,20240145,2025-06-25,09:10:23,Old,Dr. Ashwin Sadavarte,500,0,0,500,500,0,0,90,2025-09-23
11380,20240145,2026-04-25,10:45:57,Old,Dr. Ashwin Sadavarte,300,0,0,300,200,0,100,60,2026-06-24
11381,20240146,2023-11-21,12:46:48,New,Dr. R. Mahalle,300,0,0,300,300,0,0,90,2024-02-19
11382,20240146,2023-12-17,13:24:11,Old,Dr. R. Mahalle,300,300,0,600,100,0,500,,
11383,20240146,2024-01-28,10:09:07,Old,Dr. R. Mahalle,300,0,0,300,300,0,0,60,2024-03-28
11384,20240146,2024-03-15,10:24:12,Old,Dr. R. Mahalle,400,0,0,400,400,0,0,60,2024-05-14
11385,20240146,2024-04-20,10:02:26,Old,Dr. R. Mahalle,400,0,0,400,400,0,0,15,2024-05-05
11386,20240146,2024-06-06,09:08:33,Old,Dr. R. Mahalle,400,200,0,600,200,0,400,60,2024-08-05
11387,20240146,2024-07-25,10:35:40,Old,Dr. R. Mahalle,300,0,0,300,300,0,0,60,2024-09-23
11388,20240146,2024-08-31,11:49:17,Old,Dr. R. Mahalle,500,300,0,800,800,0,0,60,2024-10-30
11389,20240146,2024-10-11,10:37:14,Old,Dr. R. Mahalle,300,0,0,300,300,0,0,,
11390,20240146,2024-11-27,09:27:11,Old,Dr. R. Mahalle,500,0,0,500,500,0,0,30,2024-12-27
11391,20240146,2024-12-20,12:14:00,Old,Dr. R. Mahalle,400,200,0,600,600,0,0,30,2025-01-19
11392,20240146,2025-01-21,09:17:21,Old,Dr. R. Mahalle,300,0,0,300,300,0,0,,
11393,20240146,2025-02-18,13:00:44,Old,Dr. R. Mahalle,300,300,0,600,600,0,0,30,2025-03-20
11394,20240146,2025-04-02,10:39:26,Old,Dr. R. Mahalle,300,0,0,300,300,0,0,30,2025-05-02
11395,20240147,2024-05-13,12:20:24,New,Dr. Ashwin Sadavarte,400,0,0,400,400,0,0,15,2024-05-28
11396,20240147,2024-06-10,13:19:50,Old,Dr. Ashwin Sadavarte,300,0,0,300,300,0,0,90,2024-09-08
11397,20240147,2024-07-10,12:22:58,Old,Dr. Ashwin Sadavarte,400,200,0,600,600,0,0,30,2024-08-09
11398,20240147,2024-08-08,11:41:59,Old,Dr. Ashwin Sadavarte,400,0,0,400,400,0,0,,
11399,20240147,2024-09-19,13:40:32,Old,Dr. Ashwin Sadavarte,500,300,0,800,800,0,0,60,2024-11-18
11400,20240147,2024-11-04,10:14:24,Old,Dr. Ashwin Sadavarte,300,0,0,300,300,0,0,90,2025-02-02
11401,20240147,2024-12-12,09:23:28,Old,Dr. Ashwin Sadavarte,500,200,0,700,700,0,0,,
11402,20240147,2025-01-24,10:51:35,Old,Dr. Ashwin Sadavarte,500,300,0,800,800,0,0,60,2025-03-25
11403,20240147,2025-03-11,12:45:40,Old,Dr. Ashwin Sadavarte,300,300,0,600,600,0,0,60,2025-05-10
11404,20240147,2025-04-04,09:56:24,Old,Dr. Ashwin Sadavarte,300,0,0,300,300,0,0,15,2025-04-19
11405,20240147,2025-04-30,13:28:10,Old,Dr. Ashwin Sadavarte,300,200,0,500,500,0,0,,
11406,20240147,2025-06-15,11:30:44,Old,Dr. Ashwin Sadavarte,300,0,0,300,300,0,0,30,2025-07-15
11407,20240147,2025-07-17,13:07:51,Old,Dr. Ashwin Sadavarte,500,0,0,500,200,0,300,,
11408,20240147,2025-08-25,09:43:01,Old,Dr. Ashwin Sadavarte,300,300,0,600,600,0,0,30,2025-09-24
11409,20240147,2025-09-17,09:53:38,Old,Dr. Ashwin Sadavarte,400,200,0,600,600,0,0,30,2025-10-17
11410,20240147,2025-10-14,13:14:54,Old,Dr. Ashwin Sadavarte,400,0,0,400,400,0,0,,
11411,20240147,2025-11-15,10:11:17,Old,Dr. Ashwin Sadavarte,400,200,0,600,600,0,0,60,2026-01-14
11412,20240147,2026-01-03,10:44:08,Old,Dr. Ashwin Sadavarte,300,0,0,300,300,0,0,,
11413,20240147,2026-02-06,09:35:26,Old,Dr. Ashwin Sadavarte,500,0,0,500,500,0,0,15,2026-02-21
11414,20240147,2026-03-05,09:44:16,Old,Dr. Ashwin Sadavarte,500,300,0,800,800,0,0,60,2026-05-04
11415,20240147,2026-03-29,09:53:36,Old,Dr. Ashwin Sadavarte,300,0,0,300,300,0,0,60,2026-05-28
11416,20240148,2026-07-15,13:56:29,New,Dr. Ashwin Sadavarte,400,200,0,600,600,0,0,90,2026-10-13
11417,20240149,2024-01-04,12:44:00,New,Dr. Ashwin Sadavarte,500,300,0,800,800,0,0,30,2024-02-03
11418,20240149,2024-03-21,13:07:45,Old,Dr. Ashwin Sadavarte,500,0,0,500,500,0,0,90,2024-06-19
11419,20240149,2024-05-22,11:54:26,Old,Dr. Ashwin Sadavarte,400,0,0,400,0,0,400,,
11420,20240149,2024-07-15,12:51:52,Old,Dr. Ashwin Sadavarte,500,300,0,800,800,0,0,60,2024-09-13
11421,20240149,2024-09-05,09:41:12,Old,Dr. Ashwin Sadavarte,300,300,0,600,600,0,0,15,2024-09-20
11422,20240149,2024-11-12,11:02:15,Old,Dr. Ashwin Sadavarte,500,200,0,700,0,0,700,30,2024-12-12
11423,20240149,2025-01-19,10:29:05,Old,Dr. Ashwin Sadavarte,300,0,0,300,300,0,0,30,2025-02-18
11424,20240149,2025-03-31,11:25:53,Old,Dr. Ashwin Sadavarte,500,0,0,500,500,0,0,30,2025-04-30
11425,20240149,2025-05-26,10:40:42,Old,Dr. Ashwin Sadavarte,500,0,0,500,500,0,0,15,2025-06-10
11426,20240149,2025-08-06,13:14:23,Old,Dr. Ashwin Sadavarte,300,0,0,300,300,0,0,,
11427,20240149,2025-10-23,09:02:05,Old,Dr. Ashwin Sadavarte,300,0,0,300,300,0,0,60,2025-12-22
11428,20240149,2025-12-17,10:28:09,Old,Dr. Ashwin Sadavarte,300,0,0,300,300,0,0,60,2026-02-15
11429,20240149,2026-02-21,11:19:47,Old,Dr. Ashwin Sadavarte,400,0,0,400,400,0,0,15,2026-03-08
11430,20240149,2026-04-17,11:30:26,Old,Dr. Ashwin Sadavarte,300,200,0,500,500,0,0,30,2026-05-17
11431,20240149,2026-06-08,09:07:01,Old,Dr. Ashwin Sadavarte,300,0,0,300,300,0,0,60,2026-08-07
11432,20240149,2026-08-27,11:21:40,Old,Dr. Ashwin Sadavarte,500,300,0,800,800,0,0,30,2026-09-26
11433,20240150,2024-02-14,09:54:58,New,Dr. R. Mahalle,400,300,0,700,700,0,0,30,2024-03-15
11434,20240150,2024-04-03,09:58:46,Old,Dr. R. Mahalle,300,0,0,300,300,0,0,30,2024-05-03
11435,20240150,2024-05-13,09:52:16,Old,Dr. R. Mahalle,300,200,0,500,500,0,0,30,2024-06-12
11436,20240150,2024-06-26,11:34:35,Old,Dr. R. Mahalle,400,0,0,400,0,0,400,,
11437,20240150,2024-07-30,11:55:30,Old,Dr. R. Mahalle,500,300,0,800,800,0,0,15,2024-08-14
11438,20240150,2024-09-07,11:53:10,Old,Dr. R. Mahalle,300,300,0,600,600,0,0,15,2024-09-22
11439,20240150,2024-10-23,13:22:34,Old,Dr. R. Mahalle,500,300,0,800,800,0,0,,
11440,20240150,2024-11-28,11:05:17,Old,Dr. R. Mahalle,300,0,0,300,300,0,0,60,2025-01-27
11441,20240150,2024-12-20,09:50:28,Old,Dr. R. Mahalle,400,0,0,400,400,0,0,,
11442,20240150,2025-02-02,10:33:47,Old,Dr. R. Mahalle,300,300,0,600,600,0,0,15,2025-02-17
11443,20240150,2025-03-09,12:27:31,Old,Dr. R. Mahalle,300,300,0,600,600,0,0,60,2025-05-08
11444,20240150,2025-04-27,13:03:35,Old,Dr. R. Mahalle,500,200,0,700,700,0,0,60,2025-06-26
11445,20240150,2025-05-31,12:01:02,Old,Dr. R. Mahalle,500,300,0,800,800,0,0,,
11446,20240150,2025-07-05,12:08:28,Old,Dr. R. Mahalle,400,0,0,400,400,0,0,60,2025-09-03
11447,20240150,2025-08-12,13:19:08,Old,Dr. R. Mahalle,500,200,0,700,700,0,0,60,2025-10-11
11448,20240150,2025-09-24,11:43:11,Old,Dr. R. Mahalle,400,0,0,400,400,0,0,,
11449,20240150,2025-11-01,13:41:13,Old,Dr. R. Mahalle,300,0,0,300,300,0,0,60,2025-12-31
11450,20240150,2025-12-02,12:17:29,Old,Dr. R. Mahalle,300,0,0,300,300,0,0,30,2026-01-01
11451,20240150,2025-12-30,10:05:24,Old,Dr. R. Mahalle,500,0,0,500,500,0,0,60,2026-02-28
11452,20240150,2026-02-16,13:36:31,Old,Dr. R. Mahalle,300,0,0,300,300,0,0,90,2026-05-17
11453,20240150,2026-03-16,11:38:08,Old,Dr. R. Mahalle,300,200,0,500,500,0,0,15,2026-03-31
11454,20240150,2026-04-09,12:58:25,Old,Dr. R. Mahalle,500,0,0,500,500,0,0,,
11455,20240150,2026-05-14,11:47:22,Old,Dr. R. Mahalle,300,0,0,300,300,0,0,30,2026-06-13
11456,20240150,2026-06-15,10:30:26,Old,Dr. R. Mahalle,500,0,0,500,500,0,0,60,2026-08-14
11457,20240150,2026-07-08,09:12:50,Old,Dr. R. Mahalle,500,0,0,500,500,0,0,90,2026-10-06
11458,20240150,2026-08-18,09:13:08,Old,Dr. R. Mahalle,300,0,0,300,300,0,0,60,2026-10-17
11459,20240151,2023-11-21,11:14:37,New,Dr. R. Mahalle,500,200,0,700,0,0,700,30,2023-12-21
11460,20240151,2024-06-24,11:16:32,Old,Dr. R. Mahalle,400,300,0,700,700,0,0,60,2024-08-23
11461,20240151,2025-01-13,11:19:31,Old,Dr. R. Mahalle,300,300,0,600,600,0,0,30,2025-02-12
11462,20240151,2025-04-11,10:15:21,Old,Dr. R. Mahalle,400,0,0,400,400,0,0,15,2025-04-26
11463,20240151,2025-07-27,13:43:42,Old,Dr. R. Mahalle,300,300,0,600,600,0,0,60,2025-09-25
11464,20240151,2025-11-09,11:43:28,Old,Dr. R. Mahalle,500,0,0,500,500,0,0,15,2025-11-24
11465,20240151,2026-06-19,11:23:20,Old,Dr. R. Mahalle,500,300,0,800,800,0,0,,
11466,20240152,2024-11-22,11:32:36,New,Dr. Ashwin Sadavarte,300,0,0,300,300,0,0,30,2024-12-22
11467,20240152,2025-03-03,12:47:13,Old,Dr. Ashwin Sadavarte,500,0,0,500,500,0,0,30,2025-04-02
11468,20240152,2025-06-14,13:29:52,Old,Dr. Ashwin Sadavarte,300,0,0,300,300,0,0,90,2025-09-12
11469,20240152,2025-09-14,12:01:53,Old,Dr. Ashwin Sadavarte,500,0,0,500,500,0,0,,
11470,20240152,2025-12-07,11:35:04,Old,Dr. Ashwin Sadavarte,500,0,0,500,500,0,0,90,2026-03-07
11471,20240152,2026-03-18,09:27:03,Old,Dr. Ashwin Sadavarte,500,0,0,500,500,0,0,90,2026-06-16
11472,20240152,2026-07-03,12:23:34,Old,Dr. Ashwin Sadavarte,500,0,0,500,500,0,0,60,2026-09-01
11473,20240153,2025-03-31,13:04:02,New,Dr. Ashwin Sadavarte,500,0,0,500,500,0,0,15,2025-04-15
11474,20240153,2025-06-11,11:22:05,Old,Dr. Ashwin Sadavarte,500,0,0,500,500,0,0,60,2025-08-10
11475,20240153,2025-08-14,11:54:58,Old,Dr. Ashwin Sadavarte,500,0,0,500,500,0,0,30,2025-09-13
11476,20240153,2025-10-31,13:42:40,Old,Dr. Ashwin Sadavarte,500,0,0,500,500,0,0,,
11477,20240153,2026-01-01,12:11:38,Old,Dr. Ashwin Sadavarte,300,200,0,500,500,0,0,30,2026-01-31
11478,20240153,2026-03-15,10:19:44,Old,Dr. Ashwin Sadavarte,400,300,0,700,700,0,0,15,2026-03-30
11479,20240153,2026-05-07,13:01:44,Old,Dr. Ashwin Sadavarte,400,0,0,400,400,0,0,,
11480,20240153,2026-07-18,12:53:38,Old,Dr. Ashwin Sadavarte,400,200,0,600,600,0,0,90,2026-10-16
11481,20240154,2023-08-11,10:16:35,New,Dr. Ashwin Sadavarte,300,300,0,600,600,0,0,60,2023-10-10
11482,20240154,2023-11-05,09:36:22,Old,Dr. Ashwin Sadavarte,300,200,0,500,200,0,300,15,2023-11-20
11483,20240154,2024-02-23,13:38:43,Old,Dr. Ashwin Sadavarte,500,200,0,700,700,0,0,90,2024-05-23
11484,20240154,2024-05-15,09:35:37,Old,Dr. Ashwin Sadavarte,500,0,0,500,500,0,0,,
11485,20240154,2024-08-07,10:48:25,Old,Dr. Ashwin Sadavarte,300,0,0,300,300,0,0,30,2024-09-06
11486,20240154,2024-11-21,13:37:01,Old,Dr. Ashwin Sadavarte,300,0,0,300,300,0,0,30,2024-12-21
11487,20240154,2025-02-24,13:07:17,Old,Dr. Ashwin Sadavarte,500,300,0,800,800,0,0,90,2025-05-25
11488,20240154,2025-05-25,11:01:44,Old,Dr. Ashwin Sadavarte,500,200,0,700,700,0,0,,
11489,20240154,2025-09-01,13:46:06,Old,Dr. Ashwin Sadavarte,500,200,0,700,700,0,0,30,2025-10-01
11490,20240154,2025-12-12,09:11:10,Old,Dr. Ashwin Sadavarte,400,0,0,400,400,0,0,15,2025-12-27
11491,20240154,2026-04-01,13:08:27,Old,Dr. Ashwin Sadavarte,400,0,0,400,400,0,0,30,2026-05-01
11492,20240154,2026-07-02,12:44:14,Old,Dr. Ashwin Sadavarte,400,0,0,400,400,0,0,,
11493,20240155,2025-05-06,13:17:33,New,Dr. Ashwin Sadavarte,300,0,0,300,300,0,0,90,2025-08-04
11494,20240155,2025-06-06,12:04:08,Old,Dr. Ashwin Sadavarte,500,300,0,800,800,0,0,90,2025-09-04
11495,20240155,2025-07-16,11:48:21,Old,Dr. Ashwin Sadavarte,300,300,0,600,600,0,0,30,2025-08-15
11496,20240155,2025-08-21,12:42:57,Old,Dr. Ashwin Sadavarte,500,0,0,500,500,0,0,,
11497,20240155,2025-10-07,10:46:46,Old,Dr. Ashwin Sadavarte,400,200,0,600,600,0,0,,
11498,20240155,2025-11-20,13:35:55,Old,Dr. Ashwin Sadavarte,500,0,0,500,500,0,0,30,2025-12-20
11499,20240155,2025-12-26,10:29:34,Old,Dr. Ashwin Sadavarte,500,0,0,500,500,0,0,90,2026-03-26
11500,20240155,2026-02-09,09:37:12,Old,Dr. Ashwin Sadavarte,500,200,0,700,700,0,0,30,2026-03-11
11501,20240155,2026-03-11,10:59:45,Old,Dr. Ashwin Sadavarte,500,300,0,800,800,0,0,30,2026-04-10
11502,20240155,2026-04-05,11:39:30,Old,Dr. Ashwin Sadavarte,300,0,0,300,0,0,300,30,2026-05-05
11503,20240155,2026-05-14,11:51:58,Old,Dr. Ashwin Sadavarte,500,0,0,500,500,0,0,90,2026-08-12
11504,20240155,2026-06-07,11:24:22,Old,Dr. Ashwin Sadavarte,400,0,0,400,400,0,0,30,2026-07-07
11505,20240155,2026-07-25,09:25:35,Old,Dr. Ashwin Sadavarte,300,200,0,500,500,0,0,60,2026-09-23
11506,20240155,2026-09-01,12:35:04,Old,Dr. Ashwin Sadavarte,500,300,0,800,800,0,0,30,2026-10-01
11507,20240156,2024-08-14,11:23:17,New,Dr. Ashwin Sadavarte,300,300,0,600,600,0,0,90,2024-11-12
11508,20240156,2024-12-03,10:32:42,Old,Dr. Ashwin Sadavarte,300,300,0,600,600,0,0,60,2025-02-01
11509,20240156,2025-01-04,09:05:22,Old,Dr. Ashwin Sadavarte,400,300,0,700,700,0,0,30,2025-02-03
11510,20240156,2025-02-06,10:15:24,Old,Dr. Ashwin Sadavarte,400,0,0,400,400,0,0,,
11511,20240156,2025-03-23,10:26:47,Old,Dr. Ashwin Sadavarte,400,0,0,400,400,0,0,15,2025-04-07
11512,20240156,2025-11-01,11:54:28,Old,Dr. Ashwin Sadavarte,400,0,0,400,200,0,200,60,2025-12-31
11513,20240156,2026-04-27,10:26:23,Old,Dr. Ashwin Sadavarte,400,200,0,600,600,0,0,,
11514,20240156,2026-06-12,13:40:04,Old,Dr. Ashwin Sadavarte,300,200,0,500,500,0,0,90,2026-09-10
11515,20240156,2026-07-15,09:38:34,Old,Dr. Ashwin Sadavarte,300,300,0,600,600,0,0,90,2026-10-13
11516,20240156,2026-08-14,11:06:59,Old,Dr. Ashwin Sadavarte,400,0,0,400,400,0,0,15,2026-08-29
11517,20240156,2026-09-14,12:23:33,Old,Dr. Ashwin Sadavarte,500,300,0,800,800,0,0,,
11518,20240157,2024-07-24,09:50:07,New,Dr. Ashwin Sadavarte,400,0,0,400,400,0,0,30,2024-08-23
11519,20240157,2024-08-19,13:39:28,Old,Dr. Ashwin Sadavarte,300,200,0,500,500,0,0,60,2024-10-18
11520,20240157,2024-09-26,12:58:04,Old,Dr. Ashwin Sadavarte,500,0,0,500,500,0,0,,
11521,20240157,2024-10-20,13:02:12,Old,Dr. Ashwin Sadavarte,300,300,0,600,600,0,0,,
11522,20240157,2024-11-24,13:46:35,Old,Dr. Ashwin Sadavarte,500,0,0,500,500,0,0,,
11523,20240157,2024-12-22,09:15:57,Old,Dr. Ashwin Sadavarte,300,200,0,500,500,0,0,15,2025-01-06
11524,20240157,2025-02-08,09:37:17,Old,Dr. Ashwin Sadavarte,500,0,0,500,500,0,0,60,2025-04-09
11525,20240157,2025-03-16,11:49:24,Old,Dr. Ashwin Sadavarte,500,300,0,800,800,0,0,90,2025-06-14
11526,20240157,2025-04-26,12:14:16,Old,Dr. Ashwin Sadavarte,500,0,0,500,500,0,0,15,2025-05-11
11527,20240157,2025-06-05,13:36:12,Old,Dr. Ashwin Sadavarte,400,300,0,700,700,0,0,30,2025-07-05
11528,20240157,2025-07-10,12:48:19,Old,Dr. Ashwin Sadavarte,300,200,0,500,200,0,300,30,2025-08-09
11529,20240157,2025-08-08,09:14:58,Old,Dr. Ashwin Sadavarte,400,0,0,400,400,0,0,60,2025-10-07
11530,20240157,2025-09-27,13:09:58,Old,Dr. Ashwin Sadavarte,500,300,0,800,800,0,0,,
11531,20240157,2025-10-21,09:06:27,Old,Dr. Ashwin Sadavarte,400,0,0,400,200,0,200,,
11532,20240158,2025-05-20,10:23:41,New,Dr. Ashwin Sadavarte,500,300,0,800,800,0,0,90,2025-08-18
11533,20240158,2025-12-16,11:52:05,Old,Dr. Ashwin Sadavarte,300,300,0,600,600,0,0,90,2026-03-16
11534,20240158,2026-03-02,13:27:52,Old,Dr. Ashwin Sadavarte,300,0,0,300,300,0,0,60,2026-05-01
11535,20240158,2026-05-15,13:09:46,Old,Dr. Ashwin Sadavarte,400,200,0,600,600,0,0,30,2026-06-14
11536,20240158,2026-07-07,11:14:58,Old,Dr. Ashwin Sadavarte,400,0,0,400,400,0,0,,
11537,20240158,2026-09-10,09:45:46,Old,Dr. Ashwin Sadavarte,400,200,0,600,600,0,0,60,2026-11-09
11538,20240159,2023-12-20,10:37:05,New,Dr. Ashwin Sadavarte,300,0,0,300,300,0,0,,
11539,20240159,2024-02-11,09:14:18,Old,Dr. Ashwin Sadavarte,400,0,0,400,400,0,0,30,2024-03-12
11540,20240159,2024-04-16,13:55:44,Old,Dr. Ashwin Sadavarte,400,200,0,600,600,0,0,90,2024-07-15
11541,20240159,2024-06-27,10:56:33,Old,Dr. Ashwin Sadavarte,400,0,0,400,400,0,0,90,2024-09-25
11542,20240159,2024-08-28,09:44:30,Old,Dr. Ashwin Sadavarte,300,0,0,300,300,0,0,60,2024-10-27
11543,20240159,2024-11-16,11:14:29,Old,Dr. Ashwin Sadavarte,500,0,0,500,500,0,0,60,2025-01-15
11544,20240159,2025-01-20,10:22:45,Old,Dr. Ashwin Sadavarte,300,300,0,600,600,0,0,15,2025-02-04
11545,20240159,2025-03-29,13:08:16,Old,Dr. Ashwin Sadavarte,400,0,0,400,100,0,300,30,2025-04-28
11546,20240159,2025-05-30,09:03:49,Old,Dr. Ashwin Sadavarte,300,0,0,300,300,0,0,60,2025-07-29
11547,20240159,2025-08-15,11:20:47,Old,Dr. Ashwin Sadavarte,500,0,0,500,500,0,0,90,2025-11-13
11548,20240159,2025-10-24,13:16:06,Old,Dr. Ashwin Sadavarte,300,200,0,500,500,0,0,90,2026-01-22
11549,20240159,2025-12-16,10:38:25,Old,Dr. Ashwin Sadavarte,300,300,0,600,600,0,0,15,2025-12-31
11550,20240159,2026-03-03,13:12:27,Old,Dr. Ashwin Sadavarte,500,0,0,500,500,0,0,30,2026-04-02
11551,20240159,2026-04-25,09:28:51,Old,Dr. Ashwin Sadavarte,300,0,0,300,300,0,0,30,2026-05-25
11552,20240159,2026-06-22,11:03:33,Old,Dr. Ashwin Sadavarte,300,0,0,300,100,0,200,15,2026-07-07
11553,20240159,2026-09-10,12:45:34,Old,Dr. Ashwin Sadavarte,300,0,0,300,300,0,0,30,2026-10-10
11554,20240160,2026-07-16,11:30:21,New,Dr. Ashwin Sadavarte,500,0,0,500,200,0,300,30,2026-08-15
11555,20240161,2023-08-06,13:06:16,New,Dr. R. Mahalle,500,200,0,700,700,0,0,15,2023-08-21
11556,20240161,2023-10-04,13:10:29,Old,Dr. R. Mahalle,300,300,0,600,600,0,0,30,2023-11-03
11557,20240161,2024-06-26,11:35:19,Old,Dr. R. Mahalle,300,200,0,500,0,0,500,60,2024-08-25
11558,20240161,2025-02-24,12:48:14,Old,Dr. R. Mahalle,300,0,0,300,200,0,100,60,2025-04-25
11559,20240161,2025-11-09,09:09:02,Old,Dr. R. Mahalle,500,0,0,500,500,0,0,60,2026-01-08
11560,20240161,2026-01-27,10:21:54,Old,Dr. R. Mahalle,500,0,0,500,500,0,0,60,2026-03-28
11561,20240161,2026-04-06,12:17:03,Old,Dr. R. Mahalle,500,0,0,500,500,0,0,60,2026-06-05
11562,20240161,2026-05-31,13:12:10,Old,Dr. R. Mahalle,300,300,0,600,600,0,0,60,2026-07-30
11563,20240161,2026-08-04,13:31:30,Old,Dr. R. Mahalle,500,0,0,500,500,0,0,,
11564,20240162,2024-09-23,10:07:43,New,Dr. Ashwin Sadavarte,400,200,0,600,600,0,0,30,2024-10-23
11565,20240162,2024-11-27,12:33:48,Old,Dr. Ashwin Sadavarte,300,0,0,300,300,0,0,30,2024-12-27
11566,20240162,2025-02-02,09:58:46,Old,Dr. Ashwin Sadavarte,500,200,0,700,700,0,0,60,2025-04-03
11567,20240162,2025-03-28,09:10:03,Old,Dr. Ashwin Sadavarte,500,0,0,500,100,0,400,,
11568,20240162,2025-05-24,11:32:33,Old,Dr. Ashwin Sadavarte,400,300,0,700,700,0,0,90,2025-08-22
11569,20240162,2025-08-10,11:31:15,Old,Dr. Ashwin Sadavarte,500,0,0,500,500,0,0,60,2025-10-09
11570,20240162,2025-10-03,09:04:29,Old,Dr. Ashwin Sadavarte,400,0,0,400,400,0,0,30,2025-11-02
11571,20240162,2025-12-16,10:52:15,Old,Dr. Ashwin Sadavarte,500,0,0,500,500,0,0,30,2026-01-15
11572,20240162,2026-02-11,10:10:57,Old,Dr. Ashwin Sadavarte,400,200,0,600,600,0,0,30,2026-03-13
11573,20240162,2026-04-13,10:18:46,Old,Dr. Ashwin Sadavarte,500,300,0,800,800,0,0,90,2026-07-12
11574,20240162,2026-06-23,12:28:28,Old,Dr. Ashwin Sadavarte,500,0,0,500,500,0,0,15,2026-07-08
11575,20240162,2026-08-31,10:31:34,Old,Dr. Ashwin Sadavarte,400,0,0,400,100,0,300,90,2026-11-29
11576,20240163,2024-09-17,13:44:47,New,Dr. Ashwin Sadavarte,400,300,0,700,700,0,0,15,2024-10-02
11577,20240163,2024-11-02,10:20:00,Old,Dr. Ashwin Sadavarte,500,0,0,500,500,0,0,60,2025-01-01
11578,20240163,2024-12-16,13:24:24,Old,Dr. Ashwin Sadavarte,500,0,0,500,500,0,0,,
11579,20240163,2025-04-29,13:41:42,Old,Dr. Ashwin Sadavarte,400,0,0,400,400,0,0,15,2025-05-14
11580,20240163,2025-10-15,13:19:36,Old,Dr. Ashwin Sadavarte,500,300,0,800,800,0,0,15,2025-10-30
11581,20240163,2025-12-02,11:00:30,Old,Dr. Ashwin Sadavarte,500,0,0,500,500,0,0,60,2026-01-31
11582,20240163,2025-12-24,12:12:29,Old,Dr. Ashwin Sadavarte,400,0,0,400,400,0,0,90,2026-03-24
11583,20240163,2026-02-04,10:17:55,Old,Dr. Ashwin Sadavarte,400,300,0,700,700,0,0,,
11584,20240163,2026-09-04,09:34:19,Old,Dr. Ashwin Sadavarte,300,0,0,300,300,0,0,30,2026-10-04
11585,20240164,2023-08-19,12:39:48,New,Dr. R. Mahalle,400,200,0,600,600,0,0,,
11586,20240164,2023-11-21,10:56:20,Old,Dr. R. Mahalle,400,200,0,600,600,0,0,15,2023-12-06
11587,20240164,2024-02-24,13:34:19,Old,Dr. R. Mahalle,400,0,0,400,400,0,0,15,2024-03-10
11588,20240164,2024-05-25,12:02:17,Old,Dr. R. Mahalle,400,0,0,400,0,0,400,60,2024-07-24
11589,20240164,2024-09-09,10:27:02,Old,Dr. R. Mahalle,500,0,0,500,200,0,300,30,2024-10-09
11590,20240164,2024-12-13,13:12:17,Old,Dr. R. Mahalle,300,300,0,600,600,0,0,90,2025-03-13
11591,20240164,2025-03-23,10:15:24,Old,Dr. R. Mahalle,500,0,0,500,500,0,0,60,2025-05-22
11592,20240164,2025-06-18,13:16:36,Old,Dr. R. Mahalle,300,200,0,500,500,0,0,90,2025-09-16
11593,20240164,2025-09-21,13:28:58,Old,Dr. R. Mahalle,300,300,0,600,600,0,0,30,2025-10-21
11594,20240164,2025-12-23,11:11:58,Old,Dr. R. Mahalle,400,0,0,400,400,0,0,30,2026-01-22
11595,20240164,2026-04-03,13:12:25,Old,Dr. R. Mahalle,500,300,0,800,800,0,0,60,2026-06-02
11596,20240164,2026-07-15,09:16:55,Old,Dr. R. Mahalle,500,200,0,700,700,0,0,,
11597,20240165,2025-02-25,11:40:41,New,Dr. R. Mahalle,300,300,0,600,600,0,0,60,2025-04-26
11598,20240165,2025-10-02,13:54:36,Old,Dr. R. Mahalle,400,0,0,400,400,0,0,60,2025-12-01
11599,20240165,2025-11-28,13:39:29,Old,Dr. R. Mahalle,400,200,0,600,600,0,0,60,2026-01-27
11600,20240165,2026-07-14,11:30:10,Old,Dr. R. Mahalle,400,0,0,400,400,0,0,90,2026-10-12
11601,20240166,2024-05-10,11:15:20,New,Dr. Ashwin Sadavarte,300,300,0,600,600,0,0,60,2024-07-09
11602,20240166,2024-06-07,13:04:21,Old,Dr. Ashwin Sadavarte,400,200,0,600,0,0,600,,
11603,20240166,2024-12-02,10:26:55,Old,Dr. Ashwin Sadavarte,300,0,0,300,300,0,0,30,2025-01-01
11604,20240166,2025-07-17,12:16:00,Old,Dr. Ashwin Sadavarte,400,300,0,700,700,0,0,60,2025-09-15
11605,20240166,2025-09-04,13:28:06,Old,Dr. Ashwin Sadavarte,300,300,0,600,600,0,0,30,2025-10-04
11606,20240166,2025-09-27,13:12:08,Old,Dr. Ashwin Sadavarte,300,300,0,600,600,0,0,90,2025-12-26
11607,20240166,2026-03-04,10:38:30,Old,Dr. Ashwin Sadavarte,500,200,0,700,700,0,0,90,2026-06-02
11608,20240167,2024-12-18,11:59:24,New,Dr. Ashwin Sadavarte,300,300,0,600,600,0,0,30,2025-01-17
11609,20240167,2025-02-17,10:11:02,Old,Dr. Ashwin Sadavarte,400,0,0,400,400,0,0,,
11610,20240167,2025-05-03,12:11:25,Old,Dr. Ashwin Sadavarte,500,200,0,700,700,0,0,,
11611,20240167,2025-07-13,13:26:47,Old,Dr. Ashwin Sadavarte,400,0,0,400,400,0,0,60,2025-09-11
11612,20240167,2025-09-08,13:26:57,Old,Dr. Ashwin Sadavarte,500,300,0,800,800,0,0,,
11613,20240168,2024-11-23,11:24:16,New,Dr. Ashwin Sadavarte,400,300,0,700,700,0,0,90,2025-02-21
11614,20240168,2025-01-15,11:43:00,Old,Dr. Ashwin Sadavarte,500,0,0,500,500,0,0,60,2025-03-16
11615,20240168,2025-03-22,12:44:58,Old,Dr. Ashwin Sadavarte,400,300,0,700,700,0,0,30,2025-04-21
11616,20240168,2025-05-15,13:24:31,Old,Dr. Ashwin Sadavarte,400,0,0,400,400,0,0,60,2025-07-14
11617,20240169,2026-09-08,13:39:10,New,Dr. Ashwin Sadavarte,400,200,0,600,600,0,0,90,2026-12-07
11618,20240170,2024-06-30,13:24:36,New,Dr. Ashwin Sadavarte,400,0,0,400,0,0,400,30,2024-07-30
11619,20240170,2024-07-31,12:25:44,Old,Dr. Ashwin Sadavarte,300,0,0,300,300,0,0,,
11620,20240170,2024-09-04,11:46:09,Old,Dr. Ashwin Sadavarte,300,0,0,300,300,0,0,60,2024-11-03
11621,20240170,2024-10-15,09:21:45,Old,Dr. Ashwin Sadavarte,500,0,0,500,500,0,0,60,2024-12-14
11622,20240170,2024-11-10,11:17:58,Old,Dr. Ashwin Sadavarte,300,0,0,300,300,0,0,60,2025-01-09
11623,20240170,2024-12-23,13:26:11,Old,Dr. Ashwin Sadavarte,300,0,0,300,300,0,0,60,2025-02-21
11624,20240170,2025-02-09,13:43:18,Old,Dr. Ashwin Sadavarte,400,0,0,400,0,0,400,30,2025-03-11
11625,20240170,2025-03-06,09:14:06,Old,Dr. Ashwin Sadavarte,300,0,0,300,300,0,0,60,2025-05-05
11626,20240170,2025-04-19,13:21:22,Old,Dr. Ashwin Sadavarte,400,0,0,400,400,0,0,60,2025-06-18
11627,20240170,2025-05-13,10:41:14,Old,Dr. Ashwin Sadavarte,300,0,0,300,300,0,0,,
11628,20240170,2025-07-01,09:51:23,Old,Dr. Ashwin Sadavarte,300,0,0,300,0,0,300,90,2025-09-29
11629,20240170,2025-08-10,12:48:53,Old,Dr. Ashwin Sadavarte,300,200,0,500,500,0,0,60,2025-10-09
11630,20240170,2025-09-08,13:56:15,Old,Dr. Ashwin Sadavarte,500,0,0,500,500,0,0,60,2025-11-07
11631,20240170,2025-10-26,10:29:46,Old,Dr. Ashwin Sadavarte,400,200,0,600,600,0,0,,
11632,20240170,2025-12-08,11:06:21,Old,Dr. Ashwin Sadavarte,300,0,0,300,300,0,0,15,2025-12-23
11633,20240170,2026-01-11,10:48:36,Old,Dr. Ashwin Sadavarte,400,0,0,400,400,0,0,,
11634,20240170,2026-02-19,11:50:02,Old,Dr. Ashwin Sadavarte,500,200,0,700,100,0,600,30,2026-03-21
11635,20240171,2023-09-06,09:14:59,New,Dr. R. Mahalle,500,300,0,800,800,0,0,90,2023-12-05
11636,20240171,2023-12-01,09:54:53,Old,Dr. R. Mahalle,500,0,0,500,500,0,0,30,2023-12-31
11637,20240171,2024-03-04,13:34:35,Old,Dr. R. Mahalle,400,0,0,400,400,0,0,,
11638,20240171,2024-05-26,12:17:49,Old,Dr. R. Mahalle,300,0,0,300,0,0,300,30,2024-06-25
11639,20240171,2024-08-26,11:11:13,Old,Dr. R. Mahalle,300,200,0,500,500,0,0,,
11640,20240171,2024-11-26,10:09:30,Old,Dr. R. Mahalle,400,300,0,700,700,0,0,60,2025-01-25
11641,20240171,2025-02-23,10:26:28,Old,Dr. R. Mahalle,300,300,0,600,600,0,0,60,2025-04-24
11642,20240171,2025-06-01,11:21:36,Old,Dr. R. Mahalle,400,200,0,600,600,0,0,60,2025-07-31
11643,20240171,2025-09-02,11:52:22,Old,Dr. R. Mahalle,500,0,0,500,500,0,0,90,2025-12-01
11644,20240171,2025-12-21,10:30:33,Old,Dr. R. Mahalle,400,200,0,600,600,0,0,,
11645,20240171,2026-03-24,13:33:33,Old,Dr. R. Mahalle,400,0,0,400,400,0,0,90,2026-06-22
11646,20240171,2026-06-25,13:46:24,Old,Dr. R. Mahalle,400,200,0,600,600,0,0,60,2026-08-24
11647,20240172,2024-09-15,13:02:40,New,Dr. Ashwin Sadavarte,400,0,0,400,400,0,0,60,2024-11-14
11648,20240172,2025-01-02,13:17:49,Old,Dr. Ashwin Sadavarte,400,0,0,400,400,0,0,90,2025-04-02
11649,20240172,2025-03-26,09:54:10,Old,Dr. Ashwin Sadavarte,300,0,0,300,100,0,200,60,2025-05-25
11650,20240173,2024-05-18,12:18:20,New,Dr. Ashwin Sadavarte,300,0,0,300,300,0,0,30,2024-06-17
11651,20240173,2024-07-11,10:40:14,Old,Dr. Ashwin Sadavarte,500,0,0,500,500,0,0,60,2024-09-09
11652,20240173,2024-09-23,13:15:55,Old,Dr. Ashwin Sadavarte,300,0,0,300,300,0,0,30,2024-10-23
11653,20240173,2024-11-22,09:27:44,Old,Dr. Ashwin Sadavarte,400,0,0,400,400,0,0,30,2024-12-22
11654,20240173,2025-02-10,13:21:28,Old,Dr. Ashwin Sadavarte,400,0,0,400,400,0,0,30,2025-03-12
11655,20240173,2025-04-06,09:38:09,Old,Dr. Ashwin Sadavarte,400,0,0,400,400,0,0,30,2025-05-06
11656,20240173,2025-06-10,10:21:35,Old,Dr. Ashwin Sadavarte,400,0,0,400,400,0,0,30,2025-07-10
11657,20240173,2025-08-07,11:45:44,Old,Dr. Ashwin Sadavarte,400,0,0,400,400,0,0,60,2025-10-06
11658,20240173,2025-10-25,09:57:04,Old,Dr. Ashwin Sadavarte,500,0,0,500,100,0,400,,
11659,20240173,2025-12-26,12:16:23,Old,Dr. Ashwin Sadavarte,500,300,0,800,100,0,700,15,2026-01-10
11660,20240173,2026-02-17,11:01:30,Old,Dr. Ashwin Sadavarte,300,0,0,300,300,0,0,30,2026-03-19
11661,20240173,2026-05-01,13:37:00,Old,Dr. Ashwin Sadavarte,300,0,0,300,300,0,0,,
11662,20240173,2026-06-26,13:47:56,Old,Dr. Ashwin Sadavarte,400,0,0,400,400,0,0,60,2026-08-25
11663,20240173,2026-08-19,11:54:47,Old,Dr. Ashwin Sadavarte,400,0,0,400,400,0,0,30,2026-09-18
11664,20240174,2025-01-04,11:28:27,New,Dr. Ashwin Sadavarte,300,300,0,600,600,0,0,60,2025-03-05
11665,20240174,2025-01-27,09:14:27,Old,Dr. Ashwin Sadavarte,500,0,0,500,500,0,0,15,2025-02-11
11666,20240174,2025-03-03,12:10:49,Old,Dr. Ashwin Sadavarte,300,300,0,600,600,0,0,30,2025-04-02
11667,20240174,2025-04-01,11:54:42,Old,Dr. Ashwin Sadavarte,300,200,0,500,500,0,0,90,2025-06-30
11668,20240174,2025-05-05,11:00:12,Old,Dr. Ashwin Sadavarte,400,0,0,400,400,0,0,15,2025-05-20
11669,20240174,2025-06-05,10:00:11,Old,Dr. Ashwin Sadavarte,400,0,0,400,400,0,0,15,2025-06-20
11670,20240174,2025-07-11,11:21:01,Old,Dr. Ashwin Sadavarte,300,200,0,500,500,0,0,15,2025-07-26
11671,20240174,2025-08-03,12:08:00,Old,Dr. Ashwin Sadavarte,500,200,0,700,700,0,0,15,2025-08-18
11672,20240174,2025-09-02,09:11:01,Old,Dr. Ashwin Sadavarte,500,200,0,700,700,0,0,90,2025-12-01
11673,20240174,2025-10-19,09:23:48,Old,Dr. Ashwin Sadavarte,400,0,0,400,400,0,0,60,2025-12-18
11674,20240174,2025-11-26,13:14:23,Old,Dr. Ashwin Sadavarte,400,0,0,400,400,0,0,30,2025-12-26
11675,20240174,2026-01-02,12:48:37,Old,Dr. Ashwin Sadavarte,400,0,0,400,400,0,0,60,2026-03-03
11676,20240174,2026-01-25,09:37:05,Old,Dr. Ashwin Sadavarte,500,300,0,800,800,0,0,15,2026-02-09
11677,20240174,2026-02-25,09:42:14,Old,Dr. Ashwin Sadavarte,500,0,0,500,500,0,0,60,2026-04-26
11678,20240174,2026-04-14,09:50:53,Old,Dr. Ashwin Sadavarte,400,200,0,600,600,0,0,60,2026-06-13
11679,20240174,2026-05-10,11:11:45,Old,Dr. Ashwin Sadavarte,500,0,0,500,500,0,0,15,2026-05-25
11680,20240174,2026-06-17,09:04:38,Old,Dr. Ashwin Sadavarte,400,300,0,700,700,0,0,30,2026-07-17
11681,20240174,2026-07-29,09:16:56,Old,Dr. Ashwin Sadavarte,400,0,0,400,400,0,0,30,2026-08-28
11682,20240174,2026-08-21,11:22:39,Old,Dr. Ashwin Sadavarte,300,0,0,300,0,0,300,,
11683,20240175,2025-01-04,11:47:02,New,Dr. Ashwin Sadavarte,300,0,0,300,0,0,300,90,2025-04-04
11684,20240175,2025-03-15,09:21:21,Old,Dr. Ashwin Sadavarte,400,200,0,600,600,0,0,90,2025-06-13
11685,20240175,2025-05-16,09:12:05,Old,Dr. Ashwin Sadavarte,500,0,0,500,500,0,0,60,2025-07-15
11686,20240175,2025-08-01,09:00:18,Old,Dr. Ashwin Sadavarte,400,200,0,600,600,0,0,90,2025-10-30
11687,20240175,2025-10-15,11:26:57,Old,Dr. Ashwin Sadavarte,400,300,0,700,700,0,0,,
11688,20240175,2025-12-07,09:34:41,Old,Dr. Ashwin Sadavarte,400,300,0,700,700,0,0,15,2025-12-22
11689,20240175,2026-02-01,09:10:09,Old,Dr. Ashwin Sadavarte,500,200,0,700,0,0,700,30,2026-03-03
11690,20240175,2026-04-14,12:06:06,Old,Dr. Ashwin Sadavarte,500,300,0,800,800,0,0,90,2026-07-13
11691,20240175,2026-06-19,10:04:31,Old,Dr. Ashwin Sadavarte,300,0,0,300,300,0,0,,
11692,20240175,2026-08-27,10:04:18,Old,Dr. Ashwin Sadavarte,500,200,0,700,700,0,0,15,2026-09-11
11693,20240176,2023-09-03,11:21:38,New,Dr. Ashwin Sadavarte,500,0,0,500,500,0,0,60,2023-11-02
11694,20240176,2023-11-01,09:43:58,Old,Dr. Ashwin Sadavarte,400,200,0,600,600,0,0,60,2023-12-31
11695,20240176,2024-01-10,10:06:25,Old,Dr. Ashwin Sadavarte,300,300,0,600,600,0,0,60,2024-03-10
11696,20240176,2024-03-30,12:22:56,Old,Dr. Ashwin Sadavarte,300,200,0,500,500,0,0,30,2024-04-29
11697,20240176,2024-05-31,13:21:00,Old,Dr. Ashwin Sadavarte,300,0,0,300,300,0,0,15,2024-06-15
11698,20240176,2024-08-08,13:45:20,Old,Dr. Ashwin Sadavarte,500,300,0,800,800,0,0,30,2024-09-07
11699,20240176,2024-10-06,12:08:27,Old,Dr. Ashwin Sadavarte,400,0,0,400,400,0,0,,
11700,20240176,2024-12-23,13:48:44,Old,Dr. Ashwin Sadavarte,300,0,0,300,300,0,0,30,2025-01-22
11701,20240176,2025-02-19,13:45:33,Old,Dr. Ashwin Sadavarte,400,300,0,700,700,0,0,,
11702,20240176,2025-05-04,09:28:49,Old,Dr. Ashwin Sadavarte,400,0,0,400,400,0,0,90,2025-08-02
11703,20240176,2025-06-29,09:59:31,Old,Dr. Ashwin Sadavarte,400,0,0,400,400,0,0,30,2025-07-29
11704,20240176,2025-09-15,11:51:55,Old,Dr. Ashwin Sadavarte,300,200,0,500,100,0,400,15,2025-09-30
11705,20240176,2025-11-27,12:37:16,Old,Dr. Ashwin Sadavarte,300,300,0,600,600,0,0,60,2026-01-26
11706,20240176,2026-01-31,09:27:09,Old,Dr. Ashwin Sadavarte,300,0,0,300,300,0,0,,
11707,20240176,2026-04-04,11:31:07,Old,Dr. Ashwin Sadavarte,300,0,0,300,300,0,0,60,2026-06-03
11708,20240177,2023-09-22,11:20:50,New,Dr. Ashwin Sadavarte,300,300,0,600,600,0,0,60,2023-11-21
11709,20240177,2023-10-24,13:25:48,Old,Dr. Ashwin Sadavarte,400,0,0,400,400,0,0,30,2023-11-23
11710,20240177,2023-12-10,13:38:41,Old,Dr. Ashwin Sadavarte,400,0,0,400,400,0,0,60,2024-02-08
11711,20240177,2024-01-15,13:55:58,Old,Dr. Ashwin Sadavarte,500,0,0,500,500,0,0,30,2024-02-14
11712,20240177,2024-02-11,13:35:54,Old,Dr. Ashwin Sadavarte,400,300,0,700,700,0,0,60,2024-04-11
11713,20240177,2024-03-07,12:15:33,Old,Dr. Ashwin Sadavarte,300,0,0,300,300,0,0,90,2024-06-05
11714,20240177,2024-04-14,10:24:42,Old,Dr. Ashwin Sadavarte,500,0,0,500,500,0,0,15,2024-04-29
11715,20240177,2024-05-19,11:43:06,Old,Dr. Ashwin Sadavarte,500,200,0,700,200,0,500,,
11716,20240177,2024-06-18,12:20:30,Old,Dr. Ashwin Sadavarte,300,300,0,600,600,0,0,30,2024-07-18
11717,20240177,2024-07-20,12:11:40,Old,Dr. Ashwin Sadavarte,500,0,0,500,500,0,0,30,2024-08-19
11718,20240177,2024-09-06,13:46:59,Old,Dr. Ashwin Sadavarte,300,0,0,300,300,0,0,90,2024-12-05
11719,20240177,2024-10-26,09:51:40,Old,Dr. Ashwin Sadavarte,300,300,0,600,600,0,0,15,2024-11-10
11720,20240177,2024-12-08,10:10:52,Old,Dr. Ashwin Sadavarte,500,300,0,800,800,0,0,60,2025-02-06
11721,20240177,2025-01-06,13:57:48,Old,Dr. Ashwin Sadavarte,300,0,0,300,300,0,0,60,2025-03-07
11722,20240177,2025-02-01,12:56:48,Old,Dr. Ashwin Sadavarte,500,200,0,700,700,0,0,60,2025-04-02
11723,20240177,2025-03-16,09:36:27,Old,Dr. Ashwin Sadavarte,400,200,0,600,600,0,0,30,2025-04-15
11724,20240177,2025-04-20,12:53:53,Old,Dr. Ashwin Sadavarte,400,0,0,400,100,0,300,30,2025-05-20
11725,20240177,2025-05-14,13:08:31,Old,Dr. Ashwin Sadavarte,400,0,0,400,400,0,0,60,2025-07-13
11726,20240177,2025-07-01,12:07:59,Old,Dr. Ashwin Sadavarte,500,200,0,700,700,0,0,60,2025-08-30
11727,20240177,2025-08-04,13:16:20,Old,Dr. Ashwin Sadavarte,400,0,0,400,400,0,0,,
11728,20240177,2025-09-14,09:15:20,Old,Dr. Ashwin Sadavarte,400,0,0,400,400,0,0,60,2025-11-13
11729,20240177,2025-10-08,13:38:57,Old,Dr. Ashwin Sadavarte,500,200,0,700,200,0,500,,
11730,20240177,2025-11-13,12:57:03,Old,Dr. Ashwin Sadavarte,500,200,0,700,700,0,0,30,2025-12-13
11731,20240177,2025-12-30,10:50:00,Old,Dr. Ashwin Sadavarte,300,0,0,300,300,0,0,90,2026-03-30
11732,20240178,2024-03-14,12:55:05,New,Dr. Ashwin Sadavarte,500,0,0,500,500,0,0,60,2024-05-13
11733,20240178,2024-06-30,12:40:15,Old,Dr. Ashwin Sadavarte,400,0,0,400,400,0,0,,
11734,20240178,2025-02-05,10:40:33,Old,Dr. Ashwin Sadavarte,500,0,0,500,100,0,400,60,2025-04-06
11735,20240178,2025-12-26,13:26:22,Old,Dr. Ashwin Sadavarte,300,300,0,600,600,0,0,30,2026-01-25
11736,20240178,2026-03-24,13:18:47,Old,Dr. Ashwin Sadavarte,500,0,0,500,500,0,0,30,2026-04-23
11737,20240178,2026-06-25,09:49:28,Old,Dr. Ashwin Sadavarte,400,0,0,400,400,0,0,,
11738,20240179,2026-08-12,12:23:49,New,Dr. Ashwin Sadavarte,300,0,0,300,300,0,0,30,2026-09-11
11739,20240180,2024-01-15,13:50:55,New,Dr. Ashwin Sadavarte,500,0,0,500,500,0,0,30,2024-02-14
11740,20240180,2024-06-02,12:21:23,Old,Dr. Ashwin Sadavarte,400,200,0,600,600,0,0,90,2024-08-31
11741,20240180,2024-07-25,12:19:00,Old,Dr. Ashwin Sadavarte,300,200,0,500,500,0,0,90,2024-10-23
11742,20240180,2025-02-20,13:34:59,Old,Dr. Ashwin Sadavarte,500,300,0,800,0,0,800,60,2025-04-21
11743,20240180,2025-04-30,10:44:04,Old,Dr. Ashwin Sadavarte,300,300,0,600,600,0,0,90,2025-07-29
11744,20240180,2025-07-13,12:04:21,Old,Dr. Ashwin Sadavarte,500,300,0,800,800,0,0,60,2025-09-11
11745,20240180,2025-09-05,11:13:34,Old,Dr. Ashwin Sadavarte,400,0,0,400,400,0,0,30,2025-10-05
11746,20240180,2025-11-07,09:17:38,Old,Dr. Ashwin Sadavarte,300,200,0,500,500,0,0,60,2026-01-06
11747,20240180,2026-01-25,09:10:48,Old,Dr. Ashwin Sadavarte,400,0,0,400,400,0,0,60,2026-03-26
11748,20240180,2026-04-04,12:00:49,Old,Dr. Ashwin Sadavarte,400,0,0,400,400,0,0,15,2026-04-19
11749,20240181,2025-07-06,12:16:18,New,Dr. Ashwin Sadavarte,400,200,0,600,600,0,0,60,2025-09-04
11750,20240182,2025-09-23,13:53:08,New,Dr. Ashwin Sadavarte,300,0,0,300,200,0,100,30,2025-10-23
11751,20240182,2025-12-02,12:07:16,Old,Dr. Ashwin Sadavarte,500,0,0,500,500,0,0,30,2026-01-01
11752,20240183,2024-02-09,11:20:43,New,Dr. R. Mahalle,300,0,0,300,300,0,0,30,2024-03-10
11753,20240183,2024-04-22,13:21:27,Old,Dr. R. Mahalle,400,200,0,600,600,0,0,15,2024-05-07
11754,20240183,2024-06-21,10:04:22,Old,Dr. R. Mahalle,500,0,0,500,500,0,0,60,2024-08-20
11755,20240183,2025-02-24,09:44:24,Old,Dr. R. Mahalle,400,300,0,700,700,0,0,30,2025-03-26
11756,20240183,2025-12-19,13:46:18,Old,Dr. R. Mahalle,500,300,0,800,800,0,0,60,2026-02-17
11757,20240183,2026-07-01,09:27:09,Old,Dr. R. Mahalle,500,0,0,500,500,0,0,90,2026-09-29
11758,20240183,2026-09-07,09:11:56,Old,Dr. R. Mahalle,400,0,0,400,400,0,0,30,2026-10-07
11759,20240184,2025-03-24,09:06:22,New,Dr. Ashwin Sadavarte,400,0,0,400,400,0,0,30,2025-04-23
11760,20240184,2025-06-19,12:12:07,Old,Dr. Ashwin Sadavarte,400,300,0,700,700,0,0,60,2025-08-18
11761,20240184,2025-09-09,09:36:51,Old,Dr. Ashwin Sadavarte,400,0,0,400,400,0,0,30,2025-10-09
11762,20240185,2024-01-14,09:46:06,New,Dr. R. Mahalle,500,300,0,800,800,0,0,30,2024-02-13
11763,20240185,2024-02-24,09:20:45,Old,Dr. R. Mahalle,400,300,0,700,700,0,0,60,2024-04-24
11764,20240185,2024-03-22,10:00:20,Old,Dr. R. Mahalle,400,300,0,700,700,0,0,15,2024-04-06
11765,20240185,2024-04-19,13:48:40,Old,Dr. R. Mahalle,300,0,0,300,300,0,0,30,2024-05-19
11766,20240185,2024-06-07,11:07:42,Old,Dr. R. Mahalle,400,0,0,400,400,0,0,30,2024-07-07
11767,20240185,2024-07-17,10:23:39,Old,Dr. R. Mahalle,300,0,0,300,100,0,200,30,2024-08-16
11768,20240185,2024-09-02,10:59:15,Old,Dr. R. Mahalle,300,0,0,300,300,0,0,15,2024-09-17
11769,20240185,2024-10-20,12:47:02,Old,Dr. R. Mahalle,300,0,0,300,300,0,0,30,2024-11-19
11770,20240185,2024-11-18,11:10:25,Old,Dr. R. Mahalle,400,300,0,700,700,0,0,60,2025-01-17
11771,20240185,2024-12-23,12:33:21,Old,Dr. R. Mahalle,400,300,0,700,700,0,0,15,2025-01-07
11772,20240185,2025-02-11,09:44:46,Old,Dr. R. Mahalle,400,0,0,400,400,0,0,60,2025-04-12
11773,20240185,2025-03-05,09:13:52,Old,Dr. R. Mahalle,300,300,0,600,600,0,0,,
11774,20240185,2025-04-18,09:12:18,Old,Dr. R. Mahalle,500,200,0,700,700,0,0,30,2025-05-18
11775,20240185,2025-05-19,09:37:09,Old,Dr. R. Mahalle,400,200,0,600,600,0,0,60,2025-07-18
11776,20240185,2025-06-30,12:46:00,Old,Dr. R. Mahalle,300,0,0,300,300,0,0,60,2025-08-29
11777,20240185,2025-07-30,11:50:40,Old,Dr. R. Mahalle,500,300,0,800,800,0,0,60,2025-09-28
11778,20240185,2025-09-05,12:33:23,Old,Dr. R. Mahalle,400,300,0,700,200,0,500,30,2025-10-05
11779,20240185,2025-09-27,10:20:34,Old,Dr. R. Mahalle,400,0,0,400,400,0,0,30,2025-10-27
11780,20240185,2025-11-02,13:00:10,Old,Dr. R. Mahalle,500,200,0,700,700,0,0,30,2025-12-02
11781,20240185,2025-12-17,09:54:40,Old,Dr. R. Mahalle,400,200,0,600,600,0,0,90,2026-03-17
11782,20240185,2026-02-01,11:50:24,Old,Dr. R. Mahalle,400,0,0,400,200,0,200,,
11783,20240185,2026-03-15,13:06:48,Old,Dr. R. Mahalle,400,0,0,400,400,0,0,30,2026-04-14
11784,20240185,2026-04-06,10:25:30,Old,Dr. R. Mahalle,500,0,0,500,500,0,0,15,2026-04-21
11785,20240185,2026-05-11,13:28:27,Old,Dr. R. Mahalle,300,0,0,300,200,0,100,15,2026-05-26
11786,20240185,2026-06-15,11:24:35,Old,Dr. R. Mahalle,500,0,0,500,500,0,0,90,2026-09-13
11787,20240185,2026-07-08,12:35:36,Old,Dr. R. Mahalle,400,0,0,400,400,0,0,90,2026-10-06
11788,20240185,2026-08-22,11:13:04,Old,Dr. R. Mahalle,500,0,0,500,500,0,0,30,2026-09-21
11789,20240186,2026-08-19,12:08:38,New,Dr. R. Mahalle,300,200,0,500,500,0,0,30,2026-09-18
11790,20240187,2024-06-16,13:29:55,New,Dr. Ashwin Sadavarte,500,200,0,700,700,0,0,90,2024-09-14
11791,20240187,2024-09-24,09:15:56,Old,Dr. Ashwin Sadavarte,300,0,0,300,200,0,100,15,2024-10-09
11792,20240187,2024-12-19,10:41:00,Old,Dr. Ashwin Sadavarte,500,0,0,500,500,0,0,,
11793,20240187,2025-03-26,10:52:16,Old,Dr. Ashwin Sadavarte,300,0,0,300,300,0,0,60,2025-05-25
11794,20240187,2025-06-18,10:57:47,Old,Dr. Ashwin Sadavarte,400,300,0,700,700,0,0,15,2025-07-03
11795,20240187,2025-09-25,09:00:56,Old,Dr. Ashwin Sadavarte,300,200,0,500,500,0,0,15,2025-10-10
11796,20240187,2025-12-27,09:01:04,Old,Dr. Ashwin Sadavarte,300,0,0,300,300,0,0,30,2026-01-26
11797,20240187,2026-03-30,13:20:35,Old,Dr. Ashwin Sadavarte,500,0,0,500,500,0,0,15,2026-04-14
11798,20240187,2026-07-13,09:30:19,Old,Dr. Ashwin Sadavarte,400,0,0,400,400,0,0,30,2026-08-12
11799,20240188,2023-11-11,10:53:18,New,Dr. R. Mahalle,500,200,0,700,200,0,500,60,2024-01-10
11800,20240188,2024-02-10,11:19:29,Old,Dr. R. Mahalle,300,0,0,300,300,0,0,15,2024-02-25
11801,20240188,2024-05-11,10:51:09,Old,Dr. R. Mahalle,400,0,0,400,400,0,0,60,2024-07-10
11802,20240188,2024-08-05,13:33:49,Old,Dr. R. Mahalle,400,300,0,700,200,0,500,30,2024-09-04
11803,20240188,2024-11-16,11:30:12,Old,Dr. R. Mahalle,400,0,0,400,400,0,0,90,2025-02-14
11804,20240188,2025-02-10,12:02:07,Old,Dr. R. Mahalle,500,0,0,500,500,0,0,15,2025-02-25
11805,20240188,2025-05-29,12:26:48,Old,Dr. R. Mahalle,400,0,0,400,400,0,0,60,2025-07-28
11806,20240189,2024-05-28,10:13:42,New,Dr. Ashwin Sadavarte,500,0,0,500,500,0,0,30,2024-06-27
11807,20240189,2024-09-12,13:52:16,Old,Dr. Ashwin Sadavarte,300,0,0,300,300,0,0,60,2024-11-11
11808,20240189,2024-12-04,13:23:46,Old,Dr. Ashwin Sadavarte,300,0,0,300,300,0,0,30,2025-01-03
11809,20240189,2025-03-10,12:16:53,Old,Dr. Ashwin Sadavarte,500,300,0,800,0,0,800,,
11810,20240190,2025-05-18,10:24:25,New,Dr. R. Mahalle,300,0,0,300,300,0,0,30,2025-06-17
11811,20240191,2023-09-01,10:02:42,New,Dr. Ashwin Sadavarte,300,0,0,300,300,0,0,60,2023-10-31
11812,20240191,2023-11-01,10:57:09,Old,Dr. Ashwin Sadavarte,400,0,0,400,400,0,0,,
11813,20240191,2024-01-20,10:32:31,Old,Dr. Ashwin Sadavarte,300,0,0,300,300,0,0,,
11814,20240191,2024-03-15,09:39:28,Old,Dr. Ashwin Sadavarte,500,0,0,500,500,0,0,30,2024-04-14
11815,20240191,2024-06-03,11:40:02,Old,Dr. Ashwin Sadavarte,300,0,0,300,300,0,0,30,2024-07-03
11816,20240191,2024-08-09,11:35:23,Old,Dr. Ashwin Sadavarte,300,200,0,500,500,0,0,,
11817,20240191,2024-10-13,11:21:19,Old,Dr. Ashwin Sadavarte,500,200,0,700,700,0,0,,
11818,20240191,2024-12-04,10:42:34,Old,Dr. Ashwin Sadavarte,300,0,0,300,300,0,0,30,2025-01-03
11819,20240191,2025-02-15,12:08:09,Old,Dr. Ashwin Sadavarte,500,0,0,500,500,0,0,30,2025-03-17
11820,20240191,2025-04-29,12:39:54,Old,Dr. Ashwin Sadavarte,400,0,0,400,400,0,0,30,2025-05-29
11821,20240191,2025-07-09,13:41:05,Old,Dr. Ashwin Sadavarte,300,300,0,600,600,0,0,60,2025-09-07
11822,20240191,2025-09-14,12:42:35,Old,Dr. Ashwin Sadavarte,500,300,0,800,100,0,700,,
11823,20240191,2025-11-08,09:25:48,Old,Dr. Ashwin Sadavarte,400,0,0,400,400,0,0,60,2026-01-07
11824,20240191,2026-01-05,09:58:57,Old,Dr. Ashwin Sadavarte,400,300,0,700,700,0,0,30,2026-02-04
11825,20240191,2026-03-13,11:33:36,Old,Dr. Ashwin Sadavarte,400,200,0,600,600,0,0,60,2026-05-12
11826,20240191,2026-05-19,11:14:01,Old,Dr. Ashwin Sadavarte,500,0,0,500,500,0,0,90,2026-08-17
11827,20240191,2026-07-25,12:19:06,Old,Dr. Ashwin Sadavarte,500,0,0,500,500,0,0,,
11828,20240192,2024-01-22,13:23:43,New,Dr. Ashwin Sadavarte,300,0,0,300,0,0,300,60,2024-03-22
11829,20240192,2024-04-10,12:59:31,Old,Dr. Ashwin Sadavarte,500,0,0,500,500,0,0,90,2024-07-09
11830,20240192,2024-06-17,10:37:37,Old,Dr. Ashwin Sadavarte,400,0,0,400,400,0,0,60,2024-08-16
11831,20240192,2024-08-09,09:55:13,Old,Dr. Ashwin Sadavarte,500,300,0,800,800,0,0,30,2024-09-08
11832,20240192,2024-10-07,11:13:32,Old,Dr. Ashwin Sadavarte,500,0,0,500,500,0,0,30,2024-11-06
11833,20240192,2024-11-28,11:13:04,Old,Dr. Ashwin Sadavarte,500,0,0,500,500,0,0,60,2025-01-27
11834,20240192,2025-01-24,13:47:27,Old,Dr. Ashwin Sadavarte,400,200,0,600,600,0,0,15,2025-02-08
11835,20240192,2025-03-28,10:39:06,Old,Dr. Ashwin Sadavarte,500,300,0,800,800,0,0,60,2025-05-27
11836,20240192,2025-05-22,13:27:09,Old,Dr. Ashwin Sadavarte,500,0,0,500,500,0,0,30,2025-06-21
11837,20240192,2025-07-24,10:30:19,Old,Dr. Ashwin Sadavarte,500,0,0,500,500,0,0,15,2025-08-08
11838,20240192,2025-09-28,09:16:18,Old,Dr. Ashwin Sadavarte,400,0,0,400,400,0,0,60,2025-11-27
11839,20240192,2025-12-13,09:39:32,Old,Dr. Ashwin Sadavarte,400,0,0,400,400,0,0,30,2026-01-12
11840,20240192,2026-02-06,11:47:47,Old,Dr. Ashwin Sadavarte,500,300,0,800,800,0,0,30,2026-03-08
11841,20240192,2026-04-11,09:10:06,Old,Dr. Ashwin Sadavarte,400,0,0,400,400,0,0,30,2026-05-11
11842,20240193,2025-05-03,09:20:51,New,Dr. Ashwin Sadavarte,400,0,0,400,400,0,0,,
11843,20240193,2025-08-13,09:23:28,Old,Dr. Ashwin Sadavarte,400,0,0,400,400,0,0,30,2025-09-12
11844,20240194,2023-11-16,13:25:00,New,Dr. Ashwin Sadavarte,400,0,0,400,400,0,0,90,2024-02-14
11845,20240194,2024-01-08,13:22:03,Old,Dr. Ashwin Sadavarte,300,0,0,300,300,0,0,90,2024-04-07
11846,20240194,2024-03-12,13:33:23,Old,Dr. Ashwin Sadavarte,400,0,0,400,400,0,0,15,2024-03-27
11847,20240194,2024-05-16,09:02:47,Old,Dr. Ashwin Sadavarte,300,200,0,500,500,0,0,60,2024-07-15
11848,20240194,2024-08-01,11:47:54,Old,Dr. Ashwin Sadavarte,500,200,0,700,700,0,0,60,2024-09-30
11849,20240194,2024-10-03,10:51:34,Old,Dr. Ashwin Sadavarte,400,300,0,700,700,0,0,30,2024-11-02
11850,20240194,2024-12-13,12:49:50,Old,Dr. Ashwin Sadavarte,500,300,0,800,800,0,0,30,2025-01-12
11851,20240194,2025-02-28,13:24:06,Old,Dr. Ashwin Sadavarte,500,200,0,700,700,0,0,15,2025-03-15
11852,20240194,2025-05-13,13:30:38,Old,Dr. Ashwin Sadavarte,400,200,0,600,600,0,0,15,2025-05-28
11853,20240194,2025-07-30,11:56:31,Old,Dr. Ashwin Sadavarte,400,200,0,600,600,0,0,60,2025-09-28
11854,20240194,2025-09-27,11:10:15,Old,Dr. Ashwin Sadavarte,300,300,0,600,600,0,0,60,2025-11-26
11855,20240194,2025-11-28,11:29:53,Old,Dr. Ashwin Sadavarte,500,200,0,700,700,0,0,30,2025-12-28
11856,20240194,2026-01-31,12:12:41,Old,Dr. Ashwin Sadavarte,400,0,0,400,400,0,0,15,2026-02-15
11857,20240194,2026-04-19,12:22:39,Old,Dr. Ashwin Sadavarte,500,0,0,500,500,0,0,15,2026-05-04
11858,20240194,2026-06-13,10:51:24,Old,Dr. Ashwin Sadavarte,400,300,0,700,0,0,700,30,2026-07-13
11859,20240194,2026-08-26,13:59:28,Old,Dr. Ashwin Sadavarte,300,200,0,500,500,0,0,60,2026-10-25
11860,20240195,2025-04-09,09:07:21,New,Dr. Ashwin Sadavarte,300,200,0,500,500,0,0,30,2025-05-09
11861,20240195,2025-06-26,10:33:25,Old,Dr. Ashwin Sadavarte,400,0,0,400,100,0,300,90,2025-09-24
11862,20240195,2025-08-28,12:40:06,Old,Dr. Ashwin Sadavarte,500,0,0,500,500,0,0,30,2025-09-27
11863,20240195,2025-11-03,12:54:11,Old,Dr. Ashwin Sadavarte,300,0,0,300,300,0,0,30,2025-12-03
11864,20240195,2026-01-05,09:22:02,Old,Dr. Ashwin Sadavarte,400,0,0,400,400,0,0,30,2026-02-04
11865,20240195,2026-03-14,10:04:55,Old,Dr. Ashwin Sadavarte,500,200,0,700,700,0,0,90,2026-06-12
11866,20240195,2026-05-28,10:41:23,Old,Dr. Ashwin Sadavarte,300,200,0,500,500,0,0,,
11867,20240195,2026-08-02,10:22:49,Old,Dr. Ashwin Sadavarte,300,0,0,300,300,0,0,15,2026-08-17
11868,20240196,2024-09-16,13:01:41,New,Dr. Ashwin Sadavarte,400,0,0,400,200,0,200,30,2024-10-16
11869,20240196,2024-11-21,13:35:38,Old,Dr. Ashwin Sadavarte,400,0,0,400,400,0,0,30,2024-12-21
11870,20240196,2025-02-03,09:01:49,Old,Dr. Ashwin Sadavarte,400,0,0,400,400,0,0,30,2025-03-05
11871,20240196,2025-04-22,09:05:48,Old,Dr. Ashwin Sadavarte,400,0,0,400,400,0,0,30,2025-05-22
11872,20240196,2025-07-09,11:27:05,Old,Dr. Ashwin Sadavarte,500,200,0,700,700,0,0,60,2025-09-07
11873,20240196,2025-09-10,11:42:58,Old,Dr. Ashwin Sadavarte,400,0,0,400,400,0,0,,
11874,20240196,2025-11-28,11:52:27,Old,Dr. Ashwin Sadavarte,400,0,0,400,400,0,0,30,2025-12-28
11875,20240196,2026-02-11,09:23:08,Old,Dr. Ashwin Sadavarte,400,200,0,600,600,0,0,60,2026-04-12
11876,20240196,2026-05-02,11:36:41,Old,Dr. Ashwin Sadavarte,500,200,0,700,700,0,0,90,2026-07-31
11877,20240196,2026-06-23,12:20:19,Old,Dr. Ashwin Sadavarte,300,0,0,300,300,0,0,60,2026-08-22
11878,20240196,2026-09-04,10:35:13,Old,Dr. Ashwin Sadavarte,400,0,0,400,400,0,0,,
11879,20240197,2024-07-23,13:55:17,New,Dr. R. Mahalle,300,200,0,500,500,0,0,15,2024-08-07
11880,20240197,2024-10-28,09:47:47,Old,Dr. R. Mahalle,500,0,0,500,500,0,0,,
11881,20240197,2025-01-25,11:30:50,Old,Dr. R. Mahalle,500,300,0,800,800,0,0,30,2025-02-24
11882,20240197,2025-05-10,12:31:13,Old,Dr. R. Mahalle,300,200,0,500,500,0,0,,
11883,20240197,2025-08-03,11:47:59,Old,Dr. R. Mahalle,400,200,0,600,600,0,0,15,2025-08-18
11884,20240197,2025-11-08,09:04:25,Old,Dr. R. Mahalle,300,0,0,300,200,0,100,90,2026-02-06
11885,20240198,2026-08-02,12:04:11,New,Dr. Ashwin Sadavarte,300,0,0,300,300,0,0,,
11886,20240199,2023-09-02,13:26:52,New,Dr. Ashwin Sadavarte,400,200,0,600,600,0,0,60,2023-11-01
11887,20240199,2023-11-01,10:23:06,Old,Dr. Ashwin Sadavarte,500,0,0,500,500,0,0,60,2023-12-31
11888,20240199,2023-12-27,13:46:39,Old,Dr. Ashwin Sadavarte,500,0,0,500,500,0,0,60,2024-02-25
11889,20240199,2024-03-02,12:53:08,Old,Dr. Ashwin Sadavarte,300,0,0,300,300,0,0,15,2024-03-17
11890,20240199,2024-05-18,11:57:20,Old,Dr. Ashwin Sadavarte,500,0,0,500,500,0,0,60,2024-07-17
11891,20240199,2024-07-17,09:47:11,Old,Dr. Ashwin Sadavarte,300,200,0,500,500,0,0,30,2024-08-16
11892,20240199,2024-09-11,11:49:53,Old,Dr. Ashwin Sadavarte,500,0,0,500,500,0,0,60,2024-11-10
11893,20240199,2024-11-03,11:39:19,Old,Dr. Ashwin Sadavarte,500,0,0,500,200,0,300,90,2025-02-01
11894,20240199,2025-01-14,09:51:57,Old,Dr. Ashwin Sadavarte,400,0,0,400,400,0,0,60,2025-03-15
11895,20240199,2025-03-27,09:00:42,Old,Dr. Ashwin Sadavarte,500,0,0,500,0,0,500,,
11896,20240199,2025-06-01,10:27:23,Old,Dr. Ashwin Sadavarte,300,200,0,500,500,0,0,30,2025-07-01
11897,20240200,2024-01-11,12:11:38,New,Dr. Ashwin Sadavarte,400,200,0,600,600,0,0,,
11898,20240200,2024-03-07,11:46:15,Old,Dr. Ashwin Sadavarte,400,200,0,600,600,0,0,90,2024-06-05
11899,20240200,2024-05-20,11:28:46,Old,Dr. Ashwin Sadavarte,500,0,0,500,500,0,0,90,2024-08-18
11900,20240200,2024-07-27,11:42:07,Old,Dr. Ashwin Sadavarte,400,0,0,400,400,0,0,30,2024-08-26
11901,20240200,2024-09-24,11:19:55,Old,Dr. Ashwin Sadavarte,300,0,0,300,300,0,0,60,2024-11-23
11902,20240200,2024-11-30,09:55:15,Old,Dr. Ashwin Sadavarte,500,0,0,500,500,0,0,30,2024-12-30
11903,20240200,2025-01-23,12:08:05,Old,Dr. Ashwin Sadavarte,500,0,0,500,200,0,300,15,2025-02-07
11904,20240200,2025-04-07,13:07:52,Old,Dr. Ashwin Sadavarte,300,0,0,300,300,0,0,,
11905,20240200,2025-06-09,09:15:40,Old,Dr. Ashwin Sadavarte,400,200,0,600,600,0,0,15,2025-06-24
11906,20240200,2025-08-16,13:44:47,Old,Dr. Ashwin Sadavarte,300,200,0,500,500,0,0,,
11907,20240200,2025-10-22,10:48:04,Old,Dr. Ashwin Sadavarte,500,200,0,700,700,0,0,,
11908,20240200,2025-12-23,13:46:50,Old,Dr. Ashwin Sadavarte,500,300,0,800,800,0,0,60,2026-02-21
11909,20240200,2026-02-22,09:12:09,Old,Dr. Ashwin Sadavarte,400,0,0,400,100,0,300,,
11910,20240200,2026-04-23,10:25:00,Old,Dr. Ashwin Sadavarte,400,0,0,400,400,0,0,90,2026-07-22
11911,20240200,2026-07-09,13:26:36,Old,Dr. Ashwin Sadavarte,500,300,0,800,800,0,0,60,2026-09-07
11912,20240200,2026-09-18,10:35:08,Old,Dr. Ashwin Sadavarte,400,0,0,400,400,0,0,,
11913,20240201,2024-07-26,10:57:15,New,Dr. Ashwin Sadavarte,400,0,0,400,100,0,300,,
11914,20240201,2024-10-11,12:49:41,Old,Dr. Ashwin Sadavarte,300,300,0,600,600,0,0,30,2024-11-10
11915,20240201,2024-12-05,13:01:41,Old,Dr. Ashwin Sadavarte,300,0,0,300,100,0,200,90,2025-03-05
11916,20240201,2025-02-04,11:48:30,Old,Dr. Ashwin Sadavarte,300,0,0,300,300,0,0,60,2025-04-05
11917,20240201,2025-04-15,09:25:15,Old,Dr. Ashwin Sadavarte,500,300,0,800,800,0,0,15,2025-04-30
11918,20240201,2025-07-03,13:53:15,Old,Dr. Ashwin Sadavarte,300,0,0,300,300,0,0,90,2025-10-01
11919,20240201,2025-08-27,09:29:48,Old,Dr. Ashwin Sadavarte,500,200,0,700,700,0,0,30,2025-09-26
11920,20240201,2025-11-11,11:42:30,Old,Dr. Ashwin Sadavarte,400,300,0,700,700,0,0,60,2026-01-10
11921,20240201,2026-01-15,09:22:47,Old,Dr. Ashwin Sadavarte,500,0,0,500,500,0,0,30,2026-02-14
11922,20240201,2026-03-11,11:06:20,Old,Dr. Ashwin Sadavarte,500,0,0,500,500,0,0,30,2026-04-10
11923,20240202,2023-10-21,12:38:38,New,Dr. R. Mahalle,500,300,0,800,800,0,0,60,2023-12-20
11924,20240202,2023-12-07,13:02:05,Old,Dr. R. Mahalle,400,0,0,400,0,0,400,30,2024-01-06
11925,20240202,2024-01-01,12:29:00,Old,Dr. R. Mahalle,300,0,0,300,300,0,0,30,2024-01-31
11926,20240202,2024-02-11,09:12:27,Old,Dr. R. Mahalle,300,0,0,300,300,0,0,60,2024-04-11
11927,20240202,2024-03-22,12:27:52,Old,Dr. R. Mahalle,300,300,0,600,600,0,0,60,2024-05-21
11928,20240203,2024-04-25,10:01:39,New,Dr. R. Mahalle,400,0,0,400,400,0,0,15,2024-05-10
11929,20240203,2024-06-14,12:38:23,Old,Dr. R. Mahalle,400,0,0,400,400,0,0,90,2024-09-12
11930,20240203,2024-08-03,09:01:13,Old,Dr. R. Mahalle,300,0,0,300,300,0,0,30,2024-09-02
11931,20240203,2025-05-05,09:15:01,Old,Dr. R. Mahalle,500,200,0,700,700,0,0,30,2025-06-04
11932,20240203,2025-06-08,13:20:34,Old,Dr. R. Mahalle,300,200,0,500,500,0,0,60,2025-08-07
11933,20240203,2025-07-01,09:50:15,Old,Dr. R. Mahalle,300,300,0,600,600,0,0,30,2025-07-31
11934,20240203,2025-08-05,11:14:07,Old,Dr. R. Mahalle,300,200,0,500,500,0,0,15,2025-08-20
11935,20240203,2026-01-09,11:32:55,Old,Dr. R. Mahalle,300,300,0,600,600,0,0,30,2026-02-08
11936,20240203,2026-02-27,10:51:52,Old,Dr. R. Mahalle,300,200,0,500,500,0,0,15,2026-03-14
11937,20240204,2024-09-27,13:29:08,New,Dr. R. Mahalle,400,0,0,400,400,0,0,30,2024-10-27
11938,20240204,2024-10-30,11:42:00,Old,Dr. R. Mahalle,500,0,0,500,500,0,0,30,2024-11-29
11939,20240204,2024-11-22,12:32:19,Old,Dr. R. Mahalle,300,300,0,600,600,0,0,30,2024-12-22
11940,20240204,2024-12-16,12:48:39,Old,Dr. R. Mahalle,400,0,0,400,400,0,0,,
11941,20240204,2025-01-14,13:35:37,Old,Dr. R. Mahalle,400,200,0,600,600,0,0,60,2025-03-15
11942,20240204,2025-03-03,11:49:32,Old,Dr. R. Mahalle,300,200,0,500,100,0,400,30,2025-04-02
11943,20240204,2025-04-18,11:13:26,Old,Dr. R. Mahalle,500,300,0,800,800,0,0,15,2025-05-03
11944,20240204,2025-06-03,11:26:29,Old,Dr. R. Mahalle,400,0,0,400,400,0,0,60,2025-08-02
11945,20240204,2025-07-08,10:31:37,Old,Dr. R. Mahalle,400,0,0,400,400,0,0,,
11946,20240204,2025-08-15,10:48:16,Old,Dr. R. Mahalle,400,300,0,700,200,0,500,60,2025-10-14
11947,20240204,2025-09-09,11:40:53,Old,Dr. R. Mahalle,500,200,0,700,200,0,500,15,2025-09-24
11948,20240204,2025-10-27,13:33:40,Old,Dr. R. Mahalle,300,0,0,300,300,0,0,90,2026-01-25
11949,20240204,2025-12-07,09:21:09,Old,Dr. R. Mahalle,500,300,0,800,100,0,700,30,2026-01-06
11950,20240204,2026-01-07,09:01:05,Old,Dr. R. Mahalle,400,0,0,400,100,0,300,,
11951,20240204,2026-02-25,10:20:57,Old,Dr. R. Mahalle,400,0,0,400,400,0,0,,
11952,20240204,2026-04-09,09:30:09,Old,Dr. R. Mahalle,500,0,0,500,200,0,300,90,2026-07-08
11953,20240204,2026-05-25,12:29:42,Old,Dr. R. Mahalle,400,300,0,700,700,0,0,,
11954,20240204,2026-07-07,11:25:19,Old,Dr. R. Mahalle,500,200,0,700,700,0,0,15,2026-07-22
11955,20240204,2026-08-09,09:33:17,Old,Dr. R. Mahalle,300,0,0,300,300,0,0,30,2026-09-08
11956,20240204,2026-09-14,13:02:14,Old,Dr. R. Mahalle,500,200,0,700,700,0,0,30,2026-10-14
11957,20240205,2024-10-13,10:35:12,New,Dr. Ashwin Sadavarte,300,0,0,300,300,0,0,,
11958,20240205,2024-12-24,12:52:59,Old,Dr. Ashwin Sadavarte,300,0,0,300,300,0,0,30,2025-01-23
11959,20240205,2025-03-09,11:51:35,Old,Dr. Ashwin Sadavarte,500,0,0,500,500,0,0,30,2025-04-08
11960,20240205,2025-05-11,11:47:54,Old,Dr. Ashwin Sadavarte,500,0,0,500,500,0,0,15,2025-05-26
11961,20240205,2025-07-22,11:52:30,Old,Dr. Ashwin Sadavarte,300,0,0,300,300,0,0,90,2025-10-20
11962,20240205,2025-10-08,13:38:28,Old,Dr. Ashwin Sadavarte,500,300,0,800,800,0,0,15,2025-10-23
11963,20240205,2025-12-24,13:42:27,Old,Dr. Ashwin Sadavarte,300,0,0,300,300,0,0,60,2026-02-22
11964,20240205,2026-02-18,12:11:53,Old,Dr. Ashwin Sadavarte,400,0,0,400,400,0,0,15,2026-03-05
11965,20240205,2026-04-23,13:40:48,Old,Dr. Ashwin Sadavarte,500,200,0,700,700,0,0,,
11966,20240205,2026-07-12,09:39:16,Old,Dr. Ashwin Sadavarte,500,300,0,800,800,0,0,15,2026-07-27
11967,20240205,2026-09-16,10:48:17,Old,Dr. Ashwin Sadavarte,400,0,0,400,400,0,0,30,2026-10-16
11968,20240206,2025-06-04,09:07:06,New,Dr. Ashwin Sadavarte,300,300,0,600,600,0,0,30,2025-07-04
11969,20240206,2025-07-28,09:16:02,Old,Dr. Ashwin Sadavarte,500,200,0,700,700,0,0,60,2025-09-26
11970,20240206,2025-09-22,13:42:37,Old,Dr. Ashwin Sadavarte,400,300,0,700,700,0,0,,
11971,20240206,2025-11-24,10:18:23,Old,Dr. Ashwin Sadavarte,400,300,0,700,700,0,0,60,2026-01-23
11972,20240207,2024-09-23,11:41:09,New,Dr. R. Mahalle,400,300,0,700,700,0,0,90,2024-12-22
11973,20240207,2024-11-14,09:14:47,Old,Dr. R. Mahalle,500,0,0,500,0,0,500,90,2025-02-12
11974,20240207,2025-01-10,09:24:19,Old,Dr. R. Mahalle,500,0,0,500,500,0,0,,
11975,20240207,2025-03-18,09:40:27,Old,Dr. R. Mahalle,500,0,0,500,500,0,0,60,2025-05-17
11976,20240207,2025-05-18,13:58:24,Old,Dr. R. Mahalle,300,0,0,300,300,0,0,60,2025-07-17
11977,20240208,2026-08-14,10:05:30,New,Dr. Ashwin Sadavarte,400,0,0,400,400,0,0,,
11978,20240209,2024-08-16,12:50:36,New,Dr. Ashwin Sadavarte,500,0,0,500,500,0,0,15,2024-08-31
11979,20240209,2024-10-12,13:25:55,Old,Dr. Ashwin Sadavarte,300,0,0,300,300,0,0,15,2024-10-27
11980,20240209,2024-12-07,09:00:31,Old,Dr. Ashwin Sadavarte,400,0,0,400,400,0,0,15,2024-12-22
11981,20240209,2025-02-03,09:08:43,Old,Dr. Ashwin Sadavarte,400,0,0,400,400,0,0,,
11982,20240209,2025-04-24,11:11:19,Old,Dr. Ashwin Sadavarte,300,200,0,500,500,0,0,60,2025-06-23
11983,20240209,2025-07-10,10:58:32,Old,Dr. Ashwin Sadavarte,300,0,0,300,300,0,0,,
11984,20240209,2025-09-18,12:47:02,Old,Dr. Ashwin Sadavarte,400,0,0,400,400,0,0,30,2025-10-18
11985,20240209,2025-12-06,13:51:58,Old,Dr. Ashwin Sadavarte,400,0,0,400,400,0,0,60,2026-02-04
11986,20240209,2026-02-16,11:23:06,Old,Dr. Ashwin Sadavarte,300,0,0,300,300,0,0,30,2026-03-18
11987,20240209,2026-05-05,12:40:45,Old,Dr. Ashwin Sadavarte,400,200,0,600,600,0,0,60,2026-07-04
11988,20240209,2026-07-03,10:06:50,Old,Dr. Ashwin Sadavarte,300,200,0,500,500,0,0,60,2026-09-01
11989,20240209,2026-08-27,11:47:24,Old,Dr. Ashwin Sadavarte,500,0,0,500,500,0,0,60,2026-10-26
11990,20240210,2024-12-10,10:55:49,New,Dr. Ashwin Sadavarte,400,0,0,400,400,0,0,60,2025-02-08
11991,20240210,2025-02-22,09:24:32,Old,Dr. Ashwin Sadavarte,300,200,0,500,500,0,0,60,2025-04-23
11992,20240210,2025-05-02,12:17:45,Old,Dr. Ashwin Sadavarte,300,0,0,300,300,0,0,30,2025-06-01
11993,20240210,2025-07-06,11:39:52,Old,Dr. Ashwin Sadavarte,500,200,0,700,700,0,0,90,2025-10-04
11994,20240210,2025-09-13,13:55:44,Old,Dr. Ashwin Sadavarte,300,200,0,500,500,0,0,60,2025-11-12
11995,20240210,2025-11-19,09:22:57,Old,Dr. Ashwin Sadavarte,300,200,0,500,500,0,0,90,2026-02-17
11996,20240210,2026-02-01,09:59:29,Old,Dr. Ashwin Sadavarte,400,0,0,400,400,0,0,60,2026-04-02
11997,20240210,2026-04-12,09:34:33,Old,Dr. Ashwin Sadavarte,400,0,0,400,400,0,0,15,2026-04-27
11998,20240210,2026-06-24,10:55:27,Old,Dr. Ashwin Sadavarte,400,0,0,400,400,0,0,30,2026-07-24
11999,20240210,2026-09-12,13:47:45,Old,Dr. Ashwin Sadavarte,500,0,0,500,500,0,0,,
12000,20240211,2024-03-31,09:59:15,New,Dr. Ashwin Sadavarte,500,300,0,800,800,0,0,15,2024-04-15
12001,20240211,2024-04-29,10:11:24,Old,Dr. Ashwin Sadavarte,400,0,0,400,0,0,400,90,2024-07-28
12002,20240211,2024-05-21,11:56:05,Old,Dr. Ashwin Sadavarte,500,0,0,500,500,0,0,30,2024-06-20
12003,20240211,2024-07-05,09:19:26,Old,Dr. Ashwin Sadavarte,500,200,0,700,700,0,0,,
12004,20240211,2024-08-12,10:39:10,Old,Dr. Ashwin Sadavarte,300,0,0,300,300,0,0,60,2024-10-11
12005,20240211,2024-09-03,13:29:02,Old,Dr. Ashwin Sadavarte,300,0,0,300,300,0,0,60,2024-11-02
12006,20240211,2024-10-23,13:44:20,Old,Dr. Ashwin Sadavarte,500,200,0,700,700,0,0,60,2024-12-22
12007,20240211,2024-11-18,13:33:16,Old,Dr. Ashwin Sadavarte,400,0,0,400,400,0,0,15,2024-12-03
12008,20240211,2024-12-31,13:08:52,Old,Dr. Ashwin Sadavarte,500,0,0,500,500,0,0,90,2025-03-31
12009,20240211,2025-02-11,10:13:52,Old,Dr. Ashwin Sadavarte,400,0,0,400,400,0,0,30,2025-03-13
12010,20240211,2025-03-21,09:39:31,Old,Dr. Ashwin Sadavarte,300,0,0,300,300,0,0,15,2025-04-05
12011,20240211,2025-04-27,12:04:42,Old,Dr. Ashwin Sadavarte,300,0,0,300,300,0,0,30,2025-05-27
12012,20240211,2025-06-04,12:46:16,Old,Dr. Ashwin Sadavarte,500,0,0,500,500,0,0,60,2025-08-03
12013,20240211,2025-07-06,10:52:46,Old,Dr. Ashwin Sadavarte,400,0,0,400,400,0,0,30,2025-08-05
12014,20240211,2025-08-02,09:55:25,Old,Dr. Ashwin Sadavarte,400,300,0,700,700,0,0,30,2025-09-01
12015,20240211,2025-09-08,12:22:45,Old,Dr. Ashwin Sadavarte,500,300,0,800,200,0,600,30,2025-10-08
12016,20240211,2025-10-22,13:09:43,Old,Dr. Ashwin Sadavarte,400,300,0,700,700,0,0,60,2025-12-21
12017,20240211,2025-11-17,09:49:44,Old,Dr. Ashwin Sadavarte,300,300,0,600,600,0,0,30,2025-12-17
12018,20240211,2026-01-01,11:52:05,Old,Dr. Ashwin Sadavarte,400,0,0,400,400,0,0,15,2026-01-16
12019,20240211,2026-01-31,11:43:26,Old,Dr. Ashwin Sadavarte,500,200,0,700,700,0,0,30,2026-03-02
12020,20240211,2026-03-03,12:22:28,Old,Dr. Ashwin Sadavarte,500,0,0,500,500,0,0,60,2026-05-02
12021,20240211,2026-03-25,10:06:31,Old,Dr. Ashwin Sadavarte,300,0,0,300,300,0,0,30,2026-04-24
12022,20240211,2026-05-12,11:17:03,Old,Dr. Ashwin Sadavarte,500,0,0,500,500,0,0,60,2026-07-11
12023,20240211,2026-06-16,09:48:51,Old,Dr. Ashwin Sadavarte,300,300,0,600,600,0,0,15,2026-07-01
12024,20240211,2026-07-26,09:53:47,Old,Dr. Ashwin Sadavarte,300,0,0,300,300,0,0,,
12025,20240211,2026-08-27,12:49:21,Old,Dr. Ashwin Sadavarte,300,0,0,300,300,0,0,15,2026-09-11
12026,20240212,2024-07-04,09:01:55,New,Dr. Ashwin Sadavarte,400,200,0,600,600,0,0,60,2024-09-02
12027,20240212,2024-09-04,09:15:51,Old,Dr. Ashwin Sadavarte,500,0,0,500,500,0,0,15,2024-09-19
12028,20240212,2024-11-22,10:14:34,Old,Dr. Ashwin Sadavarte,400,0,0,400,400,0,0,30,2024-12-22
12029,20240212,2025-01-19,13:28:47,Old,Dr. Ashwin Sadavarte,500,200,0,700,700,0,0,30,2025-02-18
12030,20240212,2025-03-25,13:50:37,Old,Dr. Ashwin Sadavarte,300,300,0,600,600,0,0,15,2025-04-09
12031,20240212,2025-06-10,13:08:46,Old,Dr. Ashwin Sadavarte,300,300,0,600,600,0,0,,
12032,20240212,2025-08-24,11:17:20,Old,Dr. Ashwin Sadavarte,300,0,0,300,100,0,200,90,2025-11-22
12033,20240212,2025-10-17,09:39:53,Old,Dr. Ashwin Sadavarte,500,200,0,700,700,0,0,15,2025-11-01
12034,20240212,2026-01-04,12:21:53,Old,Dr. Ashwin Sadavarte,500,200,0,700,700,0,0,30,2026-02-03
12035,20240212,2026-03-03,09:55:07,Old,Dr. Ashwin Sadavarte,400,0,0,400,400,0,0,30,2026-04-02
12036,20240212,2026-05-15,13:32:57,Old,Dr. Ashwin Sadavarte,400,200,0,600,600,0,0,60,2026-07-14
12037,20240212,2026-07-22,09:39:15,Old,Dr. Ashwin Sadavarte,500,0,0,500,500,0,0,90,2026-10-20
12038,20240212,2026-09-15,10:59:03,Old,Dr. Ashwin Sadavarte,500,0,0,500,500,0,0,90,2026-12-14
12039,20240213,2023-08-08,09:21:23,New,Dr. Ashwin Sadavarte,300,0,0,300,300,0,0,,
12040,20240213,2023-12-20,09:35:45,Old,Dr. Ashwin Sadavarte,400,300,0,700,700,0,0,90,2024-03-19
12041,20240213,2024-02-04,10:07:06,Old,Dr. Ashwin Sadavarte,500,300,0,800,800,0,0,60,2024-04-04
12042,20240213,2024-09-22,10:49:19,Old,Dr. Ashwin Sadavarte,300,300,0,600,600,0,0,90,2024-12-21
12043,20240213,2025-05-06,11:28:14,Old,Dr. Ashwin Sadavarte,300,0,0,300,300,0,0,90,2025-08-04
12044,20240213,2025-09-21,13:27:58,Old,Dr. Ashwin Sadavarte,400,300,0,700,700,0,0,90,2025-12-20
12045,20240213,2026-05-10,11:38:39,Old,Dr. Ashwin Sadavarte,500,300,0,800,800,0,0,,
12046,20240214,2023-11-10,13:30:47,New,Dr. R. Mahalle,500,200,0,700,700,0,0,60,2024-01-09
12047,20240214,2023-12-06,10:42:23,Old,Dr. R. Mahalle,500,0,0,500,500,0,0,,
12048,20240214,2023-12-29,09:25:13,Old,Dr. R. Mahalle,500,300,0,800,800,0,0,30,2024-01-28
12049,20240214,2024-02-15,11:00:08,Old,Dr. R. Mahalle,400,200,0,600,600,0,0,15,2024-03-01
12050,20240214,2024-03-29,10:14:34,Old,Dr. R. Mahalle,400,0,0,400,400,0,0,,
12051,20240214,2024-04-23,13:10:30,Old,Dr. R. Mahalle,500,300,0,800,800,0,0,60,2024-06-22
12052,20240214,2024-05-17,13:05:38,Old,Dr. R. Mahalle,300,0,0,300,300,0,0,,
12053,20240214,2024-07-02,11:53:24,Old,Dr. R. Mahalle,400,0,0,400,400,0,0,15,2024-07-17
12054,20240214,2024-07-27,12:06:18,Old,Dr. R. Mahalle,300,0,0,300,0,0,300,15,2024-08-11
12055,20240214,2024-09-14,12:02:38,Old,Dr. R. Mahalle,300,300,0,600,600,0,0,60,2024-11-13
12056,20240214,2024-10-19,11:38:14,Old,Dr. R. Mahalle,300,200,0,500,500,0,0,,
12057,20240214,2024-12-01,10:31:55,Old,Dr. R. Mahalle,300,200,0,500,500,0,0,,
12058,20240214,2025-01-15,10:20:06,Old,Dr. R. Mahalle,400,200,0,600,600,0,0,30,2025-02-14
12059,20240214,2025-03-06,10:54:50,Old,Dr. R. Mahalle,500,0,0,500,500,0,0,60,2025-05-05
12060,20240214,2025-04-01,12:40:23,Old,Dr. R. Mahalle,500,200,0,700,700,0,0,30,2025-05-01
12061,20240214,2025-05-19,11:18:07,Old,Dr. R. Mahalle,400,300,0,700,700,0,0,60,2025-07-18
12062,20240214,2025-06-26,13:51:19,Old,Dr. R. Mahalle,400,0,0,400,400,0,0,,
12063,20240214,2025-07-23,10:34:51,Old,Dr. R. Mahalle,400,300,0,700,700,0,0,90,2025-10-21
12064,20240214,2025-09-10,13:57:32,Old,Dr. R. Mahalle,500,0,0,500,500,0,0,60,2025-11-09
12065,20240214,2025-10-24,09:39:23,Old,Dr. R. Mahalle,400,0,0,400,0,0,400,15,2025-11-08
12066,20240214,2025-11-16,11:37:54,Old,Dr. R. Mahalle,400,300,0,700,0,0,700,,
12067,20240214,2025-12-31,09:57:31,Old,Dr. R. Mahalle,500,0,0,500,500,0,0,60,2026-03-01
12068,20240214,2026-02-02,09:15:29,Old,Dr. R. Mahalle,300,200,0,500,500,0,0,15,2026-02-17
12069,20240214,2026-03-07,12:42:29,Old,Dr. R. Mahalle,400,300,0,700,700,0,0,60,2026-05-06
12070,20240214,2026-04-21,09:33:25,Old,Dr. R. Mahalle,500,200,0,700,700,0,0,60,2026-06-20
12071,20240214,2026-05-25,11:22:06,Old,Dr. R. Mahalle,300,0,0,300,300,0,0,90,2026-08-23
12072,20240214,2026-06-24,10:42:32,Old,Dr. R. Mahalle,500,0,0,500,500,0,0,60,2026-08-23
12073,20240214,2026-07-19,09:44:29,Old,Dr. R. Mahalle,300,0,0,300,200,0,100,30,2026-08-18
12074,20240214,2026-09-06,09:40:26,Old,Dr. R. Mahalle,400,300,0,700,700,0,0,30,2026-10-06
12075,20240215,2025-01-11,10:51:34,New,Dr. Ashwin Sadavarte,400,0,0,400,400,0,0,90,2025-04-11
12076,20240215,2025-04-23,12:33:34,Old,Dr. Ashwin Sadavarte,500,300,0,800,800,0,0,60,2025-06-22
12077,20240215,2025-07-17,09:36:23,Old,Dr. Ashwin Sadavarte,400,0,0,400,400,0,0,60,2025-09-15
12078,20240215,2025-10-30,09:08:17,Old,Dr. Ashwin Sadavarte,300,200,0,500,500,0,0,60,2025-12-29
12079,20240215,2026-01-24,12:14:28,Old,Dr. Ashwin Sadavarte,300,0,0,300,300,0,0,60,2026-03-25
12080,20240215,2026-05-04,10:46:39,Old,Dr. Ashwin Sadavarte,500,0,0,500,500,0,0,,
12081,20240215,2026-08-20,09:38:34,Old,Dr. Ashwin Sadavarte,400,300,0,700,700,0,0,90,2026-11-18
12082,20240216,2025-06-07,09:38:50,New,Dr. Ashwin Sadavarte,300,0,0,300,300,0,0,15,2025-06-22
12083,20240216,2025-08-21,12:39:24,Old,Dr. Ashwin Sadavarte,400,300,0,700,700,0,0,90,2025-11-19
12084,20240216,2025-11-02,09:41:21,Old,Dr. Ashwin Sadavarte,500,0,0,500,500,0,0,30,2025-12-02
12085,20240216,2026-01-16,11:59:06,Old,Dr. Ashwin Sadavarte,300,200,0,500,500,0,0,90,2026-04-16
12086,20240216,2026-03-11,10:43:08,Old,Dr. Ashwin Sadavarte,300,0,0,300,300,0,0,,
12087,20240216,2026-05-02,09:07:50,Old,Dr. Ashwin Sadavarte,300,0,0,300,300,0,0,,
12088,20240216,2026-07-07,11:07:41,Old,Dr. Ashwin Sadavarte,400,0,0,400,400,0,0,60,2026-09-05
12089,20240216,2026-09-15,09:39:48,Old,Dr. Ashwin Sadavarte,300,0,0,300,300,0,0,90,2026-12-14
12090,20240217,2025-02-20,12:15:01,New,Dr. Ashwin Sadavarte,400,0,0,400,400,0,0,,
12091,20240217,2025-06-23,12:32:41,Old,Dr. Ashwin Sadavarte,400,300,0,700,700,0,0,60,2025-08-22
12092,20240217,2025-08-10,11:27:44,Old,Dr. Ashwin Sadavarte,400,200,0,600,600,0,0,,
12093,20240217,2026-03-08,09:16:11,Old,Dr. Ashwin Sadavarte,400,0,0,400,400,0,0,,
12094,20240217,2026-04-13,11:01:26,Old,Dr. Ashwin Sadavarte,300,0,0,300,300,0,0,60,2026-06-12
12095,20240217,2026-05-23,12:30:02,Old,Dr. Ashwin Sadavarte,300,200,0,500,500,0,0,30,2026-06-22
12096,20240217,2026-06-30,12:08:13,Old,Dr. Ashwin Sadavarte,400,0,0,400,400,0,0,30,2026-07-30
12097,20240218,2024-10-24,11:24:22,New,Dr. Ashwin Sadavarte,500,200,0,700,100,0,600,30,2024-11-23
12098,20240218,2024-12-31,10:33:30,Old,Dr. Ashwin Sadavarte,400,200,0,600,600,0,0,30,2025-01-30
12099,20240218,2025-02-27,12:27:40,Old,Dr. Ashwin Sadavarte,500,300,0,800,800,0,0,60,2025-04-28
12100,20240218,2025-05-09,13:23:13,Old,Dr. Ashwin Sadavarte,300,200,0,500,200,0,300,30,2025-06-08
12101,20240218,2025-07-08,11:39:53,Old,Dr. Ashwin Sadavarte,500,0,0,500,500,0,0,,
12102,20240218,2025-09-01,13:11:29,Old,Dr. Ashwin Sadavarte,300,0,0,300,300,0,0,15,2025-09-16
12103,20240218,2025-11-15,11:02:25,Old,Dr. Ashwin Sadavarte,500,200,0,700,700,0,0,60,2026-01-14
12104,20240218,2026-01-20,11:29:16,Old,Dr. Ashwin Sadavarte,400,0,0,400,400,0,0,90,2026-04-20
12105,20240218,2026-03-24,13:45:42,Old,Dr. Ashwin Sadavarte,400,0,0,400,400,0,0,30,2026-04-23
12106,20240218,2026-06-12,10:33:39,Old,Dr. Ashwin Sadavarte,400,200,0,600,600,0,0,15,2026-06-27
12107,20240218,2026-08-18,10:34:07,Old,Dr. Ashwin Sadavarte,400,300,0,700,700,0,0,60,2026-10-17
12108,20240219,2026-09-05,13:03:45,New,Dr. R. Mahalle,500,0,0,500,500,0,0,15,2026-09-20
12109,20240220,2023-07-29,10:08:16,New,Dr. Ashwin Sadavarte,500,0,0,500,500,0,0,90,2023-10-27
12110,20240220,2023-09-23,12:41:56,Old,Dr. Ashwin Sadavarte,400,0,0,400,400,0,0,30,2023-10-23
12111,20240220,2023-11-25,11:22:51,Old,Dr. Ashwin Sadavarte,300,200,0,500,500,0,0,90,2024-02-23
12112,20240220,2024-02-02,12:16:41,Old,Dr. Ashwin Sadavarte,500,0,0,500,500,0,0,15,2024-02-17
12113,20240220,2024-03-28,13:47:33,Old,Dr. Ashwin Sadavarte,300,200,0,500,500,0,0,15,2024-04-12
12114,20240220,2024-06-15,09:37:08,Old,Dr. Ashwin Sadavarte,500,0,0,500,500,0,0,30,2024-07-15
12115,20240220,2024-08-19,13:23:06,Old,Dr. Ashwin Sadavarte,500,0,0,500,500,0,0,60,2024-10-18
12116,20240220,2024-10-10,13:54:02,Old,Dr. Ashwin Sadavarte,400,0,0,400,400,0,0,90,2025-01-08
12117,20240220,2024-12-25,11:00:18,Old,Dr. Ashwin Sadavarte,400,0,0,400,400,0,0,90,2025-03-25
12118,20240220,2025-02-19,09:56:22,Old,Dr. Ashwin Sadavarte,400,0,0,400,400,0,0,,
12119,20240220,2025-04-16,13:08:11,Old,Dr. Ashwin Sadavarte,500,0,0,500,500,0,0,15,2025-05-01
12120,20240220,2025-06-13,09:18:05,Old,Dr. Ashwin Sadavarte,400,200,0,600,600,0,0,60,2025-08-12
12121,20240220,2025-08-31,09:11:15,Old,Dr. Ashwin Sadavarte,300,200,0,500,500,0,0,,
12122,20240220,2025-11-06,09:32:04,Old,Dr. Ashwin Sadavarte,500,0,0,500,500,0,0,90,2026-02-04
12123,20240220,2026-01-19,11:56:37,Old,Dr. Ashwin Sadavarte,300,300,0,600,600,0,0,90,2026-04-19
12124,20240220,2026-03-27,11:46:01,Old,Dr. Ashwin Sadavarte,300,0,0,300,300,0,0,30,2026-04-26
12125,20240220,2026-06-05,12:15:40,Old,Dr. Ashwin Sadavarte,500,0,0,500,500,0,0,90,2026-09-03
12126,20240220,2026-08-16,13:00:31,Old,Dr. Ashwin Sadavarte,400,300,0,700,700,0,0,60,2026-10-15
12127,20240221,2024-05-27,10:10:35,New,Dr. Ashwin Sadavarte,500,0,0,500,500,0,0,30,2024-06-26
12128,20240221,2024-07-28,12:25:10,Old,Dr. Ashwin Sadavarte,300,0,0,300,300,0,0,90,2024-10-26
12129,20240221,2024-10-09,12:18:26,Old,Dr. Ashwin Sadavarte,400,0,0,400,400,0,0,90,2025-01-07
12130,20240221,2025-02-23,11:13:24,Old,Dr. Ashwin Sadavarte,300,200,0,500,500,0,0,90,2025-05-24
12131,20240221,2025-04-24,13:31:49,Old,Dr. Ashwin Sadavarte,500,0,0,500,500,0,0,,
12132,20240221,2025-07-02,10:56:22,Old,Dr. Ashwin Sadavarte,400,300,0,700,700,0,0,30,2025-08-01
12133,20240221,2025-08-28,09:47:12,Old,Dr. Ashwin Sadavarte,400,0,0,400,0,0,400,30,2025-09-27
12134,20240221,2025-11-02,10:03:11,Old,Dr. Ashwin Sadavarte,300,200,0,500,500,0,0,60,2026-01-01
12135,20240221,2026-07-13,09:29:39,Old,Dr. Ashwin Sadavarte,400,0,0,400,400,0,0,30,2026-08-12
12136,20240221,2026-09-12,13:50:08,Old,Dr. Ashwin Sadavarte,500,0,0,500,500,0,0,90,2026-12-11
12137,20240222,2025-07-04,13:44:02,New,Dr. Ashwin Sadavarte,500,300,0,800,800,0,0,30,2025-08-03
12138,20240222,2025-09-05,09:12:48,Old,Dr. Ashwin Sadavarte,500,200,0,700,700,0,0,,
12139,20240222,2025-11-15,12:21:29,Old,Dr. Ashwin Sadavarte,500,0,0,500,0,0,500,,
12140,20240222,2026-01-27,13:06:45,Old,Dr. Ashwin Sadavarte,500,200,0,700,700,0,0,60,2026-03-28
12141,20240222,2026-04-01,13:55:46,Old,Dr. Ashwin Sadavarte,400,200,0,600,600,0,0,60,2026-05-31
12142,20240222,2026-06-16,13:44:02,Old,Dr. Ashwin Sadavarte,400,200,0,600,600,0,0,30,2026-07-16
12143,20240222,2026-08-24,09:46:11,Old,Dr. Ashwin Sadavarte,400,0,0,400,400,0,0,15,2026-09-08
12144,20240223,2024-04-05,09:48:41,New,Dr. Ashwin Sadavarte,300,0,0,300,300,0,0,,
12145,20240223,2024-06-04,10:17:19,Old,Dr. Ashwin Sadavarte,500,0,0,500,500,0,0,60,2024-08-03
12146,20240223,2024-08-21,09:16:30,Old,Dr. Ashwin Sadavarte,400,200,0,600,600,0,0,90,2024-11-19
12147,20240223,2024-11-01,12:36:27,Old,Dr. Ashwin Sadavarte,400,200,0,600,600,0,0,60,2024-12-31
12148,20240223,2025-01-17,12:54:59,Old,Dr. Ashwin Sadavarte,400,0,0,400,400,0,0,30,2025-02-16
12149,20240223,2025-04-07,09:09:37,Old,Dr. Ashwin Sadavarte,300,0,0,300,300,0,0,60,2025-06-06
12150,20240223,2025-05-31,13:25:38,Old,Dr. Ashwin Sadavarte,300,200,0,500,500,0,0,60,2025-07-30
12151,20240223,2025-08-19,09:59:25,Old,Dr. Ashwin Sadavarte,500,200,0,700,700,0,0,90,2025-11-17
12152,20240223,2025-10-24,11:35:48,Old,Dr. Ashwin Sadavarte,500,0,0,500,100,0,400,30,2025-11-23
12153,20240224,2025-06-22,09:33:39,New,Dr. Ashwin Sadavarte,500,0,0,500,500,0,0,30,2025-07-22
12154,20240224,2025-07-26,10:27:14,Old,Dr. Ashwin Sadavarte,400,0,0,400,400,0,0,60,2025-09-24
12155,20240224,2025-08-22,11:45:46,Old,Dr. Ashwin Sadavarte,500,200,0,700,100,0,600,15,2025-09-06
12156,20240225,2025-10-02,09:56:35,New,Dr. Ashwin Sadavarte,300,200,0,500,500,0,0,,
12157,20240225,2025-11-12,09:59:48,Old,Dr. Ashwin Sadavarte,400,0,0,400,400,0,0,90,2026-02-10
12158,20240225,2025-12-27,09:58:48,Old,Dr. Ashwin Sadavarte,300,200,0,500,500,0,0,30,2026-01-26
12159,20240225,2026-02-12,13:27:02,Old,Dr. Ashwin Sadavarte,500,0,0,500,500,0,0,60,2026-04-13
12160,20240225,2026-03-08,13:55:30,Old,Dr. Ashwin Sadavarte,400,0,0,400,400,0,0,30,2026-04-07
12161,20240226,2025-02-13,09:38:29,New,Dr. Ashwin Sadavarte,500,300,0,800,100,0,700,90,2025-05-14
12162,20240226,2025-04-22,09:43:24,Old,Dr. Ashwin Sadavarte,400,0,0,400,400,0,0,60,2025-06-21
12163,20240226,2025-07-05,11:51:52,Old,Dr. Ashwin Sadavarte,300,200,0,500,500,0,0,30,2025-08-04
12164,20240227,2024-07-14,10:53:26,New,Dr. Ashwin Sadavarte,300,300,0,600,600,0,0,30,2024-08-13
12165,20240227,2024-09-05,09:38:46,Old,Dr. Ashwin Sadavarte,300,300,0,600,600,0,0,,
12166,20240227,2024-11-16,10:02:32,Old,Dr. Ashwin Sadavarte,500,0,0,500,500,0,0,30,2024-12-16
12167,20240227,2025-01-29,10:14:39,Old,Dr. Ashwin Sadavarte,400,200,0,600,600,0,0,60,2025-03-30
12168,20240227,2025-03-31,13:30:40,Old,Dr. Ashwin Sadavarte,400,200,0,600,600,0,0,60,2025-05-30
12169,20240227,2025-06-17,13:41:28,Old,Dr. Ashwin Sadavarte,300,0,0,300,300,0,0,90,2025-09-15
12170,20240227,2025-08-18,11:51:16,Old,Dr. Ashwin Sadavarte,300,0,0,300,300,0,0,90,2025-11-16
12171,20240227,2025-10-15,11:30:25,Old,Dr. Ashwin Sadavarte,500,200,0,700,700,0,0,60,2025-12-14
12172,20240227,2025-12-20,12:43:57,Old,Dr. Ashwin Sadavarte,300,200,0,500,500,0,0,15,2026-01-04
12173,20240227,2026-03-08,13:55:34,Old,Dr. Ashwin Sadavarte,500,0,0,500,500,0,0,60,2026-05-07
12174,20240227,2026-04-30,09:22:04,Old,Dr. Ashwin Sadavarte,400,0,0,400,400,0,0,30,2026-05-30
12175,20240227,2026-07-17,12:26:34,Old,Dr. Ashwin Sadavarte,500,0,0,500,500,0,0,90,2026-10-15
12176,20240228,2023-11-03,13:28:55,New,Dr. Ashwin Sadavarte,300,300,0,600,600,0,0,,
12177,20240228,2024-02-06,11:50:30,Old,Dr. Ashwin Sadavarte,300,0,0,300,0,0,300,60,2024-04-06
12178,20240228,2024-05-01,09:20:55,Old,Dr. Ashwin Sadavarte,400,200,0,600,600,0,0,90,2024-07-30
12179,20240228,2024-08-11,12:53:42,Old,Dr. Ashwin Sadavarte,300,0,0,300,300,0,0,30,2024-09-10
12180,20240228,2024-11-13,10:28:44,Old,Dr. Ashwin Sadavarte,300,0,0,300,300,0,0,60,2025-01-12
12181,20240228,2025-02-23,13:50:33,Old,Dr. Ashwin Sadavarte,500,0,0,500,500,0,0,15,2025-03-10
12182,20240228,2025-06-02,12:03:59,Old,Dr. Ashwin Sadavarte,400,300,0,700,700,0,0,,
12183,20240228,2025-08-27,12:38:02,Old,Dr. Ashwin Sadavarte,400,200,0,600,600,0,0,90,2025-11-25
12184,20240228,2025-12-05,09:49:26,Old,Dr. Ashwin Sadavarte,500,300,0,800,800,0,0,30,2026-01-04
12185,20240228,2026-03-09,09:47:34,Old,Dr. Ashwin Sadavarte,500,0,0,500,500,0,0,,
12186,20240228,2026-06-16,11:44:41,Old,Dr. Ashwin Sadavarte,300,0,0,300,300,0,0,15,2026-07-01
12187,20240229,2023-12-21,12:55:46,New,Dr. Ashwin Sadavarte,300,0,0,300,300,0,0,90,2024-03-20
12188,20240229,2024-02-26,09:09:16,Old,Dr. Ashwin Sadavarte,500,0,0,500,500,0,0,30,2024-03-27
12189,20240229,2024-05-10,10:06:41,Old,Dr. Ashwin Sadavarte,300,0,0,300,0,0,300,60,2024-07-09
12190,20240229,2024-07-02,09:06:57,Old,Dr. Ashwin Sadavarte,400,0,0,400,400,0,0,30,2024-08-01
12191,20240229,2024-08-29,12:29:49,Old,Dr. Ashwin Sadavarte,400,0,0,400,400,0,0,60,2024-10-28
12192,20240229,2024-11-16,12:11:49,Old,Dr. Ashwin Sadavarte,400,0,0,400,400,0,0,60,2025-01-15
12193,20240229,2025-01-23,09:21:17,Old,Dr. Ashwin Sadavarte,500,0,0,500,500,0,0,,
12194,20240229,2025-03-31,11:43:41,Old,Dr. Ashwin Sadavarte,300,0,0,300,300,0,0,30,2025-04-30
12195,20240229,2025-05-26,09:28:43,Old,Dr. Ashwin Sadavarte,300,0,0,300,300,0,0,30,2025-06-25
12196,20240229,2025-08-13,10:06:49,Old,Dr. Ashwin Sadavarte,500,0,0,500,500,0,0,30,2025-09-12
12197,20240229,2025-10-16,09:10:32,Old,Dr. Ashwin Sadavarte,300,0,0,300,300,0,0,30,2025-11-15
12198,20240229,2025-12-11,10:33:56,Old,Dr. Ashwin Sadavarte,400,0,0,400,100,0,300,30,2026-01-10
12199,20240229,2026-02-24,13:56:55,Old,Dr. Ashwin Sadavarte,400,300,0,700,700,0,0,30,2026-03-26
12200,20240229,2026-04-20,11:38:52,Old,Dr. Ashwin Sadavarte,500,0,0,500,500,0,0,60,2026-06-19
12201,20240229,2026-06-25,12:37:41,Old,Dr. Ashwin Sadavarte,400,300,0,700,700,0,0,30,2026-07-25
12202,20240229,2026-09-01,09:49:54,Old,Dr. Ashwin Sadavarte,500,0,0,500,500,0,0,,
12203,20240230,2024-07-14,12:48:38,New,Dr. Ashwin Sadavarte,400,0,0,400,400,0,0,90,2024-10-12
12204,20240230,2024-10-28,09:19:52,Old,Dr. Ashwin Sadavarte,500,200,0,700,700,0,0,30,2024-11-27
12205,20240230,2025-02-08,09:15:18,Old,Dr. Ashwin Sadavarte,500,0,0,500,500,0,0,30,2025-03-10
12206,20240230,2025-05-23,11:35:24,Old,Dr. Ashwin Sadavarte,400,0,0,400,400,0,0,60,2025-07-22
12207,20240230,2025-08-23,09:39:00,Old,Dr. Ashwin Sadavarte,500,300,0,800,800,0,0,60,2025-10-22
12208,20240230,2025-11-25,09:24:55,Old,Dr. Ashwin Sadavarte,500,0,0,500,100,0,400,60,2026-01-24
12209,20240230,2026-02-28,12:02:32,Old,Dr. Ashwin Sadavarte,500,0,0,500,0,0,500,,
12210,20240230,2026-06-01,10:20:21,Old,Dr. Ashwin Sadavarte,500,0,0,500,500,0,0,15,2026-06-16
12211,20240230,2026-08-31,12:36:34,Old,Dr. Ashwin Sadavarte,400,0,0,400,400,0,0,30,2026-09-30
12212,20240231,2025-05-16,12:19:58,New,Dr. R. Mahalle,400,200,0,600,600,0,0,60,2025-07-15
12213,20240231,2025-06-27,11:01:38,Old,Dr. R. Mahalle,500,300,0,800,800,0,0,30,2025-07-27
12214,20240231,2025-08-03,09:42:55,Old,Dr. R. Mahalle,400,0,0,400,400,0,0,30,2025-09-02
12215,20240231,2025-09-05,11:01:07,Old,Dr. R. Mahalle,400,0,0,400,400,0,0,15,2025-09-20
12216,20240231,2025-10-15,11:36:21,Old,Dr. R. Mahalle,500,300,0,800,100,0,700,90,2026-01-13
12217,20240231,2025-11-17,12:03:33,Old,Dr. R. Mahalle,300,0,0,300,300,0,0,60,2026-01-16
12218,20240231,2025-12-13,12:15:59,Old,Dr. R. Mahalle,300,200,0,500,500,0,0,90,2026-03-13
12219,20240231,2026-01-07,12:57:50,Old,Dr. R. Mahalle,400,0,0,400,400,0,0,15,2026-01-22
12220,20240231,2026-02-07,11:42:49,Old,Dr. R. Mahalle,500,300,0,800,800,0,0,30,2026-03-09
12221,20240231,2026-03-13,11:26:15,Old,Dr. R. Mahalle,300,300,0,600,100,0,500,60,2026-05-12
12222,20240231,2026-04-08,11:27:09,Old,Dr. R. Mahalle,500,0,0,500,500,0,0,30,2026-05-08
12223,20240231,2026-05-26,11:31:53,Old,Dr. R. Mahalle,400,0,0,400,400,0,0,30,2026-06-25
12224,20240231,2026-06-18,09:50:35,Old,Dr. R. Mahalle,400,200,0,600,600,0,0,60,2026-08-17
12225,20240231,2026-07-29,13:27:29,Old,Dr. R. Mahalle,500,0,0,500,500,0,0,60,2026-09-27
12226,20240231,2026-09-04,13:23:29,Old,Dr. R. Mahalle,400,0,0,400,400,0,0,60,2026-11-03
12227,20240232,2024-08-16,10:24:09,New,Dr. Ashwin Sadavarte,500,0,0,500,500,0,0,60,2024-10-15
12228,20240232,2024-09-17,10:50:32,Old,Dr. Ashwin Sadavarte,400,0,0,400,400,0,0,60,2024-11-16
12229,20240232,2024-10-23,10:09:04,Old,Dr. Ashwin Sadavarte,500,300,0,800,800,0,0,,
12230,20240232,2024-12-12,13:30:16,Old,Dr. Ashwin Sadavarte,300,0,0,300,300,0,0,60,2025-02-10
12231,20240232,2025-01-07,10:02:08,Old,Dr. Ashwin Sadavarte,500,0,0,500,500,0,0,60,2025-03-08
12232,20240232,2025-02-23,13:22:16,Old,Dr. Ashwin Sadavarte,400,0,0,400,400,0,0,30,2025-03-25
12233,20240232,2025-03-17,09:57:03,Old,Dr. Ashwin Sadavarte,300,0,0,300,300,0,0,30,2025-04-16
12234,20240232,2025-04-13,10:14:32,Old,Dr. Ashwin Sadavarte,500,200,0,700,700,0,0,,
12235,20240232,2025-05-13,12:59:21,Old,Dr. Ashwin Sadavarte,300,0,0,300,300,0,0,30,2025-06-12
12236,20240232,2025-06-24,13:46:38,Old,Dr. Ashwin Sadavarte,400,300,0,700,700,0,0,30,2025-07-24
12237,20240232,2025-08-06,09:00:52,Old,Dr. Ashwin Sadavarte,400,0,0,400,400,0,0,60,2025-10-05
12238,20240232,2025-08-31,12:36:00,Old,Dr. Ashwin Sadavarte,500,300,0,800,800,0,0,30,2025-09-30
12239,20240232,2025-10-19,13:03:00,Old,Dr. Ashwin Sadavarte,300,300,0,600,600,0,0,60,2025-12-18
12240,20240232,2025-12-06,13:55:44,Old,Dr. Ashwin Sadavarte,500,0,0,500,500,0,0,,
12241,20240232,2026-01-20,13:11:49,Old,Dr. Ashwin Sadavarte,300,0,0,300,300,0,0,30,2026-02-19
12242,20240233,2024-08-04,11:27:39,New,Dr. Ashwin Sadavarte,500,200,0,700,700,0,0,15,2024-08-19
12243,20240233,2024-10-30,09:41:09,Old,Dr. Ashwin Sadavarte,400,300,0,700,700,0,0,30,2024-11-29
12244,20240233,2025-01-28,09:07:40,Old,Dr. Ashwin Sadavarte,300,0,0,300,300,0,0,60,2025-03-29
12245,20240233,2025-05-15,10:56:59,Old,Dr. Ashwin Sadavarte,400,300,0,700,700,0,0,15,2025-05-30
12246,20240233,2025-08-24,12:48:37,Old,Dr. Ashwin Sadavarte,300,0,0,300,300,0,0,60,2025-10-23
12247,20240233,2025-11-18,11:06:02,Old,Dr. Ashwin Sadavarte,300,0,0,300,300,0,0,30,2025-12-18
12248,20240233,2026-03-04,09:19:50,Old,Dr. Ashwin Sadavarte,500,0,0,500,500,0,0,30,2026-04-03
12249,20240233,2026-06-05,09:28:28,Old,Dr. Ashwin Sadavarte,400,0,0,400,400,0,0,30,2026-07-05
12250,20240233,2026-09-13,12:34:53,Old,Dr. Ashwin Sadavarte,500,200,0,700,700,0,0,60,2026-11-12
12251,20240234,2025-04-19,11:56:16,New,Dr. Ashwin Sadavarte,400,0,0,400,0,0,400,30,2025-05-19
12252,20240234,2025-07-15,12:30:32,Old,Dr. Ashwin Sadavarte,500,200,0,700,100,0,600,30,2025-08-14
12253,20240234,2025-10-10,10:02:26,Old,Dr. Ashwin Sadavarte,500,0,0,500,500,0,0,,
12254,20240234,2026-01-06,13:23:58,Old,Dr. Ashwin Sadavarte,400,0,0,400,400,0,0,30,2026-02-05
12255,20240234,2026-04-01,09:17:20,Old,Dr. Ashwin Sadavarte,500,0,0,500,500,0,0,60,2026-05-31
12256,20240234,2026-06-30,11:27:32,Old,Dr. Ashwin Sadavarte,400,0,0,400,400,0,0,60,2026-08-29
12257,20240235,2025-03-13,11:13:38,New,Dr. Ashwin Sadavarte,300,300,0,600,600,0,0,60,2025-05-12
12258,20240235,2025-05-13,11:02:20,Old,Dr. Ashwin Sadavarte,500,0,0,500,500,0,0,30,2025-06-12
12259,20240235,2025-07-06,11:24:09,Old,Dr. Ashwin Sadavarte,400,0,0,400,400,0,0,,
12260,20240235,2025-09-03,12:03:12,Old,Dr. Ashwin Sadavarte,500,0,0,500,500,0,0,,
12261,20240235,2025-11-18,10:15:55,Old,Dr. Ashwin Sadavarte,400,0,0,400,400,0,0,30,2025-12-18
12262,20240235,2026-02-06,13:13:58,Old,Dr. Ashwin Sadavarte,500,300,0,800,800,0,0,60,2026-04-07
12263,20240236,2026-08-08,11:51:36,New,Dr. Ashwin Sadavarte,400,200,0,600,100,0,500,30,2026-09-07
12264,20240237,2025-06-03,11:38:05,New,Dr. R. Mahalle,300,0,0,300,300,0,0,60,2025-08-02
12265,20240237,2025-08-17,09:07:58,Old,Dr. R. Mahalle,400,200,0,600,600,0,0,30,2025-09-16
12266,20240237,2025-10-25,09:33:28,Old,Dr. R. Mahalle,300,0,0,300,200,0,100,,
12267,20240237,2026-01-01,11:41:17,Old,Dr. R. Mahalle,500,300,0,800,800,0,0,15,2026-01-16
12268,20240237,2026-03-22,09:15:41,Old,Dr. R. Mahalle,500,300,0,800,800,0,0,30,2026-04-21
12269,20240237,2026-05-29,13:38:46,Old,Dr. R. Mahalle,400,0,0,400,400,0,0,,
12270,20240237,2026-07-29,13:18:57,Old,Dr. R. Mahalle,400,0,0,400,400,0,0,60,2026-09-27
12271,20240238,2023-12-09,09:40:03,New,Dr. R. Mahalle,300,300,0,600,600,0,0,30,2024-01-08
12272,20240238,2024-01-27,09:45:19,Old,Dr. R. Mahalle,500,0,0,500,500,0,0,60,2024-03-27
12273,20240238,2024-03-16,10:23:55,Old,Dr. R. Mahalle,500,0,0,500,500,0,0,60,2024-05-15
12274,20240238,2024-04-24,09:01:47,Old,Dr. R. Mahalle,500,0,0,500,500,0,0,60,2024-06-23
12275,20240238,2024-06-04,12:10:39,Old,Dr. R. Mahalle,500,0,0,500,500,0,0,60,2024-08-03
12276,20240238,2024-07-19,12:20:50,Old,Dr. R. Mahalle,400,0,0,400,400,0,0,,
12277,20240238,2024-08-29,11:46:59,Old,Dr. R. Mahalle,300,0,0,300,300,0,0,15,2024-09-13
12278,20240238,2024-10-09,10:43:40,Old,Dr. R. Mahalle,400,0,0,400,400,0,0,60,2024-12-08
12279,20240238,2024-11-24,11:53:43,Old,Dr. R. Mahalle,400,300,0,700,700,0,0,60,2025-01-23
12280,20240238,2024-12-23,13:51:12,Old,Dr. R. Mahalle,400,300,0,700,700,0,0,30,2025-01-22
12281,20240238,2025-01-19,12:40:01,Old,Dr. R. Mahalle,500,300,0,800,800,0,0,30,2025-02-18
12282,20240238,2025-02-27,12:18:55,Old,Dr. R. Mahalle,400,200,0,600,600,0,0,60,2025-04-28
12283,20240238,2025-03-29,11:40:15,Old,Dr. R. Mahalle,400,200,0,600,600,0,0,,
12284,20240238,2025-05-17,13:31:59,Old,Dr. R. Mahalle,400,300,0,700,700,0,0,60,2025-07-16
12285,20240238,2025-06-09,11:44:56,Old,Dr. R. Mahalle,500,0,0,500,500,0,0,60,2025-08-08
12286,20240238,2025-07-27,13:54:30,Old,Dr. R. Mahalle,400,200,0,600,600,0,0,30,2025-08-26
12287,20240238,2025-08-19,10:23:22,Old,Dr. R. Mahalle,300,0,0,300,300,0,0,60,2025-10-18
12288,20240238,2025-10-06,13:13:36,Old,Dr. R. Mahalle,400,0,0,400,400,0,0,30,2025-11-05
12289,20240238,2025-11-11,11:31:38,Old,Dr. R. Mahalle,500,0,0,500,500,0,0,,
12290,20240238,2025-12-19,12:56:17,Old,Dr. R. Mahalle,400,300,0,700,700,0,0,,
12291,20240238,2026-02-06,09:15:43,Old,Dr. R. Mahalle,300,300,0,600,600,0,0,15,2026-02-21
12292,20240238,2026-03-04,11:13:19,Old,Dr. R. Mahalle,400,200,0,600,600,0,0,,
12293,20240238,2026-04-08,11:05:00,Old,Dr. R. Mahalle,500,0,0,500,500,0,0,30,2026-05-08
12294,20240238,2026-05-27,09:36:17,Old,Dr. R. Mahalle,300,0,0,300,0,0,300,30,2026-06-26
12295,20240238,2026-07-09,13:01:43,Old,Dr. R. Mahalle,400,0,0,400,400,0,0,,
12296,20240238,2026-08-20,12:01:26,Old,Dr. R. Mahalle,500,200,0,700,700,0,0,30,2026-09-19
12297,20240239,2024-02-03,10:21:08,New,Dr. R. Mahalle,300,0,0,300,200,0,100,60,2024-04-03
12298,20240239,2024-05-05,13:56:46,Old,Dr. R. Mahalle,400,300,0,700,700,0,0,60,2024-07-04
12299,20240239,2024-08-07,09:41:24,Old,Dr. R. Mahalle,300,200,0,500,500,0,0,60,2024-10-06
12300,20240239,2024-11-25,10:19:55,Old,Dr. R. Mahalle,400,300,0,700,0,0,700,30,2024-12-25
12301,20240239,2025-03-05,12:52:55,Old,Dr. R. Mahalle,400,300,0,700,700,0,0,30,2025-04-04
12302,20240240,2024-07-01,13:01:57,New,Dr. Ashwin Sadavarte,500,0,0,500,0,0,500,60,2024-08-30
12303,20240240,2024-08-25,10:43:59,Old,Dr. Ashwin Sadavarte,400,200,0,600,600,0,0,60,2024-10-24
12304,20240240,2024-10-21,09:33:53,Old,Dr. Ashwin Sadavarte,300,200,0,500,500,0,0,60,2024-12-20
12305,20240240,2025-01-06,09:31:01,Old,Dr. Ashwin Sadavarte,300,0,0,300,300,0,0,60,2025-03-07
12306,20240240,2025-03-27,12:48:45,Old,Dr. Ashwin Sadavarte,400,0,0,400,400,0,0,30,2025-04-26
12307,20240240,2025-06-08,10:52:37,Old,Dr. Ashwin Sadavarte,500,300,0,800,800,0,0,30,2025-07-08
12308,20240240,2025-08-23,11:32:35,Old,Dr. Ashwin Sadavarte,300,300,0,600,600,0,0,15,2025-09-07
12309,20240241,2024-12-30,13:01:02,New,Dr. Ashwin Sadavarte,400,0,0,400,400,0,0,30,2025-01-29
12310,20240241,2025-04-06,12:47:51,Old,Dr. Ashwin Sadavarte,400,300,0,700,700,0,0,30,2025-05-06
12311,20240241,2025-07-20,13:03:28,Old,Dr. Ashwin Sadavarte,400,0,0,400,400,0,0,30,2025-08-19
12312,20240241,2026-03-27,11:16:57,Old,Dr. Ashwin Sadavarte,400,0,0,400,400,0,0,60,2026-05-26
12313,20240241,2026-07-01,12:08:01,Old,Dr. Ashwin Sadavarte,300,0,0,300,300,0,0,60,2026-08-30
12314,20240242,2024-10-18,09:57:51,New,Dr. Ashwin Sadavarte,300,0,0,300,0,0,300,,
12315,20240242,2024-11-21,09:53:25,Old,Dr. Ashwin Sadavarte,500,300,0,800,800,0,0,30,2024-12-21
12316,20240242,2024-12-31,11:24:09,Old,Dr. Ashwin Sadavarte,500,300,0,800,800,0,0,30,2025-01-30
12317,20240242,2025-02-09,12:05:46,Old,Dr. Ashwin Sadavarte,400,0,0,400,400,0,0,30,2025-03-11
12318,20240242,2025-03-12,13:49:39,Old,Dr. Ashwin Sadavarte,500,0,0,500,500,0,0,30,2025-04-11
12319,20240242,2025-11-09,10:23:48,Old,Dr. Ashwin Sadavarte,500,0,0,500,500,0,0,60,2026-01-08
12320,20240242,2025-12-02,12:21:14,Old,Dr. Ashwin Sadavarte,500,0,0,500,200,0,300,,
12321,20240242,2026-01-09,11:38:43,Old,Dr. Ashwin Sadavarte,500,0,0,500,500,0,0,,
12322,20240242,2026-05-05,10:46:20,Old,Dr. Ashwin Sadavarte,400,200,0,600,600,0,0,15,2026-05-20
12323,20240242,2026-06-24,09:21:54,Old,Dr. Ashwin Sadavarte,300,0,0,300,300,0,0,30,2026-07-24
12324,20240243,2025-05-08,12:15:15,New,Dr. Ashwin Sadavarte,300,200,0,500,500,0,0,90,2025-08-06
12325,20240244,2024-08-13,11:43:21,New,Dr. Ashwin Sadavarte,300,0,0,300,300,0,0,15,2024-08-28
12326,20240244,2025-03-25,09:08:40,Old,Dr. Ashwin Sadavarte,300,0,0,300,300,0,0,90,2025-06-23
12327,20240244,2025-09-12,13:35:46,Old,Dr. Ashwin Sadavarte,300,0,0,300,300,0,0,30,2025-10-12
12328,20240244,2025-11-07,12:47:43,Old,Dr. Ashwin Sadavarte,400,200,0,600,600,0,0,60,2026-01-06
12329,20240244,2026-01-09,11:57:17,Old,Dr. Ashwin Sadavarte,500,300,0,800,800,0,0,,
12330,20240244,2026-07-01,13:45:17,Old,Dr. Ashwin Sadavarte,500,0,0,500,100,0,400,15,2026-07-16
12331,20240245,2024-07-09,11:50:53,New,Dr. Ashwin Sadavarte,300,0,0,300,300,0,0,,
12332,20240245,2024-09-23,13:43:34,Old,Dr. Ashwin Sadavarte,500,200,0,700,700,0,0,60,2024-11-22
12333,20240245,2024-12-02,09:22:36,Old,Dr. Ashwin Sadavarte,300,0,0,300,300,0,0,60,2025-01-31
12334,20240245,2025-02-19,12:12:22,Old,Dr. Ashwin Sadavarte,500,300,0,800,800,0,0,30,2025-03-21
12335,20240245,2025-04-21,09:49:29,Old,Dr. Ashwin Sadavarte,300,200,0,500,500,0,0,60,2025-06-20
12336,20240245,2025-06-26,11:28:18,Old,Dr. Ashwin Sadavarte,300,300,0,600,600,0,0,30,2025-07-26
12337,20240245,2025-08-22,13:49:56,Old,Dr. Ashwin Sadavarte,300,0,0,300,300,0,0,30,2025-09-21
12338,20240245,2025-11-02,10:24:51,Old,Dr. Ashwin Sadavarte,500,0,0,500,500,0,0,30,2025-12-02
12339,20240245,2026-01-19,09:54:14,Old,Dr. Ashwin Sadavarte,300,200,0,500,500,0,0,30,2026-02-18
12340,20240245,2026-03-18,10:07:56,Old,Dr. Ashwin Sadavarte,300,0,0,300,300,0,0,30,2026-04-17
12341,20240245,2026-05-27,09:56:52,Old,Dr. Ashwin Sadavarte,300,0,0,300,300,0,0,90,2026-08-25
12342,20240245,2026-07-18,12:44:07,Old,Dr. Ashwin Sadavarte,400,200,0,600,600,0,0,30,2026-08-17
12343,20240245,2026-09-08,13:27:43,Old,Dr. Ashwin Sadavarte,400,0,0,400,400,0,0,30,2026-10-08
12344,20240246,2024-01-30,13:48:55,New,Dr. Ashwin Sadavarte,500,0,0,500,500,0,0,30,2024-02-29
12345,20240246,2024-05-12,12:46:24,Old,Dr. Ashwin Sadavarte,500,0,0,500,100,0,400,60,2024-07-11
12346,20240246,2024-08-12,12:04:14,Old,Dr. Ashwin Sadavarte,400,0,0,400,400,0,0,30,2024-09-11
12347,20240246,2024-11-29,09:46:35,Old,Dr. Ashwin Sadavarte,400,0,0,400,400,0,0,30,2024-12-29
12348,20240246,2025-03-03,12:20:49,Old,Dr. Ashwin Sadavarte,500,0,0,500,500,0,0,15,2025-03-18
12349,20240246,2026-01-17,12:00:57,Old,Dr. Ashwin Sadavarte,400,200,0,600,600,0,0,15,2026-02-01
12350,20240246,2026-05-05,12:22:15,Old,Dr. Ashwin Sadavarte,500,300,0,800,800,0,0,90,2026-08-03
12351,20240246,2026-08-18,12:59:44,Old,Dr. Ashwin Sadavarte,300,200,0,500,500,0,0,60,2026-10-17
12352,20240247,2024-01-06,09:36:53,New,Dr. Ashwin Sadavarte,500,0,0,500,500,0,0,,
12353,20240247,2024-04-05,10:26:36,Old,Dr. Ashwin Sadavarte,300,0,0,300,100,0,200,30,2024-05-05
12354,20240247,2024-07-13,13:30:08,Old,Dr. Ashwin Sadavarte,400,0,0,400,400,0,0,90,2024-10-11
12355,20240247,2024-10-22,12:40:38,Old,Dr. Ashwin Sadavarte,500,200,0,700,700,0,0,,
12356,20240247,2025-02-08,11:45:32,Old,Dr. Ashwin Sadavarte,300,0,0,300,300,0,0,60,2025-04-09
12357,20240247,2025-05-15,12:25:27,Old,Dr. Ashwin Sadavarte,500,0,0,500,500,0,0,,
12358,20240247,2025-08-08,10:17:40,Old,Dr. Ashwin Sadavarte,500,200,0,700,700,0,0,30,2025-09-07
12359,20240247,2025-11-26,09:39:43,Old,Dr. Ashwin Sadavarte,500,0,0,500,500,0,0,60,2026-01-25
12360,20240247,2026-03-15,11:22:31,Old,Dr. Ashwin Sadavarte,500,200,0,700,700,0,0,30,2026-04-14
12361,20240247,2026-06-30,13:18:38,Old,Dr. Ashwin Sadavarte,300,0,0,300,300,0,0,60,2026-08-29
12362,20240248,2023-08-21,12:41:46,New,Dr. Ashwin Sadavarte,500,300,0,800,800,0,0,60,2023-10-20
12363,20240248,2023-10-01,13:03:55,Old,Dr. Ashwin Sadavarte,300,0,0,300,300,0,0,15,2023-10-16
12364,20240248,2023-11-12,10:56:38,Old,Dr. Ashwin Sadavarte,500,200,0,700,700,0,0,30,2023-12-12
12365,20240248,2023-12-29,12:38:53,Old,Dr. Ashwin Sadavarte,400,0,0,400,400,0,0,,
12366,20240248,2024-02-16,13:38:45,Old,Dr. Ashwin Sadavarte,400,0,0,400,400,0,0,30,2024-03-17
12367,20240248,2024-03-23,11:47:58,Old,Dr. Ashwin Sadavarte,400,0,0,400,400,0,0,60,2024-05-22
12368,20240248,2024-04-15,10:15:05,Old,Dr. Ashwin Sadavarte,500,0,0,500,500,0,0,60,2024-06-14
12369,20240248,2024-05-30,12:20:14,Old,Dr. Ashwin Sadavarte,300,0,0,300,300,0,0,,
12370,20240248,2024-07-18,09:00:56,Old,Dr. Ashwin Sadavarte,400,0,0,400,400,0,0,30,2024-08-17
12371,20240248,2024-08-18,11:10:50,Old,Dr. Ashwin Sadavarte,400,0,0,400,400,0,0,60,2024-10-17
12372,20240248,2024-09-29,11:36:23,Old,Dr. Ashwin Sadavarte,300,200,0,500,500,0,0,30,2024-10-29
12373,20240248,2024-11-03,10:12:08,Old,Dr. Ashwin Sadavarte,300,0,0,300,300,0,0,90,2025-02-01
12374,20240248,2024-12-20,11:52:01,Old,Dr. Ashwin Sadavarte,400,0,0,400,400,0,0,90,2025-03-20
12375,20240248,2025-01-27,12:14:38,Old,Dr. Ashwin Sadavarte,400,0,0,400,400,0,0,,
12376,20240248,2025-02-24,13:15:14,Old,Dr. Ashwin Sadavarte,300,0,0,300,300,0,0,,
12377,20240248,2025-03-23,12:06:19,Old,Dr. Ashwin Sadavarte,400,0,0,400,400,0,0,60,2025-05-22
12378,20240248,2025-04-18,13:12:33,Old,Dr. Ashwin Sadavarte,500,0,0,500,500,0,0,60,2025-06-17
12379,20240248,2025-05-24,09:52:41,Old,Dr. Ashwin Sadavarte,500,0,0,500,500,0,0,30,2025-06-23
12380,20240248,2025-06-21,09:40:26,Old,Dr. Ashwin Sadavarte,300,200,0,500,500,0,0,15,2025-07-06
12381,20240248,2025-08-03,09:27:36,Old,Dr. Ashwin Sadavarte,400,0,0,400,400,0,0,60,2025-10-02
12382,20240248,2025-09-18,12:22:23,Old,Dr. Ashwin Sadavarte,300,0,0,300,300,0,0,90,2025-12-17
12383,20240248,2025-10-21,09:49:15,Old,Dr. Ashwin Sadavarte,500,0,0,500,500,0,0,60,2025-12-20
12384,20240248,2025-11-30,13:47:06,Old,Dr. Ashwin Sadavarte,300,0,0,300,300,0,0,60,2026-01-29
12385,20240248,2026-01-15,09:02:56,Old,Dr. Ashwin Sadavarte,300,0,0,300,300,0,0,60,2026-03-16
12386,20240248,2026-02-15,09:12:10,Old,Dr. Ashwin Sadavarte,500,0,0,500,500,0,0,90,2026-05-16
12387,20240248,2026-03-24,10:42:04,Old,Dr. Ashwin Sadavarte,300,0,0,300,300,0,0,30,2026-04-23
12388,20240248,2026-04-17,09:32:52,Old,Dr. Ashwin Sadavarte,500,0,0,500,500,0,0,60,2026-06-16
12389,20240248,2026-05-18,11:10:43,Old,Dr. Ashwin Sadavarte,300,0,0,300,300,0,0,60,2026-07-17
12390,20240248,2026-06-30,12:36:47,Old,Dr. Ashwin Sadavarte,500,0,0,500,500,0,0,60,2026-08-29
12391,20240248,2026-08-02,13:03:50,Old,Dr. Ashwin Sadavarte,500,200,0,700,700,0,0,30,2026-09-01
12392,20240248,2026-09-16,12:01:30,Old,Dr. Ashwin Sadavarte,300,0,0,300,300,0,0,30,2026-10-16
12393,20240249,2023-11-15,10:51:13,New,Dr. Ashwin Sadavarte,300,0,0,300,300,0,0,90,2024-02-13
12394,20240249,2024-01-28,13:26:58,Old,Dr. Ashwin Sadavarte,300,200,0,500,500,0,0,,
12395,20240249,2024-04-05,10:51:31,Old,Dr. Ashwin Sadavarte,300,200,0,500,500,0,0,90,2024-07-04
12396,20240249,2024-05-27,11:09:20,Old,Dr. Ashwin Sadavarte,400,0,0,400,400,0,0,90,2024-08-25
12397,20240249,2024-07-28,12:12:42,Old,Dr. Ashwin Sadavarte,300,0,0,300,300,0,0,,
12398,20240249,2024-10-03,11:23:54,Old,Dr. Ashwin Sadavarte,400,0,0,400,400,0,0,15,2024-10-18
12399,20240249,2024-11-26,13:11:13,Old,Dr. Ashwin Sadavarte,400,0,0,400,400,0,0,15,2024-12-11
12400,20240249,2025-02-14,13:07:57,Old,Dr. Ashwin Sadavarte,500,200,0,700,700,0,0,30,2025-03-16
12401,20240249,2025-04-23,11:52:30,Old,Dr. Ashwin Sadavarte,300,200,0,500,500,0,0,90,2025-07-22
12402,20240249,2025-06-16,10:14:03,Old,Dr. Ashwin Sadavarte,400,0,0,400,100,0,300,90,2025-09-14
12403,20240249,2025-08-24,10:26:21,Old,Dr. Ashwin Sadavarte,300,0,0,300,300,0,0,90,2025-11-22
12404,20240249,2025-10-30,10:14:01,Old,Dr. Ashwin Sadavarte,500,0,0,500,500,0,0,30,2025-11-29
12405,20240249,2026-01-06,12:31:20,Old,Dr. Ashwin Sadavarte,300,0,0,300,300,0,0,15,2026-01-21
12406,20240249,2026-03-01,10:58:17,Old,Dr. Ashwin Sadavarte,400,300,0,700,700,0,0,30,2026-03-31
12407,20240250,2026-07-31,11:06:45,New,Dr. R. Mahalle,300,0,0,300,300,0,0,60,2026-09-29
12408,20240251,2025-01-04,11:41:32,New,Dr. R. Mahalle,500,0,0,500,200,0,300,30,2025-02-03
12409,20240251,2025-04-08,13:49:05,Old,Dr. R. Mahalle,400,0,0,400,400,0,0,,
12410,20240251,2025-07-04,13:52:59,Old,Dr. R. Mahalle,400,0,0,400,0,0,400,90,2025-10-02
12411,20240251,2025-10-05,13:48:20,Old,Dr. R. Mahalle,300,200,0,500,500,0,0,90,2026-01-03
12412,20240251,2026-01-04,13:25:14,Old,Dr. R. Mahalle,400,200,0,600,600,0,0,60,2026-03-05
12413,20240251,2026-04-12,09:42:42,Old,Dr. R. Mahalle,400,200,0,600,600,0,0,60,2026-06-11
12414,20240251,2026-07-23,12:36:23,Old,Dr. R. Mahalle,300,0,0,300,300,0,0,15,2026-08-07
12415,20240252,2023-12-31,09:58:15,New,Dr. Ashwin Sadavarte,400,0,0,400,100,0,300,,
12416,20240252,2024-03-05,12:38:24,Old,Dr. Ashwin Sadavarte,400,300,0,700,700,0,0,60,2024-05-04
12417,20240252,2024-05-19,10:50:20,Old,Dr. Ashwin Sadavarte,300,200,0,500,500,0,0,60,2024-07-18
12418,20240252,2024-07-18,13:03:50,Old,Dr. Ashwin Sadavarte,300,300,0,600,600,0,0,60,2024-09-16
12419,20240252,2024-09-27,11:05:20,Old,Dr. Ashwin Sadavarte,500,0,0,500,500,0,0,,
12420,20240252,2024-11-23,09:36:52,Old,Dr. Ashwin Sadavarte,400,0,0,400,400,0,0,15,2024-12-08
12421,20240252,2025-01-18,10:32:53,Old,Dr. Ashwin Sadavarte,400,0,0,400,400,0,0,30,2025-02-17
12422,20240252,2025-03-24,12:32:51,Old,Dr. Ashwin Sadavarte,300,0,0,300,300,0,0,90,2025-06-22
12423,20240252,2025-06-10,11:46:52,Old,Dr. Ashwin Sadavarte,400,200,0,600,600,0,0,60,2025-08-09
12424,20240252,2025-08-02,09:30:38,Old,Dr. Ashwin Sadavarte,400,0,0,400,400,0,0,90,2025-10-31
12425,20240252,2025-10-01,09:43:04,Old,Dr. Ashwin Sadavarte,400,300,0,700,700,0,0,,
12426,20240252,2025-11-27,11:27:34,Old,Dr. Ashwin Sadavarte,500,300,0,800,800,0,0,30,2025-12-27
12427,20240252,2026-01-21,10:51:02,Old,Dr. Ashwin Sadavarte,500,0,0,500,500,0,0,15,2026-02-05
12428,20240252,2026-03-29,13:54:29,Old,Dr. Ashwin Sadavarte,300,0,0,300,300,0,0,15,2026-04-13
12429,20240252,2026-05-24,11:36:27,Old,Dr. Ashwin Sadavarte,300,300,0,600,600,0,0,15,2026-06-08
12430,20240252,2026-07-26,11:11:31,Old,Dr. Ashwin Sadavarte,300,0,0,300,300,0,0,90,2026-10-24
12431,20240253,2026-08-20,12:17:29,New,Dr. Ashwin Sadavarte,400,0,0,400,400,0,0,,
12432,20240254,2023-11-28,09:25:23,New,Dr. Ashwin Sadavarte,400,0,0,400,400,0,0,60,2024-01-27
12433,20240254,2024-06-25,13:59:27,Old,Dr. Ashwin Sadavarte,400,200,0,600,600,0,0,15,2024-07-10
12434,20240254,2024-10-20,12:20:36,Old,Dr. Ashwin Sadavarte,300,200,0,500,500,0,0,60,2024-12-19
12435,20240254,2024-11-11,13:37:40,Old,Dr. Ashwin Sadavarte,300,0,0,300,300,0,0,90,2025-02-09
12436,20240254,2025-06-12,12:53:15,Old,Dr. Ashwin Sadavarte,500,0,0,500,500,0,0,60,2025-08-11
12437,20240254,2025-07-26,12:07:42,Old,Dr. Ashwin Sadavarte,400,0,0,400,400,0,0,60,2025-09-24
12438,20240254,2025-09-14,12:38:39,Old,Dr. Ashwin Sadavarte,500,0,0,500,500,0,0,90,2025-12-13
12439,20240254,2025-10-29,10:57:08,Old,Dr. Ashwin Sadavarte,400,300,0,700,700,0,0,60,2025-12-28
12440,20240254,2026-06-15,12:19:14,Old,Dr. Ashwin Sadavarte,400,300,0,700,700,0,0,30,2026-07-15
12441,20240255,2025-06-18,09:09:03,New,Dr. Ashwin Sadavarte,400,0,0,400,400,0,0,60,2025-08-17
12442,20240255,2025-08-30,13:31:47,Old,Dr. Ashwin Sadavarte,400,0,0,400,400,0,0,15,2025-09-14
12443,20240255,2026-06-09,11:29:00,Old,Dr. Ashwin Sadavarte,300,200,0,500,100,0,400,30,2026-07-09
12444,20240256,2024-02-27,12:56:48,New,Dr. R. Mahalle,400,0,0,400,400,0,0,90,2024-05-27
12445,20240256,2024-04-28,13:32:54,Old,Dr. R. Mahalle,500,300,0,800,800,0,0,30,2024-05-28
12446,20240256,2024-07-10,12:06:46,Old,Dr. R. Mahalle,500,0,0,500,500,0,0,30,2024-08-09
12447,20240256,2024-09-03,11:01:50,Old,Dr. R. Mahalle,500,200,0,700,700,0,0,30,2024-10-03
12448,20240256,2024-11-03,12:35:03,Old,Dr. R. Mahalle,500,200,0,700,700,0,0,15,2024-11-18
12449,20240256,2025-01-17,13:16:59,Old,Dr. R. Mahalle,400,0,0,400,400,0,0,15,2025-02-01
12450,20240256,2025-03-23,11:13:03,Old,Dr. R. Mahalle,400,200,0,600,600,0,0,90,2025-06-21
12451,20240256,2025-06-07,09:03:13,Old,Dr. R. Mahalle,300,300,0,600,600,0,0,15,2025-06-22
12452,20240256,2026-03-23,13:24:04,Old,Dr. R. Mahalle,400,0,0,400,400,0,0,,
12453,20240257,2023-10-21,12:56:01,New,Dr. R. Mahalle,400,300,0,700,700,0,0,90,2024-01-19
12454,20240257,2024-01-18,11:10:25,Old,Dr. R. Mahalle,300,300,0,600,600,0,0,,
12455,20240257,2024-04-18,13:00:25,Old,Dr. R. Mahalle,300,0,0,300,300,0,0,30,2024-05-18
12456,20240257,2024-07-12,11:30:49,Old,Dr. R. Mahalle,300,300,0,600,600,0,0,60,2024-09-10
12457,20240257,2024-10-16,13:16:38,Old,Dr. R. Mahalle,400,0,0,400,400,0,0,15,2024-10-31
12458,20240257,2025-01-15,10:36:30,Old,Dr. R. Mahalle,300,0,0,300,300,0,0,15,2025-01-30
12459,20240257,2025-04-07,10:24:35,Old,Dr. R. Mahalle,400,0,0,400,400,0,0,90,2025-07-06
12460,20240257,2025-07-06,12:21:33,Old,Dr. R. Mahalle,400,0,0,400,400,0,0,60,2025-09-04
12461,20240257,2025-10-11,11:22:25,Old,Dr. R. Mahalle,300,300,0,600,600,0,0,30,2025-11-10
12462,20240257,2026-01-03,13:17:32,Old,Dr. R. Mahalle,400,0,0,400,400,0,0,60,2026-03-04
12463,20240257,2026-04-06,10:30:18,Old,Dr. R. Mahalle,500,0,0,500,500,0,0,90,2026-07-05
12464,20240257,2026-07-16,11:35:48,Old,Dr. R. Mahalle,400,0,0,400,0,0,400,30,2026-08-15
12465,20240258,2024-09-27,11:40:37,New,Dr. Ashwin Sadavarte,500,0,0,500,500,0,0,,
12466,20240258,2024-12-15,11:24:56,Old,Dr. Ashwin Sadavarte,500,0,0,500,500,0,0,90,2025-03-15
12467,20240258,2025-02-21,09:00:14,Old,Dr. Ashwin Sadavarte,400,0,0,400,400,0,0,60,2025-04-22
12468,20240258,2025-04-20,12:12:11,Old,Dr. Ashwin Sadavarte,500,300,0,800,800,0,0,30,2025-05-20
12469,20240258,2025-06-13,13:31:45,Old,Dr. Ashwin Sadavarte,500,0,0,500,500,0,0,30,2025-07-13
12470,20240258,2025-08-25,11:40:00,Old,Dr. Ashwin Sadavarte,500,200,0,700,700,0,0,30,2025-09-24
12471,20240258,2025-10-25,10:57:46,Old,Dr. Ashwin Sadavarte,300,0,0,300,300,0,0,,
12472,20240258,2025-12-17,12:59:03,Old,Dr. Ashwin Sadavarte,300,200,0,500,500,0,0,30,2026-01-16
12473,20240258,2026-02-25,13:06:07,Old,Dr. Ashwin Sadavarte,400,0,0,400,100,0,300,30,2026-03-27
12474,20240259,2024-12-10,12:02:22,New,Dr. Ashwin Sadavarte,500,300,0,800,800,0,0,60,2025-02-08
12475,20240259,2025-02-26,10:30:48,Old,Dr. Ashwin Sadavarte,400,0,0,400,400,0,0,,
12476,20240259,2025-05-11,13:26:12,Old,Dr. Ashwin Sadavarte,500,0,0,500,500,0,0,90,2025-08-09
12477,20240259,2025-07-05,12:45:12,Old,Dr. Ashwin Sadavarte,300,200,0,500,500,0,0,,
12478,20240259,2025-09-17,13:00:10,Old,Dr. Ashwin Sadavarte,300,0,0,300,300,0,0,60,2025-11-16
12479,20240259,2025-11-13,12:47:18,Old,Dr. Ashwin Sadavarte,300,300,0,600,600,0,0,60,2026-01-12
12480,20240259,2026-01-06,12:36:30,Old,Dr. Ashwin Sadavarte,400,200,0,600,600,0,0,60,2026-03-07
12481,20240259,2026-03-21,09:40:45,Old,Dr. Ashwin Sadavarte,500,0,0,500,500,0,0,15,2026-04-05
12482,20240259,2026-06-07,13:49:00,Old,Dr. Ashwin Sadavarte,400,0,0,400,400,0,0,60,2026-08-06
12483,20240259,2026-08-07,09:26:40,Old,Dr. Ashwin Sadavarte,300,0,0,300,300,0,0,30,2026-09-06
12484,20240260,2024-11-29,13:29:58,New,Dr. Ashwin Sadavarte,500,300,0,800,800,0,0,15,2024-12-14
12485,20240260,2025-11-02,11:07:49,Old,Dr. Ashwin Sadavarte,500,0,0,500,500,0,0,,
12486,20240260,2026-02-02,09:19:25,Old,Dr. Ashwin Sadavarte,300,0,0,300,300,0,0,60,2026-04-03
12487,20240260,2026-05-19,13:31:48,Old,Dr. Ashwin Sadavarte,500,0,0,500,500,0,0,60,2026-07-18
12488,20240261,2026-08-22,12:10:26,New,Dr. Ashwin Sadavarte,500,0,0,500,500,0,0,90,2026-11-20
12489,20240262,2024-12-01,11:45:00,New,Dr. Ashwin Sadavarte,400,0,0,400,400,0,0,90,2025-03-01
12490,20240262,2025-02-07,10:22:29,Old,Dr. Ashwin Sadavarte,500,200,0,700,700,0,0,30,2025-03-09
12491,20240262,2025-04-11,10:00:42,Old,Dr. Ashwin Sadavarte,300,0,0,300,300,0,0,30,2025-05-11
12492,20240262,2025-06-02,13:44:32,Old,Dr. Ashwin Sadavarte,400,300,0,700,700,0,0,30,2025-07-02
12493,20240262,2025-08-20,09:11:57,Old,Dr. Ashwin Sadavarte,400,200,0,600,600,0,0,60,2025-10-19
12494,20240262,2025-10-17,09:40:52,Old,Dr. Ashwin Sadavarte,300,0,0,300,300,0,0,60,2025-12-16
12495,20240262,2025-12-22,13:48:51,Old,Dr. Ashwin Sadavarte,300,200,0,500,500,0,0,90,2026-03-22
12496,20240262,2026-03-02,12:03:51,Old,Dr. Ashwin Sadavarte,500,300,0,800,800,0,0,15,2026-03-17
12497,20240262,2026-05-08,13:34:58,Old,Dr. Ashwin Sadavarte,400,200,0,600,600,0,0,60,2026-07-07
12498,20240262,2026-07-23,09:19:59,Old,Dr. Ashwin Sadavarte,500,0,0,500,500,0,0,60,2026-09-21
12499,20240262,2026-09-13,11:52:21,Old,Dr. Ashwin Sadavarte,400,200,0,600,600,0,0,15,2026-09-28
12500,20240263,2025-05-10,10:22:05,New,Dr. Ashwin Sadavarte,400,0,0,400,400,0,0,30,2025-06-09
12501,20240263,2025-07-04,13:55:02,Old,Dr. Ashwin Sadavarte,300,0,0,300,300,0,0,30,2025-08-03
12502,20240263,2025-09-17,10:22:14,Old,Dr. Ashwin Sadavarte,500,0,0,500,500,0,0,30,2025-10-17
12503,20240263,2025-11-22,09:24:38,Old,Dr. Ashwin Sadavarte,500,0,0,500,500,0,0,30,2025-12-22
12504,20240263,2026-01-26,12:18:00,Old,Dr. Ashwin Sadavarte,300,0,0,300,300,0,0,30,2026-02-25
12505,20240264,2023-09-08,11:01:55,New,Dr. R. Mahalle,300,0,0,300,300,0,0,90,2023-12-07
12506,20240264,2023-11-13,09:42:18,Old,Dr. R. Mahalle,300,0,0,300,300,0,0,60,2024-01-12
12507,20240264,2024-01-27,10:44:46,Old,Dr. R. Mahalle,400,0,0,400,400,0,0,90,2024-04-26
12508,20240264,2024-03-31,09:57:01,Old,Dr. R. Mahalle,400,300,0,700,700,0,0,90,2024-06-29
12509,20240264,2024-06-10,10:26:21,Old,Dr. R. Mahalle,400,300,0,700,700,0,0,90,2024-09-08
12510,20240264,2024-08-12,13:41:54,Old,Dr. R. Mahalle,400,200,0,600,600,0,0,,
12511,20240264,2024-10-21,10:52:11,Old,Dr. R. Mahalle,500,0,0,500,500,0,0,30,2024-11-20
12512,20240264,2025-01-03,09:16:10,Old,Dr. R. Mahalle,500,0,0,500,500,0,0,60,2025-03-04
12513,20240264,2025-03-20,11:22:11,Old,Dr. R. Mahalle,400,0,0,400,400,0,0,,
12514,20240264,2025-05-21,11:24:00,Old,Dr. R. Mahalle,500,200,0,700,700,0,0,30,2025-06-20
12515,20240264,2025-07-19,09:14:54,Old,Dr. R. Mahalle,400,300,0,700,700,0,0,60,2025-09-17
12516,20240264,2025-10-02,10:42:08,Old,Dr. R. Mahalle,400,0,0,400,400,0,0,60,2025-12-01
12517,20240264,2025-12-19,11:25:36,Old,Dr. R. Mahalle,300,300,0,600,600,0,0,,
12518,20240264,2026-02-18,09:50:44,Old,Dr. R. Mahalle,300,0,0,300,300,0,0,30,2026-03-20
12519,20240264,2026-05-01,10:51:10,Old,Dr. R. Mahalle,300,300,0,600,600,0,0,60,2026-06-30
12520,20240264,2026-07-14,11:32:00,Old,Dr. R. Mahalle,400,0,0,400,400,0,0,,
12521,20240264,2026-09-07,13:26:37,Old,Dr. R. Mahalle,500,0,0,500,500,0,0,30,2026-10-07
12522,20240265,2025-01-20,09:40:18,New,Dr. Ashwin Sadavarte,400,0,0,400,400,0,0,60,2025-03-21
12523,20240265,2025-04-10,10:38:49,Old,Dr. Ashwin Sadavarte,300,200,0,500,500,0,0,60,2025-06-09
12524,20240265,2025-06-14,09:56:25,Old,Dr. Ashwin Sadavarte,500,200,0,700,200,0,500,60,2025-08-13
12525,20240266,2024-09-23,11:44:03,New,Dr. R. Mahalle,300,0,0,300,300,0,0,30,2024-10-23
12526,20240266,2024-12-26,12:09:03,Old,Dr. R. Mahalle,500,0,0,500,500,0,0,30,2025-01-25
12527,20240266,2025-03-18,11:58:39,Old,Dr. R. Mahalle,500,300,0,800,800,0,0,15,2025-04-02
12528,20240266,2025-07-06,09:49:40,Old,Dr. R. Mahalle,500,0,0,500,100,0,400,60,2025-09-04
12529,20240266,2025-10-15,11:02:54,Old,Dr. R. Mahalle,500,200,0,700,700,0,0,60,2025-12-14
12530,20240266,2026-01-28,11:15:29,Old,Dr. R. Mahalle,400,0,0,400,400,0,0,60,2026-03-29
12531,20240267,2024-07-10,11:50:45,New,Dr. R. Mahalle,300,200,0,500,500,0,0,90,2024-10-08
12532,20240267,2024-08-24,09:12:37,Old,Dr. R. Mahalle,300,0,0,300,300,0,0,60,2024-10-23
12533,20240267,2024-10-05,11:53:31,Old,Dr. R. Mahalle,300,200,0,500,500,0,0,30,2024-11-04
12534,20240267,2024-11-07,11:27:02,Old,Dr. R. Mahalle,300,300,0,600,600,0,0,15,2024-11-22
12535,20240267,2024-12-24,13:41:57,Old,Dr. R. Mahalle,400,0,0,400,400,0,0,30,2025-01-23
12536,20240267,2025-02-07,10:53:25,Old,Dr. R. Mahalle,400,300,0,700,700,0,0,,
12537,20240267,2025-03-16,10:17:55,Old,Dr. R. Mahalle,300,0,0,300,300,0,0,15,2025-03-31
12538,20240267,2025-04-08,10:49:49,Old,Dr. R. Mahalle,300,300,0,600,600,0,0,30,2025-05-08
12539,20240267,2025-05-04,12:28:18,Old,Dr. R. Mahalle,300,300,0,600,600,0,0,60,2025-07-03
12540,20240267,2025-06-23,10:27:44,Old,Dr. R. Mahalle,500,0,0,500,500,0,0,90,2025-09-21
12541,20240267,2025-07-28,11:25:01,Old,Dr. R. Mahalle,400,0,0,400,400,0,0,60,2025-09-26
12542,20240267,2025-09-14,12:05:18,Old,Dr. R. Mahalle,400,0,0,400,400,0,0,30,2025-10-14
12543,20240267,2025-10-19,09:35:49,Old,Dr. R. Mahalle,400,300,0,700,700,0,0,60,2025-12-18
12544,20240267,2025-11-11,10:43:40,Old,Dr. R. Mahalle,300,0,0,300,300,0,0,60,2026-01-10
12545,20240267,2025-12-18,12:25:54,Old,Dr. R. Mahalle,400,300,0,700,200,0,500,30,2026-01-17
12546,20240267,2026-02-06,11:32:44,Old,Dr. R. Mahalle,500,0,0,500,500,0,0,15,2026-02-21
12547,20240267,2026-03-27,13:58:41,Old,Dr. R. Mahalle,400,300,0,700,700,0,0,30,2026-04-26
12548,20240267,2026-05-06,09:19:10,Old,Dr. R. Mahalle,500,0,0,500,500,0,0,90,2026-08-04
12549,20240267,2026-05-29,11:25:15,Old,Dr. R. Mahalle,300,200,0,500,500,0,0,,
12550,20240267,2026-06-25,11:39:48,Old,Dr. R. Mahalle,300,0,0,300,300,0,0,30,2026-07-25
12551,20240267,2026-08-05,13:35:39,Old,Dr. R. Mahalle,300,300,0,600,100,0,500,90,2026-11-03
12552,20240267,2026-09-12,11:28:45,Old,Dr. R. Mahalle,500,0,0,500,500,0,0,30,2026-10-12
12553,20240268,2023-10-01,09:47:25,New,Dr. R. Mahalle,300,0,0,300,300,0,0,30,2023-10-31
12554,20240268,2023-12-11,11:29:41,Old,Dr. R. Mahalle,500,0,0,500,500,0,0,60,2024-02-09
12555,20240268,2024-02-02,12:25:04,Old,Dr. R. Mahalle,400,0,0,400,400,0,0,,
12556,20240268,2024-03-27,13:41:18,Old,Dr. R. Mahalle,400,200,0,600,600,0,0,60,2024-05-26
12557,20240268,2024-06-03,10:15:30,Old,Dr. R. Mahalle,500,0,0,500,500,0,0,30,2024-07-03
12558,20240268,2024-07-31,11:08:17,Old,Dr. R. Mahalle,500,0,0,500,500,0,0,,
12559,20240268,2024-10-13,11:49:32,Old,Dr. R. Mahalle,300,200,0,500,500,0,0,30,2024-11-12
12560,20240268,2024-12-29,09:11:08,Old,Dr. R. Mahalle,500,0,0,500,0,0,500,90,2025-03-29
12561,20240268,2025-03-07,12:17:45,Old,Dr. R. Mahalle,300,0,0,300,300,0,0,15,2025-03-22
12562,20240268,2025-05-07,12:58:57,Old,Dr. R. Mahalle,500,0,0,500,500,0,0,60,2025-07-06
12563,20240268,2025-07-21,11:29:12,Old,Dr. R. Mahalle,400,300,0,700,700,0,0,60,2025-09-19
12564,20240268,2025-09-19,12:40:49,Old,Dr. R. Mahalle,400,0,0,400,400,0,0,30,2025-10-19
12565,20240268,2025-11-11,11:30:04,Old,Dr. R. Mahalle,500,0,0,500,500,0,0,30,2025-12-11
12566,20240268,2026-01-09,12:49:36,Old,Dr. R. Mahalle,300,0,0,300,300,0,0,60,2026-03-10
12567,20240268,2026-03-24,13:08:59,Old,Dr. R. Mahalle,500,200,0,700,100,0,600,60,2026-05-23
12568,20240268,2026-06-09,13:32:42,Old,Dr. R. Mahalle,300,200,0,500,500,0,0,,
12569,20240268,2026-08-19,12:14:44,Old,Dr. R. Mahalle,400,0,0,400,100,0,300,60,2026-10-18
12570,20240269,2023-08-16,10:08:29,New,Dr. Ashwin Sadavarte,500,200,0,700,700,0,0,30,2023-09-15
12571,20240269,2023-11-22,10:07:32,Old,Dr. Ashwin Sadavarte,400,0,0,400,400,0,0,60,2024-01-21
12572,20240269,2024-02-20,09:39:38,Old,Dr. Ashwin Sadavarte,400,0,0,400,400,0,0,60,2024-04-20
12573,20240269,2024-05-16,12:18:31,Old,Dr. Ashwin Sadavarte,500,200,0,700,700,0,0,30,2024-06-15
12574,20240269,2024-08-31,13:27:29,Old,Dr. Ashwin Sadavarte,500,300,0,800,800,0,0,30,2024-09-30
12575,20240269,2024-12-19,13:20:24,Old,Dr. Ashwin Sadavarte,500,300,0,800,800,0,0,90,2025-03-19
12576,20240269,2025-03-26,12:53:49,Old,Dr. Ashwin Sadavarte,300,200,0,500,500,0,0,60,2025-05-25
12577,20240269,2025-06-26,10:42:53,Old,Dr. Ashwin Sadavarte,500,200,0,700,700,0,0,,
12578,20240270,2025-02-13,11:35:52,New,Dr. Ashwin Sadavarte,500,0,0,500,500,0,0,30,2025-03-15
12579,20240270,2025-04-12,10:50:05,Old,Dr. Ashwin Sadavarte,500,200,0,700,700,0,0,,
12580,20240270,2025-12-03,10:59:23,Old,Dr. Ashwin Sadavarte,400,300,0,700,700,0,0,15,2025-12-18
12581,20240270,2026-02-06,12:00:11,Old,Dr. Ashwin Sadavarte,400,0,0,400,400,0,0,90,2026-05-07
12582,20240270,2026-04-16,10:45:29,Old,Dr. Ashwin Sadavarte,400,0,0,400,200,0,200,30,2026-05-16
12583,20240270,2026-09-16,10:51:25,Old,Dr. Ashwin Sadavarte,300,300,0,600,600,0,0,30,2026-10-16
12584,20240271,2024-01-31,10:10:17,New,Dr. R. Mahalle,300,300,0,600,600,0,0,60,2024-03-31
12585,20240271,2024-04-13,09:39:42,Old,Dr. R. Mahalle,300,200,0,500,500,0,0,60,2024-06-12
12586,20240271,2024-07-02,09:43:19,Old,Dr. R. Mahalle,500,0,0,500,500,0,0,60,2024-08-31
12587,20240271,2024-09-13,11:12:30,Old,Dr. R. Mahalle,500,300,0,800,800,0,0,60,2024-11-12
12588,20240271,2024-11-30,09:39:25,Old,Dr. R. Mahalle,400,200,0,600,600,0,0,15,2024-12-15
12589,20240271,2025-01-31,09:24:38,Old,Dr. R. Mahalle,500,0,0,500,500,0,0,,
12590,20240271,2025-04-03,09:45:49,Old,Dr. R. Mahalle,400,0,0,400,400,0,0,,
12591,20240271,2025-06-09,11:26:53,Old,Dr. R. Mahalle,400,0,0,400,400,0,0,30,2025-07-09
12592,20240271,2025-08-27,10:01:56,Old,Dr. R. Mahalle,400,0,0,400,400,0,0,90,2025-11-25
12593,20240271,2025-10-18,12:57:51,Old,Dr. R. Mahalle,400,300,0,700,700,0,0,,
12594,20240271,2025-12-29,09:44:58,Old,Dr. R. Mahalle,500,300,0,800,800,0,0,30,2026-01-28
12595,20240272,2026-09-09,10:37:16,New,Dr. R. Mahalle,300,0,0,300,300,0,0,30,2026-10-09
12596,20240273,2025-06-02,12:54:04,New,Dr. Ashwin Sadavarte,300,0,0,300,300,0,0,60,2025-08-01
12597,20240274,2023-12-22,10:14:03,New,Dr. Ashwin Sadavarte,400,0,0,400,100,0,300,30,2024-01-21
12598,20240274,2024-02-29,11:08:35,Old,Dr. Ashwin Sadavarte,400,0,0,400,400,0,0,30,2024-03-30
12599,20240274,2024-04-26,12:52:54,Old,Dr. Ashwin Sadavarte,500,200,0,700,700,0,0,30,2024-05-26
12600,20240274,2024-07-12,09:37:13,Old,Dr. Ashwin Sadavarte,500,300,0,800,800,0,0,30,2024-08-11
12601,20240274,2024-09-17,12:48:39,Old,Dr. Ashwin Sadavarte,300,300,0,600,600,0,0,30,2024-10-17
12602,20240274,2024-12-02,09:08:59,Old,Dr. Ashwin Sadavarte,300,300,0,600,600,0,0,60,2025-01-31
12603,20240274,2025-01-27,13:22:04,Old,Dr. Ashwin Sadavarte,500,0,0,500,500,0,0,90,2025-04-27
12604,20240274,2025-04-10,12:17:38,Old,Dr. Ashwin Sadavarte,300,0,0,300,200,0,100,30,2025-05-10
12605,20240274,2025-06-03,12:44:07,Old,Dr. Ashwin Sadavarte,300,200,0,500,500,0,0,15,2025-06-18
12606,20240274,2025-08-02,12:44:00,Old,Dr. Ashwin Sadavarte,300,0,0,300,300,0,0,15,2025-08-17
12607,20240274,2025-10-19,11:56:54,Old,Dr. Ashwin Sadavarte,300,0,0,300,300,0,0,15,2025-11-03
12608,20240274,2025-12-26,10:26:49,Old,Dr. Ashwin Sadavarte,500,0,0,500,500,0,0,30,2026-01-25
12609,20240274,2026-02-25,13:11:28,Old,Dr. Ashwin Sadavarte,300,200,0,500,500,0,0,30,2026-03-27
12610,20240274,2026-04-30,12:40:48,Old,Dr. Ashwin Sadavarte,300,300,0,600,600,0,0,60,2026-06-29
12611,20240274,2026-06-28,09:08:54,Old,Dr. Ashwin Sadavarte,400,300,0,700,700,0,0,60,2026-08-27
12612,20240274,2026-08-28,09:36:19,Old,Dr. Ashwin Sadavarte,500,300,0,800,800,0,0,90,2026-11-26
12613,20240275,2025-03-19,11:44:26,New,Dr. R. Mahalle,300,300,0,600,600,0,0,30,2025-04-18
12614,20240275,2025-05-22,12:27:36,Old,Dr. R. Mahalle,400,0,0,400,400,0,0,60,2025-07-21
12615,20240276,2024-05-18,10:15:51,New,Dr. R. Mahalle,500,0,0,500,500,0,0,60,2024-07-17
12616,20240276,2024-08-26,10:10:29,Old,Dr. R. Mahalle,300,0,0,300,0,0,300,30,2024-09-25
12617,20240276,2024-11-21,10:35:32,Old,Dr. R. Mahalle,500,300,0,800,800,0,0,,
12618,20240276,2025-02-25,11:14:27,Old,Dr. R. Mahalle,400,0,0,400,400,0,0,90,2025-05-26
12619,20240276,2025-06-09,10:27:09,Old,Dr. R. Mahalle,500,0,0,500,500,0,0,30,2025-07-09
12620,20240276,2025-09-17,10:36:53,Old,Dr. R. Mahalle,400,0,0,400,400,0,0,,
12621,20240276,2025-12-09,10:50:27,Old,Dr. R. Mahalle,500,300,0,800,800,0,0,15,2025-12-24
12622,20240276,2026-03-22,10:18:01,Old,Dr. R. Mahalle,400,200,0,600,600,0,0,90,2026-06-20
12623,20240276,2026-06-22,10:45:57,Old,Dr. R. Mahalle,400,300,0,700,100,0,600,30,2026-07-22
12624,20240277,2024-07-30,10:27:50,New,Dr. R. Mahalle,400,200,0,600,600,0,0,90,2024-10-28
12625,20240277,2024-10-14,13:00:30,Old,Dr. R. Mahalle,400,0,0,400,400,0,0,60,2024-12-13
12626,20240277,2024-12-07,13:38:09,Old,Dr. R. Mahalle,500,0,0,500,500,0,0,90,2025-03-07
12627,20240277,2025-02-24,09:01:51,Old,Dr. R. Mahalle,300,200,0,500,500,0,0,15,2025-03-11
12628,20240277,2025-04-24,10:31:00,Old,Dr. R. Mahalle,400,0,0,400,0,0,400,,
12629,20240277,2025-06-24,11:38:43,Old,Dr. R. Mahalle,300,0,0,300,300,0,0,30,2025-07-24
12630,20240277,2025-08-26,09:11:19,Old,Dr. R. Mahalle,500,0,0,500,500,0,0,15,2025-09-10
12631,20240277,2025-10-24,09:44:21,Old,Dr. R. Mahalle,300,0,0,300,300,0,0,60,2025-12-23
12632,20240277,2025-12-16,11:02:57,Old,Dr. R. Mahalle,400,300,0,700,100,0,600,60,2026-02-14
12633,20240278,2024-12-02,10:49:10,New,Dr. R. Mahalle,500,0,0,500,0,0,500,90,2025-03-02
12634,20240278,2025-02-09,10:08:46,Old,Dr. R. Mahalle,300,0,0,300,300,0,0,30,2025-03-11
12635,20240278,2025-11-14,10:53:39,Old,Dr. R. Mahalle,500,300,0,800,800,0,0,90,2026-02-12
12636,20240278,2026-01-26,12:53:44,Old,Dr. R. Mahalle,500,0,0,500,500,0,0,30,2026-02-25
12637,20240278,2026-03-23,12:21:19,Old,Dr. R. Mahalle,500,0,0,500,500,0,0,30,2026-04-22
12638,20240278,2026-05-25,11:39:03,Old,Dr. R. Mahalle,500,0,0,500,500,0,0,90,2026-08-23
12639,20240278,2026-08-04,12:28:00,Old,Dr. R. Mahalle,300,0,0,300,300,0,0,15,2026-08-19
12640,20240279,2024-01-08,09:59:55,New,Dr. Ashwin Sadavarte,400,300,0,700,100,0,600,30,2024-02-07
12641,20240279,2024-03-13,10:56:52,Old,Dr. Ashwin Sadavarte,400,0,0,400,400,0,0,60,2024-05-12
12642,20240279,2024-07-30,12:57:06,Old,Dr. Ashwin Sadavarte,400,300,0,700,700,0,0,60,2024-09-28
12643,20240279,2024-10-04,12:07:52,Old,Dr. Ashwin Sadavarte,500,300,0,800,100,0,700,,
12644,20240279,2024-12-05,11:33:56,Old,Dr. Ashwin Sadavarte,400,0,0,400,400,0,0,30,2025-01-04
12645,20240279,2025-09-10,09:37:04,Old,Dr. Ashwin Sadavarte,300,0,0,300,300,0,0,60,2025-11-09
12646,20240279,2026-02-28,10:10:56,Old,Dr. Ashwin Sadavarte,500,200,0,700,700,0,0,90,2026-05-29
12647,20240279,2026-09-07,13:53:02,Old,Dr. Ashwin Sadavarte,300,0,0,300,300,0,0,90,2026-12-06
12648,20240280,2024-11-02,11:24:23,New,Dr. R. Mahalle,500,0,0,500,500,0,0,60,2025-01-01
12649,20240280,2025-01-08,11:16:25,Old,Dr. R. Mahalle,400,0,0,400,400,0,0,15,2025-01-23
12650,20240280,2025-09-29,13:20:20,Old,Dr. R. Mahalle,300,0,0,300,300,0,0,60,2025-11-28
12651,20240280,2025-12-11,10:44:43,Old,Dr. R. Mahalle,300,200,0,500,500,0,0,30,2026-01-10
12652,20240280,2026-02-23,10:28:30,Old,Dr. R. Mahalle,400,0,0,400,200,0,200,15,2026-03-10
12653,20240280,2026-05-02,12:59:09,Old,Dr. R. Mahalle,500,300,0,800,800,0,0,,
12654,20240280,2026-07-14,09:31:06,Old,Dr. R. Mahalle,300,0,0,300,300,0,0,30,2026-08-13
12655,20240280,2026-09-05,10:23:47,Old,Dr. R. Mahalle,300,0,0,300,300,0,0,60,2026-11-04
12656,20240281,2024-03-21,10:35:55,New,Dr. R. Mahalle,500,200,0,700,700,0,0,60,2024-05-20
12657,20240281,2024-10-20,12:44:55,Old,Dr. R. Mahalle,400,300,0,700,700,0,0,60,2024-12-19
12658,20240281,2025-01-02,13:10:04,Old,Dr. R. Mahalle,300,0,0,300,300,0,0,15,2025-01-17
12659,20240281,2025-08-28,09:38:05,Old,Dr. R. Mahalle,300,0,0,300,200,0,100,15,2025-09-12
12660,20240281,2025-10-31,09:55:12,Old,Dr. R. Mahalle,400,0,0,400,400,0,0,30,2025-11-30
12661,20240281,2025-12-30,11:11:51,Old,Dr. R. Mahalle,400,200,0,600,600,0,0,30,2026-01-29
12662,20240281,2026-08-19,10:42:34,Old,Dr. R. Mahalle,500,200,0,700,700,0,0,15,2026-09-03
12663,20240282,2024-03-21,10:28:06,New,Dr. Ashwin Sadavarte,400,300,0,700,700,0,0,30,2024-04-20
12664,20240282,2024-12-15,13:59:04,Old,Dr. Ashwin Sadavarte,300,0,0,300,300,0,0,30,2025-01-14
12665,20240282,2025-02-06,09:13:40,Old,Dr. Ashwin Sadavarte,500,0,0,500,500,0,0,60,2025-04-07
12666,20240282,2025-04-20,12:14:52,Old,Dr. Ashwin Sadavarte,400,0,0,400,400,0,0,90,2025-07-19
12667,20240282,2025-10-24,13:24:01,Old,Dr. Ashwin Sadavarte,500,0,0,500,500,0,0,60,2025-12-23
12668,20240282,2025-12-29,11:49:10,Old,Dr. Ashwin Sadavarte,500,300,0,800,200,0,600,60,2026-02-27
12669,20240282,2026-03-02,11:52:09,Old,Dr. Ashwin Sadavarte,500,0,0,500,500,0,0,60,2026-05-01
12670,20240282,2026-04-23,10:32:54,Old,Dr. Ashwin Sadavarte,300,0,0,300,300,0,0,,
12671,20240283,2024-03-27,09:53:31,New,Dr. R. Mahalle,300,300,0,600,600,0,0,30,2024-04-26
12672,20240283,2024-10-07,13:49:35,Old,Dr. R. Mahalle,300,300,0,600,600,0,0,30,2024-11-06
12673,20240283,2024-12-16,10:48:00,Old,Dr. R. Mahalle,500,300,0,800,800,0,0,15,2024-12-31
12674,20240283,2025-10-10,09:57:29,Old,Dr. R. Mahalle,400,300,0,700,700,0,0,30,2025-11-09
12675,20240283,2025-12-12,11:52:16,Old,Dr. R. Mahalle,500,300,0,800,800,0,0,30,2026-01-11
12676,20240283,2026-07-20,13:11:50,Old,Dr. R. Mahalle,300,0,0,300,200,0,100,30,2026-08-19
12677,20240284,2024-07-02,11:39:06,New,Dr. R. Mahalle,400,0,0,400,400,0,0,90,2024-09-30
12678,20240284,2024-07-28,13:53:46,Old,Dr. R. Mahalle,500,0,0,500,500,0,0,60,2024-09-26
12679,20240284,2024-09-09,12:42:18,Old,Dr. R. Mahalle,300,300,0,600,600,0,0,30,2024-10-09
12680,20240284,2024-10-24,11:15:16,Old,Dr. R. Mahalle,300,300,0,600,600,0,0,,
12681,20240284,2024-12-13,10:34:56,Old,Dr. R. Mahalle,500,0,0,500,500,0,0,,
12682,20240284,2025-01-31,13:08:50,Old,Dr. R. Mahalle,500,300,0,800,800,0,0,90,2025-05-01
12683,20240284,2025-03-03,11:07:52,Old,Dr. R. Mahalle,500,0,0,500,500,0,0,90,2025-06-01
12684,20240284,2025-04-21,13:49:46,Old,Dr. R. Mahalle,300,200,0,500,500,0,0,,
12685,20240284,2025-05-22,10:40:58,Old,Dr. R. Mahalle,500,300,0,800,800,0,0,15,2025-06-06
12686,20240284,2025-07-08,10:25:33,Old,Dr. R. Mahalle,400,0,0,400,400,0,0,30,2025-08-07
12687,20240284,2025-08-11,10:12:27,Old,Dr. R. Mahalle,500,0,0,500,500,0,0,90,2025-11-09
12688,20240284,2025-09-13,09:08:46,Old,Dr. R. Mahalle,300,200,0,500,500,0,0,90,2025-12-12
12689,20240284,2025-10-21,10:36:22,Old,Dr. R. Mahalle,400,0,0,400,400,0,0,30,2025-11-20
12690,20240284,2025-11-12,09:25:47,Old,Dr. R. Mahalle,500,0,0,500,500,0,0,15,2025-11-27
12691,20240284,2025-12-20,13:37:50,Old,Dr. R. Mahalle,300,300,0,600,600,0,0,,
12692,20240284,2026-02-05,12:27:01,Old,Dr. R. Mahalle,500,0,0,500,500,0,0,,
12693,20240284,2026-03-12,11:07:09,Old,Dr. R. Mahalle,300,200,0,500,500,0,0,30,2026-04-11
12694,20240284,2026-04-20,10:39:40,Old,Dr. R. Mahalle,500,200,0,700,700,0,0,,
12695,20240284,2026-05-16,11:36:23,Old,Dr. R. Mahalle,500,300,0,800,800,0,0,60,2026-07-15
12696,20240284,2026-06-10,12:32:54,Old,Dr. R. Mahalle,400,300,0,700,700,0,0,90,2026-09-08
12697,20240284,2026-07-14,13:06:26,Old,Dr. R. Mahalle,500,0,0,500,500,0,0,60,2026-09-12
12698,20240284,2026-08-25,11:56:43,Old,Dr. R. Mahalle,500,200,0,700,700,0,0,,
12699,20240285,2023-12-22,12:40:30,New,Dr. R. Mahalle,300,0,0,300,300,0,0,60,2024-02-20
12700,20240285,2024-02-16,12:26:40,Old,Dr. R. Mahalle,300,0,0,300,300,0,0,15,2024-03-02
12701,20240285,2024-04-22,09:24:54,Old,Dr. R. Mahalle,400,0,0,400,400,0,0,,
12702,20240285,2024-06-13,09:32:48,Old,Dr. R. Mahalle,400,300,0,700,700,0,0,30,2024-07-13
12703,20240285,2024-08-18,09:41:49,Old,Dr. R. Mahalle,400,0,0,400,200,0,200,90,2024-11-16
12704,20240285,2024-10-28,12:26:42,Old,Dr. R. Mahalle,400,300,0,700,700,0,0,30,2024-11-27
12705,20240285,2024-12-29,11:57:55,Old,Dr. R. Mahalle,500,0,0,500,500,0,0,,
12706,20240285,2025-02-21,11:48:51,Old,Dr. R. Mahalle,300,0,0,300,300,0,0,15,2025-03-08
12707,20240285,2025-04-24,10:54:41,Old,Dr. R. Mahalle,400,0,0,400,400,0,0,60,2025-06-23
12708,20240285,2025-06-20,12:16:26,Old,Dr. R. Mahalle,500,0,0,500,500,0,0,30,2025-07-20
12709,20240285,2025-09-01,09:23:04,Old,Dr. R. Mahalle,400,200,0,600,600,0,0,30,2025-10-01
12710,20240285,2025-11-06,13:04:05,Old,Dr. R. Mahalle,400,0,0,400,400,0,0,30,2025-12-06
12711,20240285,2025-12-29,13:00:48,Old,Dr. R. Mahalle,300,300,0,600,600,0,0,15,2026-01-13
12712,20240285,2026-03-12,12:44:06,Old,Dr. R. Mahalle,500,200,0,700,700,0,0,60,2026-05-11
12713,20240285,2026-05-29,10:31:59,Old,Dr. R. Mahalle,300,300,0,600,600,0,0,60,2026-07-28
12714,20240285,2026-08-07,10:52:20,Old,Dr. R. Mahalle,300,200,0,500,500,0,0,15,2026-08-22
12715,20240286,2024-11-13,09:43:53,New,Dr. Ashwin Sadavarte,400,0,0,400,400,0,0,90,2025-02-11
12716,20240286,2025-01-31,11:45:29,Old,Dr. Ashwin Sadavarte,500,300,0,800,800,0,0,15,2025-02-15
12717,20240286,2025-04-21,12:44:05,Old,Dr. Ashwin Sadavarte,300,0,0,300,300,0,0,15,2025-05-06
12718,20240286,2025-06-28,09:45:14,Old,Dr. Ashwin Sadavarte,300,0,0,300,300,0,0,30,2025-07-28
12719,20240286,2025-09-06,13:59:16,Old,Dr. Ashwin Sadavarte,500,0,0,500,500,0,0,,
12720,20240286,2025-11-06,12:27:36,Old,Dr. Ashwin Sadavarte,500,300,0,800,800,0,0,,
12721,20240286,2026-01-14,09:30:38,Old,Dr. Ashwin Sadavarte,500,0,0,500,500,0,0,60,2026-03-15
12722,20240286,2026-03-07,13:32:53,Old,Dr. Ashwin Sadavarte,300,0,0,300,300,0,0,60,2026-05-06
12723,20240286,2026-05-05,10:36:02,Old,Dr. Ashwin Sadavarte,500,0,0,500,500,0,0,30,2026-06-04
12724,20240286,2026-07-11,12:46:48,Old,Dr. Ashwin Sadavarte,300,0,0,300,300,0,0,,
12725,20240286,2026-09-07,10:12:11,Old,Dr. Ashwin Sadavarte,400,200,0,600,600,0,0,60,2026-11-06
12726,20240287,2023-08-14,12:57:45,New,Dr. Ashwin Sadavarte,500,300,0,800,200,0,600,90,2023-11-12
12727,20240287,2023-11-01,09:18:45,Old,Dr. Ashwin Sadavarte,500,0,0,500,500,0,0,30,2023-12-01
12728,20240287,2024-01-01,09:18:55,Old,Dr. Ashwin Sadavarte,300,200,0,500,500,0,0,60,2024-03-01
12729,20240287,2024-03-12,11:04:22,Old,Dr. Ashwin Sadavarte,300,200,0,500,500,0,0,60,2024-05-11
12730,20240287,2024-05-06,13:44:12,Old,Dr. Ashwin Sadavarte,400,0,0,400,400,0,0,60,2024-07-05
12731,20240287,2024-07-06,12:37:00,Old,Dr. Ashwin Sadavarte,500,200,0,700,700,0,0,60,2024-09-04
12732,20240287,2024-09-14,10:11:34,Old,Dr. Ashwin Sadavarte,300,300,0,600,600,0,0,30,2024-10-14
12733,20240287,2024-11-17,09:34:19,Old,Dr. Ashwin Sadavarte,500,0,0,500,500,0,0,30,2024-12-17
12734,20240287,2025-07-07,09:49:18,Old,Dr. Ashwin Sadavarte,500,0,0,500,500,0,0,15,2025-07-22
12735,20240287,2025-09-01,13:22:36,Old,Dr. Ashwin Sadavarte,300,200,0,500,100,0,400,60,2025-10-31
12736,20240287,2025-11-13,12:21:11,Old,Dr. Ashwin Sadavarte,500,0,0,500,500,0,0,15,2025-11-28
12737,20240287,2026-05-24,13:23:52,Old,Dr. Ashwin Sadavarte,400,300,0,700,700,0,0,30,2026-06-23
12738,20240288,2024-09-03,10:22:41,New,Dr. Ashwin Sadavarte,400,200,0,600,200,0,400,15,2024-09-18
12739,20240288,2024-12-04,09:24:23,Old,Dr. Ashwin Sadavarte,400,0,0,400,400,0,0,15,2024-12-19
12740,20240288,2025-03-13,13:16:20,Old,Dr. Ashwin Sadavarte,300,200,0,500,500,0,0,,
12741,20240288,2025-06-16,13:56:08,Old,Dr. Ashwin Sadavarte,500,300,0,800,800,0,0,60,2025-08-15
12742,20240288,2025-10-02,10:20:22,Old,Dr. Ashwin Sadavarte,300,0,0,300,300,0,0,90,2025-12-31
12743,20240288,2025-12-24,13:59:12,Old,Dr. Ashwin Sadavarte,300,0,0,300,300,0,0,90,2026-03-24
12744,20240288,2026-04-01,10:42:01,Old,Dr. Ashwin Sadavarte,300,0,0,300,300,0,0,30,2026-05-01
12745,20240288,2026-07-18,10:38:32,Old,Dr. Ashwin Sadavarte,500,0,0,500,500,0,0,30,2026-08-17
12746,20240289,2023-08-26,13:49:31,New,Dr. Ashwin Sadavarte,400,200,0,600,600,0,0,30,2023-09-25
12747,20240289,2023-10-06,11:40:47,Old,Dr. Ashwin Sadavarte,500,300,0,800,800,0,0,60,2023-12-05
12748,20240289,2023-11-02,13:08:52,Old,Dr. Ashwin Sadavarte,500,0,0,500,500,0,0,60,2024-01-01
12749,20240289,2023-12-17,12:54:50,Old,Dr. Ashwin Sadavarte,500,200,0,700,700,0,0,,
12750,20240289,2024-01-28,13:24:44,Old,Dr. Ashwin Sadavarte,300,0,0,300,300,0,0,60,2024-03-28
12751,20240289,2024-03-03,10:48:39,Old,Dr. Ashwin Sadavarte,500,300,0,800,800,0,0,30,2024-04-02
12752,20240289,2024-04-21,10:13:04,Old,Dr. Ashwin Sadavarte,500,0,0,500,500,0,0,90,2024-07-20
12753,20240289,2024-05-24,11:40:15,Old,Dr. Ashwin Sadavarte,300,200,0,500,500,0,0,,
12754,20240289,2024-06-17,09:27:06,Old,Dr. Ashwin Sadavarte,300,0,0,300,300,0,0,90,2024-09-15
12755,20240289,2024-07-11,12:13:02,Old,Dr. Ashwin Sadavarte,300,300,0,600,600,0,0,30,2024-08-10
12756,20240289,2024-08-24,11:39:50,Old,Dr. Ashwin Sadavarte,400,0,0,400,400,0,0,90,2024-11-22
12757,20240289,2024-10-04,10:44:07,Old,Dr. Ashwin Sadavarte,300,0,0,300,300,0,0,,
12758,20240289,2024-10-30,13:12:48,Old,Dr. Ashwin Sadavarte,400,0,0,400,400,0,0,60,2024-12-29
12759,20240289,2024-12-17,12:55:46,Old,Dr. Ashwin Sadavarte,300,0,0,300,300,0,0,15,2025-01-01
12760,20240289,2025-01-08,13:55:44,Old,Dr. Ashwin Sadavarte,400,0,0,400,100,0,300,60,2025-03-09
12761,20240289,2025-02-08,10:56:48,Old,Dr. Ashwin Sadavarte,400,200,0,600,600,0,0,60,2025-04-09
12762,20240289,2025-03-13,13:06:15,Old,Dr. Ashwin Sadavarte,300,0,0,300,300,0,0,15,2025-03-28
12763,20240289,2025-04-10,12:11:09,Old,Dr. Ashwin Sadavarte,400,0,0,400,400,0,0,,
12764,20240289,2025-05-04,11:40:43,Old,Dr. Ashwin Sadavarte,300,0,0,300,300,0,0,60,2025-07-03
12765,20240289,2025-06-05,13:49:08,Old,Dr. Ashwin Sadavarte,300,0,0,300,300,0,0,60,2025-08-04
12766,20240289,2025-07-19,11:00:33,Old,Dr. Ashwin Sadavarte,400,0,0,400,400,0,0,30,2025-08-18
12767,20240289,2025-08-24,13:32:57,Old,Dr. Ashwin Sadavarte,300,0,0,300,300,0,0,60,2025-10-23
12768,20240289,2025-10-05,09:21:01,Old,Dr. Ashwin Sadavarte,300,0,0,300,300,0,0,60,2025-12-04
12769,20240289,2025-11-21,10:30:27,Old,Dr. Ashwin Sadavarte,300,0,0,300,300,0,0,15,2025-12-06
12770,20240289,2026-01-06,12:00:13,Old,Dr. Ashwin Sadavarte,500,200,0,700,700,0,0,,
12771,20240289,2026-01-28,11:40:03,Old,Dr. Ashwin Sadavarte,300,0,0,300,0,0,300,60,2026-03-29
12772,20240289,2026-02-25,10:24:46,Old,Dr. Ashwin Sadavarte,300,0,0,300,300,0,0,60,2026-04-26
12773,20240289,2026-04-12,10:14:33,Old,Dr. Ashwin Sadavarte,300,0,0,300,300,0,0,30,2026-05-12
12774,20240289,2026-05-11,10:47:22,Old,Dr. Ashwin Sadavarte,500,300,0,800,800,0,0,30,2026-06-10
12775,20240289,2026-06-30,12:32:40,Old,Dr. Ashwin Sadavarte,300,0,0,300,300,0,0,60,2026-08-29
12776,20240289,2026-08-19,12:32:44,Old,Dr. Ashwin Sadavarte,300,200,0,500,500,0,0,60,2026-10-18
12777,20240290,2024-07-14,09:55:34,New,Dr. Ashwin Sadavarte,500,0,0,500,500,0,0,60,2024-09-12
12778,20240290,2024-08-27,11:41:06,Old,Dr. Ashwin Sadavarte,500,0,0,500,500,0,0,60,2024-10-26
12779,20240290,2024-10-02,09:51:37,Old,Dr. Ashwin Sadavarte,300,0,0,300,300,0,0,,
12780,20240290,2024-11-08,13:06:11,Old,Dr. Ashwin Sadavarte,500,200,0,700,700,0,0,30,2024-12-08
12781,20240290,2024-12-11,09:28:39,Old,Dr. Ashwin Sadavarte,300,300,0,600,600,0,0,15,2024-12-26
12782,20240290,2025-01-24,11:48:32,Old,Dr. Ashwin Sadavarte,400,200,0,600,600,0,0,15,2025-02-08
12783,20240290,2025-02-27,11:48:34,Old,Dr. Ashwin Sadavarte,400,300,0,700,700,0,0,60,2025-04-28
12784,20240290,2025-04-01,11:38:52,Old,Dr. Ashwin Sadavarte,400,0,0,400,400,0,0,60,2025-05-31
12785,20240290,2025-05-08,13:33:50,Old,Dr. Ashwin Sadavarte,500,0,0,500,500,0,0,60,2025-07-07
12786,20240290,2025-06-21,13:14:55,Old,Dr. Ashwin Sadavarte,500,300,0,800,800,0,0,60,2025-08-20
12787,20240290,2025-07-13,13:01:16,Old,Dr. Ashwin Sadavarte,300,0,0,300,300,0,0,60,2025-09-11
12788,20240290,2025-08-08,11:57:56,Old,Dr. Ashwin Sadavarte,300,0,0,300,300,0,0,30,2025-09-07
12789,20240290,2025-09-06,12:05:28,Old,Dr. Ashwin Sadavarte,300,0,0,300,300,0,0,,
12790,20240290,2025-09-30,13:37:08,Old,Dr. Ashwin Sadavarte,500,0,0,500,500,0,0,30,2025-10-30
12791,20240290,2025-11-03,10:51:03,Old,Dr. Ashwin Sadavarte,400,0,0,400,400,0,0,90,2026-02-01
12792,20240290,2025-11-30,12:57:27,Old,Dr. Ashwin Sadavarte,300,0,0,300,300,0,0,60,2026-01-29
12793,20240290,2026-01-08,13:37:31,Old,Dr. Ashwin Sadavarte,400,300,0,700,700,0,0,,
12794,20240290,2026-02-06,12:01:46,Old,Dr. Ashwin Sadavarte,400,200,0,600,600,0,0,,
12795,20240290,2026-03-21,11:59:35,Old,Dr. Ashwin Sadavarte,500,0,0,500,500,0,0,15,2026-04-05
12796,20240290,2026-04-17,13:34:11,Old,Dr. Ashwin Sadavarte,300,0,0,300,300,0,0,15,2026-05-02
12797,20240290,2026-05-28,11:18:11,Old,Dr. Ashwin Sadavarte,300,300,0,600,600,0,0,30,2026-06-27
12798,20240290,2026-07-06,11:15:27,Old,Dr. Ashwin Sadavarte,300,200,0,500,500,0,0,30,2026-08-05
12799,20240290,2026-08-18,11:26:58,Old,Dr. Ashwin Sadavarte,300,300,0,600,600,0,0,30,2026-09-17
12800,20240290,2026-09-16,13:42:40,Old,Dr. Ashwin Sadavarte,500,0,0,500,500,0,0,30,2026-10-16
12801,20240291,2024-07-15,12:15:01,New,Dr. R. Mahalle,300,0,0,300,300,0,0,,
12802,20240291,2024-10-09,10:30:03,Old,Dr. R. Mahalle,500,200,0,700,700,0,0,90,2025-01-07
12803,20240291,2025-01-27,09:18:27,Old,Dr. R. Mahalle,300,0,0,300,300,0,0,30,2025-02-26
12804,20240291,2025-05-02,11:34:50,Old,Dr. R. Mahalle,300,200,0,500,500,0,0,30,2025-06-01
12805,20240291,2025-10-28,13:30:49,Old,Dr. R. Mahalle,300,0,0,300,100,0,200,15,2025-11-12
12806,20240291,2026-07-13,13:06:13,Old,Dr. R. Mahalle,500,0,0,500,500,0,0,60,2026-09-11
12807,20240292,2025-06-16,09:30:51,New,Dr. Ashwin Sadavarte,400,200,0,600,600,0,0,30,2025-07-16
12808,20240292,2025-08-31,09:24:14,Old,Dr. Ashwin Sadavarte,300,0,0,300,300,0,0,90,2025-11-29
12809,20240292,2025-10-29,12:57:45,Old,Dr. Ashwin Sadavarte,400,0,0,400,400,0,0,60,2025-12-28
12810,20240292,2025-12-25,12:02:47,Old,Dr. Ashwin Sadavarte,400,200,0,600,600,0,0,30,2026-01-24
12811,20240292,2026-02-21,13:13:53,Old,Dr. Ashwin Sadavarte,500,0,0,500,500,0,0,15,2026-03-08
12812,20240292,2026-04-23,13:48:06,Old,Dr. Ashwin Sadavarte,300,300,0,600,600,0,0,60,2026-06-22
12813,20240292,2026-06-22,09:36:52,Old,Dr. Ashwin Sadavarte,500,0,0,500,500,0,0,15,2026-07-07
12814,20240292,2026-08-31,10:46:00,Old,Dr. Ashwin Sadavarte,400,300,0,700,700,0,0,60,2026-10-30
12815,20240293,2024-04-29,13:05:04,New,Dr. Ashwin Sadavarte,500,0,0,500,500,0,0,60,2024-06-28
12816,20240293,2024-07-06,12:06:49,Old,Dr. Ashwin Sadavarte,400,0,0,400,400,0,0,90,2024-10-04
12817,20240293,2024-09-07,13:13:29,Old,Dr. Ashwin Sadavarte,300,0,0,300,300,0,0,30,2024-10-07
12818,20240293,2024-11-01,09:27:08,Old,Dr. Ashwin Sadavarte,400,0,0,400,400,0,0,,
12819,20240293,2025-01-17,13:36:10,Old,Dr. Ashwin Sadavarte,400,0,0,400,400,0,0,30,2025-02-16
12820,20240293,2025-03-30,10:10:50,Old,Dr. Ashwin Sadavarte,500,300,0,800,800,0,0,,
12821,20240293,2025-05-22,09:41:53,Old,Dr. Ashwin Sadavarte,400,0,0,400,100,0,300,60,2025-07-21
12822,20240293,2025-07-15,12:59:51,Old,Dr. Ashwin Sadavarte,400,0,0,400,400,0,0,30,2025-08-14
12823,20240293,2025-09-19,13:29:33,Old,Dr. Ashwin Sadavarte,300,300,0,600,600,0,0,30,2025-10-19
12824,20240293,2025-12-01,13:18:41,Old,Dr. Ashwin Sadavarte,500,0,0,500,500,0,0,15,2025-12-16
12825,20240293,2026-02-19,12:49:13,Old,Dr. Ashwin Sadavarte,500,0,0,500,500,0,0,60,2026-04-20
12826,20240293,2026-04-22,10:21:42,Old,Dr. Ashwin Sadavarte,400,300,0,700,700,0,0,30,2026-05-22
12827,20240293,2026-06-16,10:14:22,Old,Dr. Ashwin Sadavarte,500,0,0,500,500,0,0,,
12828,20240293,2026-08-20,11:52:51,Old,Dr. Ashwin Sadavarte,500,300,0,800,800,0,0,60,2026-10-19
12829,20240294,2025-05-14,13:24:08,New,Dr. R. Mahalle,400,200,0,600,600,0,0,30,2025-06-13
12830,20240294,2025-08-27,09:55:58,Old,Dr. R. Mahalle,500,0,0,500,500,0,0,90,2025-11-25
12831,20240294,2025-11-25,10:18:54,Old,Dr. R. Mahalle,300,0,0,300,300,0,0,30,2025-12-25
12832,20240294,2026-03-14,10:19:22,Old,Dr. R. Mahalle,400,0,0,400,400,0,0,90,2026-06-12
12833,20240294,2026-06-16,09:54:39,Old,Dr. R. Mahalle,400,0,0,400,400,0,0,60,2026-08-15
12834,20240295,2026-08-04,13:19:55,New,Dr. R. Mahalle,300,300,0,600,600,0,0,15,2026-08-19
12835,20240296,2024-06-28,12:01:18,New,Dr. Ashwin Sadavarte,500,0,0,500,500,0,0,60,2024-08-27
12836,20240296,2024-08-19,10:28:04,Old,Dr. Ashwin Sadavarte,400,0,0,400,200,0,200,,
12837,20240296,2024-11-03,10:39:14,Old,Dr. Ashwin Sadavarte,400,0,0,400,400,0,0,,
12838,20240296,2025-01-16,10:52:12,Old,Dr. Ashwin Sadavarte,300,200,0,500,500,0,0,15,2025-01-31
12839,20240296,2025-03-16,11:07:47,Old,Dr. Ashwin Sadavarte,400,0,0,400,400,0,0,30,2025-04-15
12840,20240296,2025-05-12,10:22:01,Old,Dr. Ashwin Sadavarte,300,200,0,500,500,0,0,30,2025-06-11
12841,20240296,2025-07-18,09:03:53,Old,Dr. Ashwin Sadavarte,400,300,0,700,700,0,0,15,2025-08-02
12842,20240296,2025-09-11,12:17:14,Old,Dr. Ashwin Sadavarte,500,300,0,800,800,0,0,60,2025-11-10
12843,20240296,2025-11-18,10:15:57,Old,Dr. Ashwin Sadavarte,400,0,0,400,200,0,200,90,2026-02-16
12844,20240297,2024-09-09,10:56:50,New,Dr. Ashwin Sadavarte,500,200,0,700,700,0,0,30,2024-10-09
12845,20240297,2024-11-03,09:10:49,Old,Dr. Ashwin Sadavarte,300,200,0,500,500,0,0,30,2024-12-03
12846,20240297,2025-08-01,09:55:48,Old,Dr. Ashwin Sadavarte,400,300,0,700,700,0,0,,
12847,20240297,2025-10-04,13:47:13,Old,Dr. Ashwin Sadavarte,500,0,0,500,500,0,0,90,2026-01-02
12848,20240297,2025-12-04,09:37:01,Old,Dr. Ashwin Sadavarte,500,0,0,500,500,0,0,60,2026-02-02
12849,20240297,2026-02-09,13:16:07,Old,Dr. Ashwin Sadavarte,400,200,0,600,600,0,0,,
12850,20240297,2026-04-25,11:35:43,Old,Dr. Ashwin Sadavarte,500,0,0,500,500,0,0,90,2026-07-24
12851,20240298,2024-09-09,10:02:34,New,Dr. R. Mahalle,500,0,0,500,500,0,0,30,2024-10-09
12852,20240298,2024-11-01,13:51:03,Old,Dr. R. Mahalle,400,0,0,400,400,0,0,60,2024-12-31
12853,20240298,2024-12-26,11:50:44,Old,Dr. R. Mahalle,300,0,0,300,300,0,0,90,2025-03-26
12854,20240298,2025-03-03,09:40:10,Old,Dr. R. Mahalle,400,0,0,400,400,0,0,30,2025-04-02
12855,20240298,2025-05-09,11:32:38,Old,Dr. R. Mahalle,300,300,0,600,600,0,0,30,2025-06-08
12856,20240298,2025-07-01,12:01:19,Old,Dr. R. Mahalle,500,300,0,800,800,0,0,15,2025-07-16
12857,20240298,2025-08-23,13:28:44,Old,Dr. R. Mahalle,400,300,0,700,700,0,0,30,2025-09-22
12858,20240298,2025-11-04,12:59:16,Old,Dr. R. Mahalle,400,0,0,400,400,0,0,60,2026-01-03
12859,20240299,2024-11-16,10:46:35,New,Dr. R. Mahalle,400,300,0,700,700,0,0,30,2024-12-16
12860,20240299,2025-01-18,12:08:54,Old,Dr. R. Mahalle,500,300,0,800,800,0,0,90,2025-04-18
12861,20240299,2025-04-01,09:18:17,Old,Dr. R. Mahalle,300,0,0,300,300,0,0,30,2025-05-01
12862,20240299,2025-06-17,12:04:31,Old,Dr. R. Mahalle,500,300,0,800,800,0,0,30,2025-07-17
12863,20240299,2025-08-09,13:44:43,Old,Dr. R. Mahalle,400,0,0,400,400,0,0,60,2025-10-08
12864,20240299,2025-10-22,10:52:33,Old,Dr. R. Mahalle,400,0,0,400,400,0,0,60,2025-12-21
12865,20240299,2026-01-04,11:03:10,Old,Dr. R. Mahalle,300,300,0,600,600,0,0,60,2026-03-05
12866,20240299,2026-03-24,12:10:58,Old,Dr. R. Mahalle,400,0,0,400,400,0,0,30,2026-04-23
12867,20240299,2026-05-25,09:20:21,Old,Dr. R. Mahalle,500,200,0,700,700,0,0,90,2026-08-23
12868,20240299,2026-08-10,10:22:04,Old,Dr. R. Mahalle,400,0,0,400,400,0,0,90,2026-11-08
12869,20240300,2023-09-26,11:54:30,New,Dr. Ashwin Sadavarte,400,0,0,400,400,0,0,60,2023-11-25
12870,20240300,2023-10-28,10:58:21,Old,Dr. Ashwin Sadavarte,500,300,0,800,800,0,0,,
12871,20240300,2023-11-20,09:23:59,Old,Dr. Ashwin Sadavarte,500,300,0,800,800,0,0,,
12872,20240300,2023-12-27,11:24:58,Old,Dr. Ashwin Sadavarte,500,0,0,500,500,0,0,60,2024-02-25
12873,20240300,2024-01-23,13:55:46,Old,Dr. Ashwin Sadavarte,500,0,0,500,500,0,0,90,2024-04-22
12874,20240300,2024-03-07,13:43:51,Old,Dr. Ashwin Sadavarte,400,300,0,700,0,0,700,30,2024-04-06
12875,20240300,2024-04-16,13:31:08,Old,Dr. Ashwin Sadavarte,500,300,0,800,800,0,0,90,2024-07-15
12876,20240300,2024-05-11,10:17:46,Old,Dr. Ashwin Sadavarte,500,0,0,500,500,0,0,15,2024-05-26
12877,20240300,2024-06-30,13:58:08,Old,Dr. Ashwin Sadavarte,300,0,0,300,300,0,0,60,2024-08-29
12878,20240300,2024-08-10,12:03:41,Old,Dr. Ashwin Sadavarte,500,0,0,500,500,0,0,30,2024-09-09
12879,20240300,2024-09-14,12:13:19,Old,Dr. Ashwin Sadavarte,500,200,0,700,700,0,0,15,2024-09-29
12880,20240300,2024-10-07,13:23:13,Old,Dr. Ashwin Sadavarte,400,200,0,600,600,0,0,,
12881,20240300,2024-11-18,13:46:37,Old,Dr. Ashwin Sadavarte,300,0,0,300,300,0,0,90,2025-02-16
12882,20240300,2024-12-23,10:50:35,Old,Dr. Ashwin Sadavarte,300,0,0,300,300,0,0,30,2025-01-22
12883,20240300,2025-01-17,10:51:56,Old,Dr. Ashwin Sadavarte,300,0,0,300,300,0,0,30,2025-02-16
12884,20240300,2025-02-16,10:08:18,Old,Dr. Ashwin Sadavarte,500,300,0,800,800,0,0,15,2025-03-03
12885,20240300,2025-03-19,10:34:09,Old,Dr. Ashwin Sadavarte,400,200,0,600,600,0,0,90,2025-06-17
12886,20240300,2025-04-29,11:02:47,Old,Dr. Ashwin Sadavarte,300,200,0,500,500,0,0,30,2025-05-29
12887,20240300,2025-05-30,10:45:34,Old,Dr. Ashwin Sadavarte,500,0,0,500,500,0,0,60,2025-07-29
12888,20240300,2025-07-13,11:59:02,Old,Dr. Ashwin Sadavarte,300,200,0,500,500,0,0,30,2025-08-12
12889,20240301,2025-04-15,11:16:22,New,Dr. Ashwin Sadavarte,300,0,0,300,0,0,300,30,2025-05-15
12890,20240301,2025-06-19,11:03:08,Old,Dr. Ashwin Sadavarte,300,300,0,600,600,0,0,60,2025-08-18
12891,20240301,2025-08-13,12:38:26,Old,Dr. Ashwin Sadavarte,400,300,0,700,700,0,0,15,2025-08-28
12892,20240301,2025-10-07,10:50:59,Old,Dr. Ashwin Sadavarte,300,0,0,300,300,0,0,30,2025-11-06
12893,20240301,2025-12-24,10:14:35,Old,Dr. Ashwin Sadavarte,300,0,0,300,300,0,0,90,2026-03-24
12894,20240301,2026-02-21,11:16:49,Old,Dr. Ashwin Sadavarte,300,0,0,300,300,0,0,90,2026-05-22
12895,20240301,2026-04-20,11:38:39,Old,Dr. Ashwin Sadavarte,500,0,0,500,500,0,0,15,2026-05-05
12896,20240301,2026-06-26,13:11:32,Old,Dr. Ashwin Sadavarte,500,0,0,500,500,0,0,60,2026-08-25
12897,20240301,2026-08-24,09:06:43,Old,Dr. Ashwin Sadavarte,500,0,0,500,500,0,0,,
12898,20240302,2025-06-05,10:26:40,New,Dr. R. Mahalle,400,0,0,400,400,0,0,30,2025-07-05
12899,20240302,2025-08-22,12:11:29,Old,Dr. R. Mahalle,500,200,0,700,200,0,500,90,2025-11-20
12900,20240302,2025-10-26,11:48:51,Old,Dr. R. Mahalle,500,0,0,500,500,0,0,30,2025-11-25
12901,20240302,2025-12-28,13:00:30,Old,Dr. R. Mahalle,500,0,0,500,500,0,0,60,2026-02-26
12902,20240302,2026-02-27,11:20:18,Old,Dr. R. Mahalle,400,0,0,400,400,0,0,15,2026-03-14
12903,20240303,2026-09-11,12:05:05,New,Dr. Ashwin Sadavarte,400,200,0,600,600,0,0,60,2026-11-10
12904,20240304,2025-01-02,10:05:59,New,Dr. R. Mahalle,300,200,0,500,500,0,0,15,2025-01-17
12905,20240304,2025-02-12,09:16:03,Old,Dr. R. Mahalle,500,0,0,500,0,0,500,60,2025-04-13
12906,20240304,2025-03-08,11:49:49,Old,Dr. R. Mahalle,300,200,0,500,500,0,0,30,2025-04-07
12907,20240304,2025-04-11,09:20:14,Old,Dr. R. Mahalle,500,0,0,500,100,0,400,90,2025-07-10
12908,20240304,2025-08-17,13:51:43,Old,Dr. R. Mahalle,500,0,0,500,200,0,300,90,2025-11-15
12909,20240304,2026-04-29,13:17:28,Old,Dr. R. Mahalle,400,0,0,400,400,0,0,60,2026-06-28
12910,20240305,2025-04-28,09:38:25,New,Dr. Ashwin Sadavarte,500,200,0,700,700,0,0,60,2025-06-27
12911,20240305,2025-06-01,12:58:04,Old,Dr. Ashwin Sadavarte,500,0,0,500,500,0,0,60,2025-07-31
12912,20240305,2025-07-17,09:34:22,Old,Dr. Ashwin Sadavarte,400,0,0,400,400,0,0,90,2025-10-15
12913,20240305,2025-08-25,10:31:02,Old,Dr. Ashwin Sadavarte,500,200,0,700,700,0,0,90,2025-11-23
12914,20240305,2025-10-11,10:05:17,Old,Dr. Ashwin Sadavarte,300,300,0,600,600,0,0,30,2025-11-10
12915,20240305,2025-11-11,10:42:36,Old,Dr. Ashwin Sadavarte,300,0,0,300,300,0,0,30,2025-12-11
12916,20240305,2025-12-29,09:36:59,Old,Dr. Ashwin Sadavarte,400,0,0,400,0,0,400,60,2026-02-27
12917,20240305,2026-02-15,09:11:40,Old,Dr. Ashwin Sadavarte,400,0,0,400,400,0,0,90,2026-05-16
12918,20240305,2026-03-23,13:39:09,Old,Dr. Ashwin Sadavarte,400,0,0,400,400,0,0,30,2026-04-22
12919,20240305,2026-05-06,09:39:29,Old,Dr. Ashwin Sadavarte,400,300,0,700,100,0,600,15,2026-05-21
12920,20240305,2026-06-13,09:55:36,Old,Dr. Ashwin Sadavarte,400,200,0,600,200,0,400,60,2026-08-12
12921,20240305,2026-07-06,12:33:53,Old,Dr. Ashwin Sadavarte,500,200,0,700,700,0,0,60,2026-09-04
12922,20240305,2026-08-06,09:31:22,Old,Dr. Ashwin Sadavarte,300,0,0,300,300,0,0,,
12923,20240305,2026-08-28,12:51:54,Old,Dr. Ashwin Sadavarte,400,0,0,400,400,0,0,,
12924,20240306,2026-08-14,11:09:39,New,Dr. Ashwin Sadavarte,500,0,0,500,500,0,0,30,2026-09-13
12925,20240307,2024-07-12,10:46:26,New,Dr. Ashwin Sadavarte,400,200,0,600,600,0,0,60,2024-09-10
12926,20240307,2024-09-22,10:44:18,Old,Dr. Ashwin Sadavarte,500,0,0,500,500,0,0,30,2024-10-22
12927,20240307,2024-11-27,09:24:12,Old,Dr. Ashwin Sadavarte,400,0,0,400,400,0,0,30,2024-12-27
12928,20240307,2025-01-29,11:59:54,Old,Dr. Ashwin Sadavarte,300,300,0,600,600,0,0,60,2025-03-30
12929,20240307,2025-04-02,12:51:18,Old,Dr. Ashwin Sadavarte,300,0,0,300,300,0,0,60,2025-06-01
12930,20240307,2025-05-27,13:15:52,Old,Dr. Ashwin Sadavarte,500,200,0,700,0,0,700,30,2025-06-26
12931,20240307,2025-08-15,12:00:20,Old,Dr. Ashwin Sadavarte,400,0,0,400,400,0,0,30,2025-09-14
12932,20240307,2025-10-15,11:50:18,Old,Dr. Ashwin Sadavarte,400,300,0,700,700,0,0,60,2025-12-14
12933,20240307,2025-12-29,11:44:01,Old,Dr. Ashwin Sadavarte,400,200,0,600,600,0,0,15,2026-01-13
12934,20240307,2026-02-23,09:13:51,Old,Dr. Ashwin Sadavarte,500,0,0,500,500,0,0,30,2026-03-25
12935,20240307,2026-05-08,13:23:50,Old,Dr. Ashwin Sadavarte,500,200,0,700,700,0,0,60,2026-07-07
12936,20240307,2026-06-29,09:38:18,Old,Dr. Ashwin Sadavarte,300,200,0,500,500,0,0,90,2026-09-27
12937,20240307,2026-09-14,10:13:06,Old,Dr. Ashwin Sadavarte,500,0,0,500,500,0,0,60,2026-11-13
12938,20240308,2023-09-07,13:58:58,New,Dr. Ashwin Sadavarte,300,0,0,300,300,0,0,30,2023-10-07
12939,20240308,2023-12-12,12:11:25,Old,Dr. Ashwin Sadavarte,400,0,0,400,400,0,0,30,2024-01-11
12940,20240308,2024-03-07,09:23:03,Old,Dr. Ashwin Sadavarte,500,200,0,700,700,0,0,15,2024-03-22
12941,20240308,2024-06-06,09:24:03,Old,Dr. Ashwin Sadavarte,300,300,0,600,600,0,0,60,2024-08-05
12942,20240308,2024-09-12,09:47:50,Old,Dr. Ashwin Sadavarte,500,0,0,500,500,0,0,60,2024-11-11
12943,20240308,2024-12-10,10:47:25,Old,Dr. Ashwin Sadavarte,300,0,0,300,200,0,100,90,2025-03-10
12944,20240308,2025-03-03,12:09:55,Old,Dr. Ashwin Sadavarte,500,0,0,500,500,0,0,30,2025-04-02
12945,20240308,2025-05-30,11:07:03,Old,Dr. Ashwin Sadavarte,500,300,0,800,800,0,0,90,2025-08-28
12946,20240308,2025-09-17,10:46:02,Old,Dr. Ashwin Sadavarte,300,300,0,600,600,0,0,60,2025-11-16
12947,20240308,2025-12-23,11:22:48,Old,Dr. Ashwin Sadavarte,500,0,0,500,500,0,0,15,2026-01-07
12948,20240308,2026-03-25,09:48:30,Old,Dr. Ashwin Sadavarte,400,300,0,700,700,0,0,60,2026-05-24
12949,20240308,2026-07-11,11:37:22,Old,Dr. Ashwin Sadavarte,300,300,0,600,600,0,0,30,2026-08-10
12950,20240309,2024-04-26,11:19:13,New,Dr. Ashwin Sadavarte,300,0,0,300,300,0,0,90,2024-07-25
12951,20240309,2024-07-08,11:39:58,Old,Dr. Ashwin Sadavarte,400,300,0,700,700,0,0,15,2024-07-23
12952,20240309,2024-09-05,09:58:46,Old,Dr. Ashwin Sadavarte,300,0,0,300,300,0,0,15,2024-09-20
12953,20240309,2024-10-31,09:02:51,Old,Dr. Ashwin Sadavarte,300,0,0,300,300,0,0,90,2025-01-29
12954,20240309,2025-01-17,13:26:34,Old,Dr. Ashwin Sadavarte,300,0,0,300,300,0,0,60,2025-03-18
12955,20240309,2025-03-29,09:05:59,Old,Dr. Ashwin Sadavarte,500,0,0,500,500,0,0,30,2025-04-28
12956,20240309,2025-05-24,12:27:29,Old,Dr. Ashwin Sadavarte,500,300,0,800,800,0,0,30,2025-06-23
12957,20240309,2025-08-07,12:51:16,Old,Dr. Ashwin Sadavarte,400,0,0,400,400,0,0,60,2025-10-06
12958,20240309,2025-10-02,13:56:24,Old,Dr. Ashwin Sadavarte,400,300,0,700,700,0,0,30,2025-11-01
12959,20240309,2025-11-23,09:48:36,Old,Dr. Ashwin Sadavarte,400,200,0,600,600,0,0,30,2025-12-23
12960,20240309,2026-01-16,13:47:55,Old,Dr. Ashwin Sadavarte,400,200,0,600,600,0,0,,
12961,20240309,2026-04-01,10:03:21,Old,Dr. Ashwin Sadavarte,300,0,0,300,300,0,0,30,2026-05-01
12962,20240309,2026-06-14,10:14:02,Old,Dr. Ashwin Sadavarte,500,300,0,800,800,0,0,30,2026-07-14
12963,20240309,2026-08-27,11:45:04,Old,Dr. Ashwin Sadavarte,500,0,0,500,200,0,300,15,2026-09-11
12964,20240310,2025-01-13,12:25:43,New,Dr. Ashwin Sadavarte,400,300,0,700,0,0,700,30,2025-02-12
12965,20240310,2025-02-07,12:18:22,Old,Dr. Ashwin Sadavarte,300,200,0,500,500,0,0,30,2025-03-09
12966,20240310,2025-03-18,11:43:56,Old,Dr. Ashwin Sadavarte,400,200,0,600,600,0,0,90,2025-06-16
12967,20240310,2025-05-06,11:38:32,Old,Dr. Ashwin Sadavarte,400,0,0,400,400,0,0,30,2025-06-05
12968,20240310,2025-06-09,11:10:07,Old,Dr. Ashwin Sadavarte,400,0,0,400,400,0,0,15,2025-06-24
12969,20240310,2025-07-21,10:21:07,Old,Dr. Ashwin Sadavarte,300,300,0,600,600,0,0,30,2025-08-20
12970,20240310,2025-08-16,13:37:34,Old,Dr. Ashwin Sadavarte,300,0,0,300,300,0,0,60,2025-10-15
12971,20240310,2025-09-07,09:06:19,Old,Dr. Ashwin Sadavarte,300,0,0,300,300,0,0,,
12972,20240310,2025-10-04,11:42:29,Old,Dr. Ashwin Sadavarte,300,300,0,600,600,0,0,30,2025-11-03
12973,20240310,2025-11-16,11:55:57,Old,Dr. Ashwin Sadavarte,300,200,0,500,500,0,0,,
12974,20240310,2025-12-24,09:13:11,Old,Dr. Ashwin Sadavarte,400,0,0,400,400,0,0,15,2026-01-08
12975,20240310,2026-01-24,10:45:17,Old,Dr. Ashwin Sadavarte,300,0,0,300,300,0,0,90,2026-04-24
12976,20240310,2026-02-17,13:29:14,Old,Dr. Ashwin Sadavarte,500,0,0,500,0,0,500,30,2026-03-19
12977,20240310,2026-03-28,09:08:19,Old,Dr. Ashwin Sadavarte,300,0,0,300,300,0,0,15,2026-04-12
12978,20240310,2026-05-15,09:24:21,Old,Dr. Ashwin Sadavarte,300,0,0,300,300,0,0,30,2026-06-14
12979,20240310,2026-06-17,10:28:14,Old,Dr. Ashwin Sadavarte,500,200,0,700,700,0,0,60,2026-08-16
12980,20240310,2026-08-04,10:20:27,Old,Dr. Ashwin Sadavarte,300,0,0,300,200,0,100,90,2026-11-02
12981,20240310,2026-09-03,11:52:52,Old,Dr. Ashwin Sadavarte,300,0,0,300,300,0,0,30,2026-10-03
12982,20240311,2023-10-31,09:29:12,New,Dr. R. Mahalle,500,0,0,500,500,0,0,15,2023-11-15
12983,20240311,2024-02-01,12:35:46,Old,Dr. R. Mahalle,300,200,0,500,500,0,0,30,2024-03-02
12984,20240311,2024-05-01,12:23:41,Old,Dr. R. Mahalle,300,300,0,600,600,0,0,30,2024-05-31
12985,20240311,2024-07-28,10:04:36,Old,Dr. R. Mahalle,300,0,0,300,300,0,0,60,2024-09-26
12986,20240311,2024-10-21,11:16:52,Old,Dr. R. Mahalle,500,0,0,500,500,0,0,60,2024-12-20
12987,20240311,2025-02-03,12:36:32,Old,Dr. R. Mahalle,300,0,0,300,300,0,0,60,2025-04-04
12988,20240311,2025-05-10,09:58:10,Old,Dr. R. Mahalle,500,200,0,700,700,0,0,30,2025-06-09
12989,20240311,2025-08-10,09:22:33,Old,Dr. R. Mahalle,400,0,0,400,400,0,0,15,2025-08-25
12990,20240311,2025-11-07,12:12:22,Old,Dr. R. Mahalle,400,0,0,400,400,0,0,60,2026-01-06
12991,20240311,2026-02-19,09:15:46,Old,Dr. R. Mahalle,400,200,0,600,600,0,0,,
12992,20240311,2026-05-13,11:58:02,Old,Dr. R. Mahalle,500,300,0,800,800,0,0,15,2026-05-28
12993,20240311,2026-08-13,12:17:32,Old,Dr. R. Mahalle,400,0,0,400,400,0,0,,
12994,20240312,2023-09-02,12:31:19,New,Dr. Ashwin Sadavarte,400,0,0,400,400,0,0,60,2023-11-01
12995,20240312,2023-12-20,13:16:33,Old,Dr. Ashwin Sadavarte,500,300,0,800,800,0,0,60,2024-02-18
12996,20240312,2024-03-30,11:16:49,Old,Dr. Ashwin Sadavarte,300,0,0,300,300,0,0,60,2024-05-29
12997,20240312,2024-11-24,10:03:42,Old,Dr. Ashwin Sadavarte,300,200,0,500,500,0,0,,
12998,20240312,2025-06-06,13:08:17,Old,Dr. Ashwin Sadavarte,500,0,0,500,500,0,0,30,2025-07-06
12999,20240312,2025-09-16,10:19:28,Old,Dr. Ashwin Sadavarte,400,0,0,400,400,0,0,30,2025-10-16
13000,20240312,2026-04-29,09:11:46,Old,Dr. Ashwin Sadavarte,500,0,0,500,500,0,0,30,2026-05-29
13001,20240313,2023-08-09,12:30:22,New,Dr. Ashwin Sadavarte,500,0,0,500,500,0,0,60,2023-10-08
13002,20240313,2023-11-04,12:36:39,Old,Dr. Ashwin Sadavarte,400,200,0,600,600,0,0,60,2024-01-03
13003,20240313,2024-02-22,11:37:11,Old,Dr. Ashwin Sadavarte,300,0,0,300,300,0,0,90,2024-05-22
13004,20240313,2024-05-23,11:34:34,Old,Dr. Ashwin Sadavarte,300,300,0,600,200,0,400,60,2024-07-22
13005,20240313,2024-08-27,13:55:40,Old,Dr. Ashwin Sadavarte,300,300,0,600,600,0,0,60,2024-10-26
13006,20240313,2024-12-11,12:12:09,Old,Dr. Ashwin Sadavarte,400,300,0,700,700,0,0,60,2025-02-09
13007,20240313,2025-10-15,11:18:44,Old,Dr. Ashwin Sadavarte,300,200,0,500,500,0,0,15,2025-10-30
13008,20240313,2026-01-20,11:46:29,Old,Dr. Ashwin Sadavarte,300,300,0,600,600,0,0,30,2026-02-19
13009,20240313,2026-04-16,10:10:02,Old,Dr. Ashwin Sadavarte,500,0,0,500,500,0,0,90,2026-07-15
13010,20240313,2026-07-31,10:28:29,Old,Dr. Ashwin Sadavarte,400,0,0,400,400,0,0,60,2026-09-29
13011,20240314,2023-09-23,10:59:26,New,Dr. R. Mahalle,400,300,0,700,700,0,0,60,2023-11-22
13012,20240314,2023-12-07,11:56:47,Old,Dr. R. Mahalle,400,200,0,600,600,0,0,30,2024-01-06
13013,20240314,2024-02-11,13:56:30,Old,Dr. R. Mahalle,400,0,0,400,400,0,0,15,2024-02-26
13014,20240314,2024-04-04,11:54:17,Old,Dr. R. Mahalle,300,300,0,600,600,0,0,15,2024-04-19
13015,20240314,2024-06-02,12:51:41,Old,Dr. R. Mahalle,400,0,0,400,400,0,0,60,2024-08-01
13016,20240314,2024-07-29,11:24:54,Old,Dr. R. Mahalle,500,0,0,500,500,0,0,60,2024-09-27
13017,20240314,2024-09-28,13:41:05,Old,Dr. R. Mahalle,400,200,0,600,600,0,0,30,2024-10-28
13018,20240314,2024-11-23,09:22:13,Old,Dr. R. Mahalle,500,0,0,500,500,0,0,90,2025-02-21
13019,20240314,2025-01-27,09:48:36,Old,Dr. R. Mahalle,500,0,0,500,500,0,0,60,2025-03-28
13020,20240314,2025-03-29,11:19:46,Old,Dr. R. Mahalle,400,0,0,400,400,0,0,,
13021,20240314,2025-06-11,09:27:21,Old,Dr. R. Mahalle,500,200,0,700,700,0,0,30,2025-07-11
13022,20240314,2025-08-23,09:43:08,Old,Dr. R. Mahalle,400,0,0,400,400,0,0,30,2025-09-22
13023,20240314,2025-10-22,12:04:33,Old,Dr. R. Mahalle,500,0,0,500,500,0,0,30,2025-11-21
13024,20240314,2026-01-05,12:59:13,Old,Dr. R. Mahalle,500,200,0,700,700,0,0,60,2026-03-06
13025,20240314,2026-03-14,12:16:36,Old,Dr. R. Mahalle,300,0,0,300,300,0,0,90,2026-06-12
13026,20240314,2026-05-20,11:44:03,Old,Dr. R. Mahalle,400,200,0,600,600,0,0,,
13027,20240314,2026-07-31,13:33:24,Old,Dr. R. Mahalle,400,200,0,600,600,0,0,60,2026-09-29
13028,20240315,2025-01-21,10:44:52,New,Dr. Ashwin Sadavarte,500,300,0,800,800,0,0,60,2025-03-22
13029,20240315,2025-03-18,13:45:30,Old,Dr. Ashwin Sadavarte,500,0,0,500,500,0,0,60,2025-05-17
13030,20240316,2025-05-28,11:45:40,New,Dr. Ashwin Sadavarte,300,0,0,300,300,0,0,60,2025-07-27
13031,20240316,2025-08-13,11:57:24,Old,Dr. Ashwin Sadavarte,400,300,0,700,700,0,0,,
13032,20240316,2025-10-22,10:41:49,Old,Dr. Ashwin Sadavarte,500,0,0,500,200,0,300,90,2026-01-20
13033,20240316,2026-07-11,11:55:52,Old,Dr. Ashwin Sadavarte,400,0,0,400,400,0,0,15,2026-07-26
13034,20240317,2026-08-21,09:06:34,New,Dr. Ashwin Sadavarte,400,200,0,600,600,0,0,15,2026-09-05
13035,20240318,2023-08-15,12:14:23,New,Dr. Ashwin Sadavarte,500,200,0,700,700,0,0,30,2023-09-14
13036,20240318,2023-11-02,13:28:07,Old,Dr. Ashwin Sadavarte,300,300,0,600,600,0,0,90,2024-01-31
13037,20240318,2024-01-12,10:18:37,Old,Dr. Ashwin Sadavarte,300,200,0,500,500,0,0,30,2024-02-11
13038,20240318,2024-03-27,13:30:02,Old,Dr. Ashwin Sadavarte,400,0,0,400,400,0,0,30,2024-04-26
13039,20240318,2024-06-15,11:47:26,Old,Dr. Ashwin Sadavarte,400,200,0,600,600,0,0,15,2024-06-30
13040,20240318,2024-08-23,10:59:29,Old,Dr. Ashwin Sadavarte,400,0,0,400,0,0,400,,
13041,20240318,2024-10-19,11:03:54,Old,Dr. Ashwin Sadavarte,300,300,0,600,600,0,0,30,2024-11-18
13042,20240318,2025-01-06,10:27:09,Old,Dr. Ashwin Sadavarte,400,200,0,600,600,0,0,30,2025-02-05
13043,20240318,2025-03-01,12:09:17,Old,Dr. Ashwin Sadavarte,500,0,0,500,0,0,500,90,2025-05-30
13044,20240318,2025-05-07,09:58:27,Old,Dr. Ashwin Sadavarte,500,200,0,700,700,0,0,15,2025-05-22
13045,20240318,2025-07-12,12:30:36,Old,Dr. Ashwin Sadavarte,500,0,0,500,500,0,0,60,2025-09-10
13046,20240318,2025-09-17,11:23:42,Old,Dr. Ashwin Sadavarte,500,0,0,500,0,0,500,30,2025-10-17
13047,20240318,2025-12-04,10:08:36,Old,Dr. Ashwin Sadavarte,500,0,0,500,500,0,0,30,2026-01-03
13048,20240319,2024-10-22,10:17:37,New,Dr. Ashwin Sadavarte,500,0,0,500,500,0,0,60,2024-12-21
13049,20240319,2025-01-22,11:34:37,Old,Dr. Ashwin Sadavarte,500,0,0,500,500,0,0,,
13050,20240319,2025-05-11,11:32:08,Old,Dr. Ashwin Sadavarte,400,0,0,400,400,0,0,60,2025-07-10
13051,20240319,2025-08-11,09:17:53,Old,Dr. Ashwin Sadavarte,300,0,0,300,300,0,0,60,2025-10-10
13052,20240319,2025-11-28,13:12:39,Old,Dr. Ashwin Sadavarte,500,300,0,800,800,0,0,60,2026-01-27
13053,20240319,2026-03-13,12:14:49,Old,Dr. Ashwin Sadavarte,400,0,0,400,400,0,0,15,2026-03-28
13054,20240319,2026-06-20,13:21:06,Old,Dr. Ashwin Sadavarte,300,0,0,300,300,0,0,,
13055,20240320,2024-10-29,10:07:29,New,Dr. R. Mahalle,300,200,0,500,500,0,0,15,2024-11-13
13056,20240320,2024-12-30,09:38:01,Old,Dr. R. Mahalle,500,200,0,700,0,0,700,,
13057,20240320,2025-03-17,09:16:16,Old,Dr. R. Mahalle,400,200,0,600,600,0,0,30,2025-04-16
13058,20240320,2025-06-02,10:02:09,Old,Dr. R. Mahalle,500,0,0,500,500,0,0,,
13059,20240320,2026-01-12,11:27:39,Old,Dr. R. Mahalle,400,200,0,600,600,0,0,60,2026-03-13
13060,20240320,2026-03-29,11:55:36,Old,Dr. R. Mahalle,300,0,0,300,200,0,100,90,2026-06-27
13061,20240321,2025-06-17,09:03:29,New,Dr. Ashwin Sadavarte,500,0,0,500,500,0,0,60,2025-08-16
13062,20240321,2025-07-22,11:58:26,Old,Dr. Ashwin Sadavarte,500,0,0,500,500,0,0,,
13063,20240321,2025-08-24,10:18:47,Old,Dr. Ashwin Sadavarte,400,300,0,700,700,0,0,60,2025-10-23
13064,20240321,2025-09-22,12:00:34,Old,Dr. Ashwin Sadavarte,500,300,0,800,800,0,0,30,2025-10-22
13065,20240321,2025-11-04,10:48:11,Old,Dr. Ashwin Sadavarte,500,0,0,500,500,0,0,,
13066,20240321,2025-12-13,11:12:59,Old,Dr. Ashwin Sadavarte,500,0,0,500,500,0,0,,
13067,20240321,2026-01-06,13:40:20,Old,Dr. Ashwin Sadavarte,400,0,0,400,400,0,0,,
13068,20240321,2026-02-09,12:54:49,Old,Dr. Ashwin Sadavarte,300,200,0,500,500,0,0,15,2026-02-24
13069,20240321,2026-03-17,11:04:57,Old,Dr. Ashwin Sadavarte,300,0,0,300,300,0,0,60,2026-05-16
13070,20240321,2026-04-29,12:53:24,Old,Dr. Ashwin Sadavarte,400,0,0,400,400,0,0,,
13071,20240321,2026-06-18,11:09:33,Old,Dr. Ashwin Sadavarte,300,0,0,300,300,0,0,60,2026-08-17
13072,20240321,2026-07-21,13:48:25,Old,Dr. Ashwin Sadavarte,500,300,0,800,800,0,0,,
13073,20240321,2026-09-06,11:54:05,Old,Dr. Ashwin Sadavarte,500,0,0,500,500,0,0,90,2026-12-05
13074,20240322,2023-09-14,11:08:39,New,Dr. R. Mahalle,300,0,0,300,300,0,0,30,2023-10-14
13075,20240322,2023-12-13,09:43:10,Old,Dr. R. Mahalle,500,0,0,500,500,0,0,30,2024-01-12
13076,20240322,2024-03-07,09:03:24,Old,Dr. R. Mahalle,400,300,0,700,700,0,0,90,2024-06-05
13077,20240322,2024-06-22,11:36:53,Old,Dr. R. Mahalle,400,200,0,600,600,0,0,30,2024-07-22
13078,20240322,2024-09-15,09:24:23,Old,Dr. R. Mahalle,400,300,0,700,700,0,0,,
13079,20240322,2024-12-12,09:01:57,Old,Dr. R. Mahalle,500,0,0,500,500,0,0,60,2025-02-10
13080,20240322,2025-03-29,09:38:15,Old,Dr. R. Mahalle,400,0,0,400,400,0,0,30,2025-04-28
13081,20240322,2025-07-14,10:11:11,Old,Dr. R. Mahalle,400,0,0,400,400,0,0,60,2025-09-12
13082,20240322,2025-11-01,09:37:06,Old,Dr. R. Mahalle,500,300,0,800,800,0,0,,
13083,20240322,2026-02-11,11:36:13,Old,Dr. R. Mahalle,500,0,0,500,500,0,0,30,2026-03-13
13084,20240322,2026-05-08,12:50:04,Old,Dr. R. Mahalle,500,0,0,500,500,0,0,60,2026-07-07
13085,20240322,2026-08-14,10:24:40,Old,Dr. R. Mahalle,400,300,0,700,700,0,0,90,2026-11-12
13086,20240323,2025-06-24,11:12:14,New,Dr. Ashwin Sadavarte,300,200,0,500,500,0,0,30,2025-07-24
13087,20240323,2025-09-04,11:19:18,Old,Dr. Ashwin Sadavarte,400,200,0,600,100,0,500,30,2025-10-04
13088,20240324,2025-11-06,11:01:49,New,Dr. Ashwin Sadavarte,400,0,0,400,400,0,0,30,2025-12-06
13089,20240325,2023-08-11,11:04:34,New,Dr. Ashwin Sadavarte,300,0,0,300,300,0,0,60,2023-10-10
13090,20240325,2023-11-27,11:40:40,Old,Dr. Ashwin Sadavarte,300,0,0,300,300,0,0,,
13091,20240325,2024-03-03,13:17:27,Old,Dr. Ashwin Sadavarte,300,0,0,300,300,0,0,15,2024-03-18
13092,20240325,2024-12-18,09:25:29,Old,Dr. Ashwin Sadavarte,400,0,0,400,400,0,0,,
13093,20240325,2025-03-23,10:56:23,Old,Dr. Ashwin Sadavarte,400,0,0,400,400,0,0,,
13094,20240325,2025-07-02,09:46:40,Old,Dr. Ashwin Sadavarte,400,300,0,700,700,0,0,60,2025-08-31
13095,20240325,2025-10-11,13:50:31,Old,Dr. Ashwin Sadavarte,300,0,0,300,300,0,0,60,2025-12-10
13096,20240325,2026-01-14,12:52:24,Old,Dr. Ashwin Sadavarte,500,0,0,500,500,0,0,60,2026-03-15
13097,20240325,2026-04-20,12:14:27,Old,Dr. Ashwin Sadavarte,400,300,0,700,700,0,0,30,2026-05-20
13098,20240325,2026-07-26,11:36:41,Old,Dr. Ashwin Sadavarte,500,0,0,500,500,0,0,30,2026-08-25
13099,20240326,2025-05-25,12:44:45,New,Dr. Ashwin Sadavarte,500,200,0,700,700,0,0,30,2025-06-24
13100,20240326,2025-07-05,12:48:34,Old,Dr. Ashwin Sadavarte,400,300,0,700,700,0,0,15,2025-07-20
13101,20240326,2025-08-20,13:24:24,Old,Dr. Ashwin Sadavarte,400,300,0,700,700,0,0,30,2025-09-19
13102,20240326,2025-09-22,09:53:40,Old,Dr. Ashwin Sadavarte,300,0,0,300,100,0,200,30,2025-10-22
13103,20240326,2025-11-04,13:24:49,Old,Dr. Ashwin Sadavarte,500,0,0,500,500,0,0,60,2026-01-03
13104,20240326,2025-11-28,09:09:46,Old,Dr. Ashwin Sadavarte,300,0,0,300,300,0,0,60,2026-01-27
13105,20240326,2025-12-29,12:39:24,Old,Dr. Ashwin Sadavarte,300,200,0,500,500,0,0,30,2026-01-28
13106,20240327,2024-01-11,10:29:39,New,Dr. Ashwin Sadavarte,500,0,0,500,500,0,0,60,2024-03-11
13107,20240327,2024-03-07,12:32:39,Old,Dr. Ashwin Sadavarte,500,300,0,800,800,0,0,30,2024-04-06
13108,20240327,2024-05-12,10:26:04,Old,Dr. Ashwin Sadavarte,300,0,0,300,300,0,0,60,2024-07-11
13109,20240327,2024-07-05,10:58:46,Old,Dr. Ashwin Sadavarte,500,200,0,700,700,0,0,,
13110,20240327,2024-09-17,12:31:57,Old,Dr. Ashwin Sadavarte,400,0,0,400,400,0,0,30,2024-10-17
13111,20240327,2024-11-09,13:55:06,Old,Dr. Ashwin Sadavarte,400,0,0,400,400,0,0,90,2025-02-07
13112,20240327,2025-01-18,11:13:25,Old,Dr. Ashwin Sadavarte,300,0,0,300,300,0,0,30,2025-02-17
13113,20240327,2025-04-02,09:46:48,Old,Dr. Ashwin Sadavarte,300,0,0,300,300,0,0,30,2025-05-02
13114,20240328,2025-06-25,09:07:18,New,Dr. Ashwin Sadavarte,500,0,0,500,500,0,0,60,2025-08-24
13115,20240328,2025-07-21,09:20:00,Old,Dr. Ashwin Sadavarte,500,200,0,700,700,0,0,30,2025-08-20
13116,20240328,2025-08-24,11:50:55,Old,Dr. Ashwin Sadavarte,500,0,0,500,500,0,0,60,2025-10-23
13117,20240328,2025-09-22,13:14:33,Old,Dr. Ashwin Sadavarte,300,0,0,300,300,0,0,90,2025-12-21
13118,20240328,2025-10-31,11:00:47,Old,Dr. Ashwin Sadavarte,300,200,0,500,500,0,0,,
13119,20240328,2025-12-12,10:36:59,Old,Dr. Ashwin Sadavarte,500,0,0,500,500,0,0,30,2026-01-11
13120,20240328,2026-01-03,13:15:51,Old,Dr. Ashwin Sadavarte,500,0,0,500,500,0,0,15,2026-01-18
13121,20240328,2026-01-25,10:22:03,Old,Dr. Ashwin Sadavarte,400,300,0,700,700,0,0,,
13122,20240328,2026-02-19,09:53:24,Old,Dr. Ashwin Sadavarte,500,200,0,700,0,0,700,60,2026-04-20
13123,20240328,2026-04-03,09:34:07,Old,Dr. Ashwin Sadavarte,300,300,0,600,600,0,0,,
13124,20240329,2024-05-30,11:45:35,New,Dr. R. Mahalle,500,300,0,800,200,0,600,60,2024-07-29
13125,20240329,2024-08-17,09:11:16,Old,Dr. R. Mahalle,300,0,0,300,300,0,0,,
13126,20240329,2024-10-27,11:08:12,Old,Dr. R. Mahalle,500,300,0,800,800,0,0,15,2024-11-11
13127,20240329,2025-01-08,10:37:04,Old,Dr. R. Mahalle,400,0,0,400,400,0,0,60,2025-03-09
13128,20240329,2025-03-05,11:12:34,Old,Dr. R. Mahalle,300,300,0,600,600,0,0,30,2025-04-04
13129,20240329,2025-04-26,09:19:07,Old,Dr. R. Mahalle,300,300,0,600,600,0,0,30,2025-05-26
13130,20240329,2025-06-20,12:13:11,Old,Dr. R. Mahalle,500,0,0,500,500,0,0,30,2025-07-20
13131,20240330,2024-01-15,11:47:37,New,Dr. Ashwin Sadavarte,500,0,0,500,500,0,0,,
13132,20240330,2024-03-31,09:16:39,Old,Dr. Ashwin Sadavarte,500,0,0,500,500,0,0,90,2024-06-29
13133,20240330,2024-06-19,10:54:04,Old,Dr. Ashwin Sadavarte,500,300,0,800,800,0,0,15,2024-07-04
13134,20240330,2024-09-06,09:45:39,Old,Dr. Ashwin Sadavarte,400,0,0,400,400,0,0,60,2024-11-05
13135,20240330,2024-11-13,10:57:21,Old,Dr. Ashwin Sadavarte,300,0,0,300,300,0,0,60,2025-01-12
13136,20240330,2025-01-15,13:23:00,Old,Dr. Ashwin Sadavarte,400,0,0,400,400,0,0,15,2025-01-30
13137,20240330,2025-03-24,13:17:42,Old,Dr. Ashwin Sadavarte,400,300,0,700,700,0,0,30,2025-04-23
13138,20240330,2025-05-20,13:38:17,Old,Dr. Ashwin Sadavarte,400,300,0,700,700,0,0,30,2025-06-19
13139,20240330,2025-08-07,12:52:08,Old,Dr. Ashwin Sadavarte,400,0,0,400,400,0,0,30,2025-09-06
13140,20240330,2025-10-26,10:48:08,Old,Dr. Ashwin Sadavarte,400,200,0,600,600,0,0,60,2025-12-25
13141,20240330,2026-01-14,10:01:49,Old,Dr. Ashwin Sadavarte,400,0,0,400,0,0,400,30,2026-02-13
13142,20240330,2026-03-17,11:11:35,Old,Dr. Ashwin Sadavarte,300,200,0,500,500,0,0,90,2026-06-15
13143,20240330,2026-05-15,12:00:13,Old,Dr. Ashwin Sadavarte,300,0,0,300,300,0,0,,
13144,20240330,2026-07-24,11:19:02,Old,Dr. Ashwin Sadavarte,500,300,0,800,800,0,0,,
13145,20240331,2024-02-05,11:12:54,New,Dr. Ashwin Sadavarte,400,200,0,600,600,0,0,30,2024-03-06
13146,20240331,2024-05-06,10:20:43,Old,Dr. Ashwin Sadavarte,500,300,0,800,800,0,0,30,2024-06-05
13147,20240331,2024-07-28,10:12:09,Old,Dr. Ashwin Sadavarte,300,200,0,500,500,0,0,15,2024-08-12
13148,20240331,2024-11-12,10:39:01,Old,Dr. Ashwin Sadavarte,400,0,0,400,400,0,0,,
13149,20240331,2025-02-09,13:09:40,Old,Dr. Ashwin Sadavarte,500,0,0,500,0,0,500,30,2025-03-11
13150,20240331,2025-05-12,13:31:04,Old,Dr. Ashwin Sadavarte,400,0,0,400,400,0,0,15,2025-05-27
13151,20240331,2025-08-15,09:40:35,Old,Dr. Ashwin Sadavarte,500,0,0,500,500,0,0,60,2025-10-14
13152,20240331,2025-11-27,13:47:46,Old,Dr. Ashwin Sadavarte,500,0,0,500,500,0,0,60,2026-01-26
13153,20240331,2026-03-10,12:28:39,Old,Dr. Ashwin Sadavarte,500,200,0,700,700,0,0,15,2026-03-25
13154,20240331,2026-06-06,10:01:30,Old,Dr. Ashwin Sadavarte,300,0,0,300,300,0,0,60,2026-08-05
13155,20240331,2026-08-28,11:24:36,Old,Dr. Ashwin Sadavarte,300,0,0,300,300,0,0,60,2026-10-27
13156,20240332,2025-01-09,10:15:22,New,Dr. Ashwin Sadavarte,300,0,0,300,300,0,0,60,2025-03-10
13157,20240332,2025-04-28,10:08:07,Old,Dr. Ashwin Sadavarte,400,0,0,400,400,0,0,60,2025-06-27
13158,20240332,2025-07-22,10:04:45,Old,Dr. Ashwin Sadavarte,300,0,0,300,300,0,0,60,2025-09-20
13159,20240332,2025-10-31,12:47:56,Old,Dr. Ashwin Sadavarte,300,0,0,300,300,0,0,60,2025-12-30
13160,20240332,2026-01-27,12:47:22,Old,Dr. Ashwin Sadavarte,500,300,0,800,800,0,0,60,2026-03-28
13161,20240333,2024-06-19,10:14:07,New,Dr. Ashwin Sadavarte,400,0,0,400,400,0,0,60,2024-08-18
13162,20240333,2024-09-01,13:31:34,Old,Dr. Ashwin Sadavarte,400,300,0,700,100,0,600,30,2024-10-01
13163,20240333,2024-11-13,12:13:25,Old,Dr. Ashwin Sadavarte,500,0,0,500,200,0,300,15,2024-11-28
13164,20240333,2025-01-25,10:44:13,Old,Dr. Ashwin Sadavarte,400,0,0,400,400,0,0,60,2025-03-26
13165,20240333,2025-04-03,11:47:57,Old,Dr. Ashwin Sadavarte,300,0,0,300,300,0,0,,
13166,20240333,2025-05-27,12:29:37,Old,Dr. Ashwin Sadavarte,500,0,0,500,500,0,0,60,2025-07-26
13167,20240333,2025-07-23,09:16:22,Old,Dr. Ashwin Sadavarte,500,300,0,800,800,0,0,60,2025-09-21
13168,20240333,2025-09-13,13:53:55,Old,Dr. Ashwin Sadavarte,300,0,0,300,300,0,0,90,2025-12-12
13169,20240333,2025-11-05,12:15:48,Old,Dr. Ashwin Sadavarte,300,0,0,300,300,0,0,,
13170,20240333,2025-12-27,12:03:55,Old,Dr. Ashwin Sadavarte,500,0,0,500,500,0,0,15,2026-01-11
13171,20240333,2026-03-14,12:01:59,Old,Dr. Ashwin Sadavarte,400,200,0,600,600,0,0,,
13172,20240333,2026-05-11,12:03:31,Old,Dr. Ashwin Sadavarte,300,300,0,600,600,0,0,90,2026-08-09
13173,20240333,2026-07-08,11:48:21,Old,Dr. Ashwin Sadavarte,300,0,0,300,300,0,0,60,2026-09-06
13174,20240333,2026-09-15,11:43:44,Old,Dr. Ashwin Sadavarte,400,300,0,700,700,0,0,30,2026-10-15
13175,20240334,2024-09-25,12:40:05,New,Dr. Ashwin Sadavarte,300,0,0,300,300,0,0,15,2024-10-10
13176,20240334,2025-01-10,09:51:03,Old,Dr. Ashwin Sadavarte,300,0,0,300,300,0,0,,
13177,20240334,2025-04-14,12:12:26,Old,Dr. Ashwin Sadavarte,400,0,0,400,400,0,0,60,2025-06-13
13178,20240334,2025-07-24,12:44:21,Old,Dr. Ashwin Sadavarte,400,300,0,700,700,0,0,,
13179,20240334,2025-10-24,10:34:56,Old,Dr. Ashwin Sadavarte,400,200,0,600,600,0,0,30,2025-11-23
13180,20240334,2026-02-07,09:19:02,Old,Dr. Ashwin Sadavarte,300,0,0,300,300,0,0,30,2026-03-09
13181,20240334,2026-05-14,12:24:15,Old,Dr. Ashwin Sadavarte,300,300,0,600,600,0,0,90,2026-08-12
13182,20240334,2026-08-08,13:58:47,Old,Dr. Ashwin Sadavarte,400,0,0,400,400,0,0,15,2026-08-23
13183,20240335,2024-07-01,09:53:41,New,Dr. R. Mahalle,400,300,0,700,700,0,0,30,2024-07-31
13184,20240335,2024-10-03,10:09:33,Old,Dr. R. Mahalle,500,0,0,500,500,0,0,60,2024-12-02
13185,20240335,2025-01-08,09:21:13,Old,Dr. R. Mahalle,500,0,0,500,500,0,0,60,2025-03-09
13186,20240335,2025-04-05,12:19:06,Old,Dr. R. Mahalle,500,300,0,800,800,0,0,15,2025-04-20
13187,20240335,2025-07-17,11:21:32,Old,Dr. R. Mahalle,400,0,0,400,400,0,0,60,2025-09-15
13188,20240335,2025-11-01,09:14:13,Old,Dr. R. Mahalle,500,0,0,500,500,0,0,90,2026-01-30
13189,20240335,2026-02-07,10:06:38,Old,Dr. R. Mahalle,400,0,0,400,400,0,0,,
13190,20240335,2026-05-14,11:05:32,Old,Dr. R. Mahalle,300,0,0,300,300,0,0,15,2026-05-29
13191,20240335,2026-08-10,11:35:33,Old,Dr. R. Mahalle,300,0,0,300,300,0,0,,
13192,20240336,2026-08-26,09:02:18,New,Dr. Ashwin Sadavarte,400,0,0,400,400,0,0,30,2026-09-25
13193,20240337,2023-08-18,10:27:16,New,Dr. R. Mahalle,300,0,0,300,300,0,0,,
13194,20240337,2023-10-11,09:05:28,Old,Dr. R. Mahalle,400,300,0,700,700,0,0,60,2023-12-10
13195,20240337,2023-12-29,11:53:15,Old,Dr. R. Mahalle,500,0,0,500,500,0,0,30,2024-01-28
13196,20240337,2024-03-15,11:52:10,Old,Dr. R. Mahalle,400,0,0,400,400,0,0,30,2024-04-14
13197,20240337,2024-05-18,13:14:07,Old,Dr. R. Mahalle,300,0,0,300,300,0,0,,
13198,20240337,2024-08-02,09:26:56,Old,Dr. R. Mahalle,500,0,0,500,500,0,0,60,2024-10-01
13199,20240337,2024-09-26,13:59:07,Old,Dr. R. Mahalle,500,0,0,500,500,0,0,30,2024-10-26
13200,20240337,2024-11-19,11:35:26,Old,Dr. R. Mahalle,400,0,0,400,200,0,200,60,2025-01-18
13201,20240337,2025-01-24,10:19:22,Old,Dr. R. Mahalle,300,0,0,300,300,0,0,30,2025-02-23
13202,20240337,2025-03-28,13:18:58,Old,Dr. R. Mahalle,300,0,0,300,300,0,0,90,2025-06-26
13203,20240337,2025-06-13,11:49:10,Old,Dr. R. Mahalle,300,0,0,300,300,0,0,30,2025-07-13
13204,20240337,2025-09-01,13:22:27,Old,Dr. R. Mahalle,400,0,0,400,400,0,0,60,2025-10-31
13205,20240337,2025-10-25,12:22:52,Old,Dr. R. Mahalle,500,0,0,500,500,0,0,15,2025-11-09
13206,20240337,2026-01-10,09:33:35,Old,Dr. R. Mahalle,400,0,0,400,200,0,200,,
13207,20240337,2026-03-15,10:59:36,Old,Dr. R. Mahalle,500,0,0,500,500,0,0,90,2026-06-13
13208,20240337,2026-05-28,12:46:05,Old,Dr. R. Mahalle,300,300,0,600,600,0,0,15,2026-06-12
13209,20240337,2026-07-26,13:11:06,Old,Dr. R. Mahalle,300,200,0,500,500,0,0,30,2026-08-25
13210,20240338,2026-08-21,12:18:47,New,Dr. Ashwin Sadavarte,300,0,0,300,300,0,0,90,2026-11-19
13211,20240339,2024-05-13,13:04:06,New,Dr. Ashwin Sadavarte,400,200,0,600,600,0,0,30,2024-06-12
13212,20240339,2024-08-03,10:20:21,Old,Dr. Ashwin Sadavarte,500,0,0,500,100,0,400,60,2024-10-02
13213,20240339,2024-10-26,13:40:25,Old,Dr. Ashwin Sadavarte,300,200,0,500,500,0,0,,
13214,20240339,2025-02-09,13:57:48,Old,Dr. Ashwin Sadavarte,300,200,0,500,500,0,0,30,2025-03-11
13215,20240339,2025-05-25,10:44:57,Old,Dr. Ashwin Sadavarte,500,0,0,500,200,0,300,,
13216,20240339,2025-09-06,12:24:34,Old,Dr. Ashwin Sadavarte,300,200,0,500,100,0,400,60,2025-11-05
13217,20240339,2025-12-22,11:21:24,Old,Dr. Ashwin Sadavarte,400,300,0,700,700,0,0,60,2026-02-20
13218,20240339,2026-04-01,12:37:25,Old,Dr. Ashwin Sadavarte,400,0,0,400,400,0,0,90,2026-06-30
13219,20240339,2026-07-05,11:07:53,Old,Dr. Ashwin Sadavarte,400,0,0,400,400,0,0,15,2026-07-20
13220,20240340,2023-08-26,13:25:23,New,Dr. R. Mahalle,300,300,0,600,600,0,0,,
13221,20240340,2023-11-04,13:14:50,Old,Dr. R. Mahalle,300,300,0,600,600,0,0,60,2024-01-03
13222,20240340,2024-01-22,12:39:00,Old,Dr. R. Mahalle,300,300,0,600,600,0,0,60,2024-03-22
13223,20240340,2024-03-28,09:12:06,Old,Dr. R. Mahalle,400,0,0,400,400,0,0,30,2024-04-27
13224,20240340,2024-05-26,09:14:58,Old,Dr. R. Mahalle,500,200,0,700,700,0,0,90,2024-08-24
13225,20240340,2024-08-13,13:45:26,Old,Dr. R. Mahalle,300,0,0,300,300,0,0,30,2024-09-12
13226,20240340,2024-10-14,11:39:41,Old,Dr. R. Mahalle,500,0,0,500,500,0,0,30,2024-11-13
13227,20240340,2025-01-01,13:11:33,Old,Dr. R. Mahalle,300,0,0,300,300,0,0,30,2025-01-31
13228,20240340,2025-03-02,11:22:42,Old,Dr. R. Mahalle,400,0,0,400,400,0,0,90,2025-05-31
13229,20240340,2025-04-23,10:27:35,Old,Dr. R. Mahalle,500,0,0,500,500,0,0,60,2025-06-22
13230,20240340,2025-06-15,10:20:00,Old,Dr. R. Mahalle,500,300,0,800,800,0,0,30,2025-07-15
13231,20240340,2025-08-28,12:47:16,Old,Dr. R. Mahalle,500,200,0,700,700,0,0,30,2025-09-27
13232,20240340,2025-11-16,12:09:11,Old,Dr. R. Mahalle,300,0,0,300,300,0,0,60,2026-01-15
13233,20240340,2026-01-17,12:37:27,Old,Dr. R. Mahalle,400,200,0,600,600,0,0,30,2026-02-16
13234,20240340,2026-03-18,11:46:25,Old,Dr. R. Mahalle,300,200,0,500,500,0,0,15,2026-04-02
13235,20240340,2026-06-06,12:07:03,Old,Dr. R. Mahalle,400,300,0,700,700,0,0,30,2026-07-06
13236,20240340,2026-08-03,10:54:48,Old,Dr. R. Mahalle,400,200,0,600,600,0,0,60,2026-10-02
13237,20240341,2024-03-11,10:04:58,New,Dr. Ashwin Sadavarte,400,0,0,400,400,0,0,30,2024-04-10
13238,20240341,2024-06-21,10:44:48,Old,Dr. Ashwin Sadavarte,300,0,0,300,300,0,0,,
13239,20240341,2024-09-24,12:30:09,Old,Dr. Ashwin Sadavarte,300,200,0,500,0,0,500,30,2024-10-24
13240,20240341,2024-12-25,11:57:29,Old,Dr. Ashwin Sadavarte,400,0,0,400,400,0,0,60,2025-02-23
13241,20240341,2025-04-11,13:53:10,Old,Dr. Ashwin Sadavarte,400,0,0,400,400,0,0,60,2025-06-10
13242,20240341,2025-07-10,11:28:57,Old,Dr. Ashwin Sadavarte,300,200,0,500,500,0,0,30,2025-08-09
13243,20240341,2025-10-25,10:05:15,Old,Dr. Ashwin Sadavarte,500,200,0,700,200,0,500,30,2025-11-24
13244,20240341,2026-01-25,10:44:02,Old,Dr. Ashwin Sadavarte,500,0,0,500,500,0,0,15,2026-02-09
13245,20240341,2026-04-17,11:29:07,Old,Dr. Ashwin Sadavarte,500,0,0,500,500,0,0,90,2026-07-16
13246,20240341,2026-07-18,11:20:24,Old,Dr. Ashwin Sadavarte,500,200,0,700,700,0,0,,
13247,20240342,2023-10-14,11:08:32,New,Dr. R. Mahalle,400,300,0,700,700,0,0,90,2024-01-12
13248,20240342,2023-12-24,10:05:15,Old,Dr. R. Mahalle,300,0,0,300,300,0,0,90,2024-03-23
13249,20240342,2024-03-08,13:31:13,Old,Dr. R. Mahalle,500,0,0,500,500,0,0,60,2024-05-07
13250,20240342,2024-05-16,10:14:49,Old,Dr. R. Mahalle,300,0,0,300,300,0,0,,
13251,20240342,2024-07-11,13:41:23,Old,Dr. R. Mahalle,400,0,0,400,0,0,400,60,2024-09-09
13252,20240342,2024-09-22,10:31:34,Old,Dr. R. Mahalle,500,0,0,500,500,0,0,60,2024-11-21
13253,20240342,2024-11-13,12:46:19,Old,Dr. R. Mahalle,500,0,0,500,500,0,0,15,2024-11-28
13254,20240342,2025-01-04,09:18:58,Old,Dr. R. Mahalle,400,0,0,400,400,0,0,30,2025-02-03
13255,20240342,2025-03-02,12:12:50,Old,Dr. R. Mahalle,500,0,0,500,500,0,0,,
13256,20240342,2025-05-08,12:34:30,Old,Dr. R. Mahalle,300,300,0,600,600,0,0,30,2025-06-07
13257,20240342,2025-11-22,12:55:05,Old,Dr. R. Mahalle,400,300,0,700,100,0,600,60,2026-01-21
13258,20240342,2026-07-09,10:51:25,Old,Dr. R. Mahalle,300,200,0,500,500,0,0,90,2026-10-07
13259,20240343,2023-09-07,12:12:25,New,Dr. Ashwin Sadavarte,300,0,0,300,300,0,0,30,2023-10-07
13260,20240343,2023-09-30,12:25:42,Old,Dr. Ashwin Sadavarte,400,0,0,400,400,0,0,30,2023-10-30
13261,20240343,2023-11-11,11:07:22,Old,Dr. Ashwin Sadavarte,500,0,0,500,500,0,0,15,2023-11-26
13262,20240343,2023-12-18,12:49:28,Old,Dr. Ashwin Sadavarte,400,0,0,400,400,0,0,15,2024-01-02
13263,20240343,2024-01-28,10:36:04,Old,Dr. Ashwin Sadavarte,400,0,0,400,100,0,300,90,2024-04-27
13264,20240343,2024-03-06,10:22:46,Old,Dr. Ashwin Sadavarte,500,0,0,500,500,0,0,30,2024-04-05
13265,20240343,2024-03-28,11:11:59,Old,Dr. Ashwin Sadavarte,400,200,0,600,600,0,0,,
13266,20240343,2024-04-27,12:09:26,Old,Dr. Ashwin Sadavarte,400,200,0,600,600,0,0,15,2024-05-12
13267,20240343,2024-06-16,11:51:31,Old,Dr. Ashwin Sadavarte,500,0,0,500,500,0,0,60,2024-08-15
13268,20240343,2024-07-14,09:18:33,Old,Dr. Ashwin Sadavarte,400,0,0,400,400,0,0,30,2024-08-13
13269,20240343,2024-08-08,10:07:01,Old,Dr. Ashwin Sadavarte,400,0,0,400,400,0,0,60,2024-10-07
13270,20240343,2024-09-07,13:42:50,Old,Dr. Ashwin Sadavarte,300,300,0,600,600,0,0,30,2024-10-07
13271,20240343,2024-10-09,10:50:59,Old,Dr. Ashwin Sadavarte,500,200,0,700,700,0,0,60,2024-12-08
13272,20240343,2024-11-27,13:42:51,Old,Dr. Ashwin Sadavarte,300,0,0,300,300,0,0,30,2024-12-27
13273,20240343,2024-12-28,11:43:42,Old,Dr. Ashwin Sadavarte,500,200,0,700,700,0,0,90,2025-03-28
13274,20240343,2025-02-06,12:40:42,Old,Dr. Ashwin Sadavarte,500,300,0,800,800,0,0,30,2025-03-08
13275,20240343,2025-03-09,11:20:22,Old,Dr. Ashwin Sadavarte,300,300,0,600,600,0,0,15,2025-03-24
13276,20240343,2025-04-11,10:35:51,Old,Dr. Ashwin Sadavarte,500,200,0,700,700,0,0,,
13277,20240344,2023-12-09,10:01:10,New,Dr. Ashwin Sadavarte,500,0,0,500,500,0,0,,
13278,20240344,2024-01-24,11:26:21,Old,Dr. Ashwin Sadavarte,500,0,0,500,500,0,0,,
13279,20240344,2024-03-07,13:10:37,Old,Dr. Ashwin Sadavarte,500,0,0,500,500,0,0,60,2024-05-06
13280,20240344,2024-04-10,13:11:51,Old,Dr. Ashwin Sadavarte,400,0,0,400,400,0,0,,
13281,20240344,2024-05-27,10:10:39,Old,Dr. Ashwin Sadavarte,500,300,0,800,800,0,0,60,2024-07-26
13282,20240344,2024-07-10,13:56:42,Old,Dr. Ashwin Sadavarte,500,0,0,500,500,0,0,90,2024-10-08
13283,20240344,2024-08-12,10:07:17,Old,Dr. Ashwin Sadavarte,300,0,0,300,300,0,0,60,2024-10-11
13284,20240344,2024-09-03,10:35:00,Old,Dr. Ashwin Sadavarte,300,0,0,300,300,0,0,,
13285,20240344,2024-10-05,10:21:42,Old,Dr. Ashwin Sadavarte,500,0,0,500,500,0,0,30,2024-11-04
13286,20240344,2024-11-21,12:45:56,Old,Dr. Ashwin Sadavarte,500,0,0,500,500,0,0,30,2024-12-21
13287,20240344,2025-01-09,10:02:57,Old,Dr. Ashwin Sadavarte,500,0,0,500,500,0,0,,
13288,20240344,2025-02-27,11:50:00,Old,Dr. Ashwin Sadavarte,500,0,0,500,500,0,0,15,2025-03-14
13289,20240344,2025-03-30,13:56:47,Old,Dr. Ashwin Sadavarte,300,0,0,300,300,0,0,30,2025-04-29
13290,20240344,2025-04-24,09:52:54,Old,Dr. Ashwin Sadavarte,400,300,0,700,700,0,0,30,2025-05-24
13291,20240344,2025-05-28,09:40:35,Old,Dr. Ashwin Sadavarte,400,0,0,400,400,0,0,30,2025-06-27
13292,20240344,2025-06-22,11:31:28,Old,Dr. Ashwin Sadavarte,500,300,0,800,800,0,0,15,2025-07-07
13293,20240344,2025-07-26,09:48:15,Old,Dr. Ashwin Sadavarte,500,0,0,500,500,0,0,,
13294,20240344,2025-09-14,13:14:54,Old,Dr. Ashwin Sadavarte,400,200,0,600,600,0,0,60,2025-11-13
13295,20240344,2025-10-22,12:22:53,Old,Dr. Ashwin Sadavarte,400,0,0,400,400,0,0,30,2025-11-21
13296,20240344,2025-11-22,12:24:17,Old,Dr. Ashwin Sadavarte,300,300,0,600,600,0,0,15,2025-12-07
13297,20240344,2025-12-16,09:22:56,Old,Dr. Ashwin Sadavarte,400,300,0,700,700,0,0,60,2026-02-14
13298,20240344,2026-01-07,13:49:12,Old,Dr. Ashwin Sadavarte,300,300,0,600,600,0,0,,
13299,20240344,2026-02-05,09:25:29,Old,Dr. Ashwin Sadavarte,500,0,0,500,500,0,0,15,2026-02-20
13300,20240344,2026-03-05,13:43:11,Old,Dr. Ashwin Sadavarte,500,300,0,800,800,0,0,90,2026-06-03
13301,20240344,2026-04-11,11:39:40,Old,Dr. Ashwin Sadavarte,400,200,0,600,100,0,500,30,2026-05-11
13302,20240344,2026-05-20,12:45:06,Old,Dr. Ashwin Sadavarte,400,0,0,400,400,0,0,30,2026-06-19
13303,20240344,2026-07-08,09:39:02,Old,Dr. Ashwin Sadavarte,300,0,0,300,300,0,0,30,2026-08-07
13304,20240344,2026-08-16,09:13:49,Old,Dr. Ashwin Sadavarte,500,0,0,500,200,0,300,90,2026-11-14
13305,20240344,2026-09-08,09:22:52,Old,Dr. Ashwin Sadavarte,500,0,0,500,500,0,0,60,2026-11-07
13306,20240345,2024-11-11,12:15:07,New,Dr. Ashwin Sadavarte,300,200,0,500,200,0,300,,
13307,20240345,2025-01-04,12:35:54,Old,Dr. Ashwin Sadavarte,300,200,0,500,500,0,0,30,2025-02-03
13308,20240345,2025-03-23,12:14:32,Old,Dr. Ashwin Sadavarte,400,0,0,400,400,0,0,15,2025-04-07
13309,20240345,2025-08-23,09:51:28,Old,Dr. Ashwin Sadavarte,400,0,0,400,400,0,0,15,2025-09-07
13310,20240345,2025-10-28,09:18:30,Old,Dr. Ashwin Sadavarte,400,0,0,400,400,0,0,15,2025-11-12
13311,20240345,2026-06-07,12:08:40,Old,Dr. Ashwin Sadavarte,500,200,0,700,700,0,0,,
13312,20240345,2026-08-01,13:56:24,Old,Dr. Ashwin Sadavarte,400,0,0,400,0,0,400,30,2026-08-31
13313,20240346,2025-01-09,12:14:58,New,Dr. Ashwin Sadavarte,300,200,0,500,500,0,0,60,2025-03-10
13314,20240346,2025-02-05,13:57:32,Old,Dr. Ashwin Sadavarte,400,300,0,700,700,0,0,90,2025-05-06
13315,20240346,2025-02-28,13:28:49,Old,Dr. Ashwin Sadavarte,300,0,0,300,300,0,0,30,2025-03-30
13316,20240346,2025-08-09,09:32:10,Old,Dr. Ashwin Sadavarte,300,0,0,300,300,0,0,30,2025-09-08
13317,20240346,2025-09-03,10:22:45,Old,Dr. Ashwin Sadavarte,300,0,0,300,300,0,0,90,2025-12-02
13318,20240346,2025-10-20,10:37:48,Old,Dr. Ashwin Sadavarte,300,300,0,600,0,0,600,30,2025-11-19
13319,20240346,2026-03-03,10:10:17,Old,Dr. Ashwin Sadavarte,300,0,0,300,300,0,0,,
13320,20240346,2026-04-04,12:07:23,Old,Dr. Ashwin Sadavarte,500,0,0,500,500,0,0,,
13321,20240346,2026-05-23,11:25:12,Old,Dr. Ashwin Sadavarte,300,300,0,600,600,0,0,60,2026-07-22
13322,20240346,2026-06-30,13:55:49,Old,Dr. Ashwin Sadavarte,300,0,0,300,300,0,0,15,2026-07-15
13323,20240346,2026-07-29,12:14:56,Old,Dr. Ashwin Sadavarte,400,200,0,600,600,0,0,60,2026-09-27
13324,20240346,2026-09-16,10:51:31,Old,Dr. Ashwin Sadavarte,300,0,0,300,300,0,0,60,2026-11-15
13325,20240347,2024-08-14,09:09:04,New,Dr. R. Mahalle,500,200,0,700,200,0,500,60,2024-10-13
13326,20240347,2024-09-14,12:58:18,Old,Dr. R. Mahalle,300,300,0,600,600,0,0,30,2024-10-14
13327,20240347,2024-11-02,10:38:30,Old,Dr. R. Mahalle,500,300,0,800,800,0,0,30,2024-12-02
13328,20240347,2025-03-25,09:27:05,Old,Dr. R. Mahalle,500,300,0,800,800,0,0,30,2025-04-24
13329,20240347,2025-12-07,09:13:28,Old,Dr. R. Mahalle,400,0,0,400,400,0,0,30,2026-01-06
13330,20240347,2026-01-17,09:08:41,Old,Dr. R. Mahalle,400,300,0,700,700,0,0,,
13331,20240347,2026-07-19,09:16:33,Old,Dr. R. Mahalle,500,0,0,500,500,0,0,,
13332,20240348,2023-11-16,11:02:54,New,Dr. R. Mahalle,300,300,0,600,600,0,0,30,2023-12-16
13333,20240348,2023-12-10,13:12:36,Old,Dr. R. Mahalle,400,200,0,600,600,0,0,15,2023-12-25
13334,20240348,2024-01-28,10:34:02,Old,Dr. R. Mahalle,300,0,0,300,300,0,0,15,2024-02-12
13335,20240348,2024-02-23,12:31:36,Old,Dr. R. Mahalle,400,0,0,400,400,0,0,60,2024-04-23
13336,20240348,2024-06-26,12:20:37,Old,Dr. R. Mahalle,400,200,0,600,600,0,0,60,2024-08-25
13337,20240348,2024-08-04,11:18:45,Old,Dr. R. Mahalle,500,0,0,500,500,0,0,60,2024-10-03
13338,20240348,2024-09-10,09:56:26,Old,Dr. R. Mahalle,500,0,0,500,500,0,0,30,2024-10-10
13339,20240348,2024-10-30,13:34:11,Old,Dr. R. Mahalle,300,0,0,300,300,0,0,15,2024-11-14
13340,20240349,2024-11-26,11:42:04,New,Dr. R. Mahalle,300,200,0,500,500,0,0,,
13341,20240349,2025-01-13,09:09:51,Old,Dr. R. Mahalle,500,0,0,500,500,0,0,30,2025-02-12
13342,20240349,2025-06-15,11:45:10,Old,Dr. R. Mahalle,500,0,0,500,500,0,0,30,2025-07-15
13343,20240349,2026-02-23,09:55:17,Old,Dr. R. Mahalle,500,0,0,500,500,0,0,15,2026-03-10
13344,20240349,2026-04-08,12:24:20,Old,Dr. R. Mahalle,500,0,0,500,500,0,0,90,2026-07-07
13345,20240350,2024-05-26,09:35:53,New,Dr. R. Mahalle,500,0,0,500,500,0,0,60,2024-07-25
13346,20240350,2024-08-23,11:33:26,Old,Dr. R. Mahalle,400,0,0,400,400,0,0,,
13347,20240350,2024-12-03,13:18:47,Old,Dr. R. Mahalle,300,300,0,600,600,0,0,60,2025-02-01
13348,20240350,2025-03-18,09:12:45,Old,Dr. R. Mahalle,300,0,0,300,300,0,0,60,2025-05-17
13349,20240350,2025-06-19,11:09:34,Old,Dr. R. Mahalle,400,300,0,700,700,0,0,30,2025-07-19
13350,20240350,2025-10-03,10:37:30,Old,Dr. R. Mahalle,500,0,0,500,200,0,300,60,2025-12-02
13351,20240350,2026-01-18,12:09:31,Old,Dr. R. Mahalle,500,0,0,500,500,0,0,,
13352,20240351,2025-01-02,13:45:05,New,Dr. R. Mahalle,500,300,0,800,800,0,0,30,2025-02-01
13353,20240351,2025-03-10,11:38:05,Old,Dr. R. Mahalle,400,0,0,400,100,0,300,,
13354,20240351,2025-05-22,09:07:27,Old,Dr. R. Mahalle,500,0,0,500,500,0,0,60,2025-07-21
13355,20240351,2025-08-04,11:32:03,Old,Dr. R. Mahalle,400,0,0,400,400,0,0,60,2025-10-03
13356,20240351,2025-10-15,10:49:51,Old,Dr. R. Mahalle,500,300,0,800,800,0,0,30,2025-11-14
13357,20240351,2026-07-01,10:39:57,Old,Dr. R. Mahalle,400,0,0,400,400,0,0,30,2026-07-31
13358,20240351,2026-09-06,09:30:50,Old,Dr. R. Mahalle,300,0,0,300,300,0,0,90,2026-12-05
13359,20240352,2023-09-30,09:15:26,New,Dr. Ashwin Sadavarte,300,300,0,600,600,0,0,90,2023-12-29
13360,20240352,2024-07-17,10:29:48,Old,Dr. Ashwin Sadavarte,500,200,0,700,700,0,0,15,2024-08-01
13361,20240352,2024-10-12,12:36:27,Old,Dr. Ashwin Sadavarte,400,200,0,600,600,0,0,30,2024-11-11
13362,20240352,2025-01-10,13:01:08,Old,Dr. Ashwin Sadavarte,300,200,0,500,500,0,0,30,2025-02-09
13363,20240352,2025-07-31,13:04:25,Old,Dr. Ashwin Sadavarte,400,0,0,400,400,0,0,,
13364,20240352,2025-11-05,10:03:02,Old,Dr. Ashwin Sadavarte,400,0,0,400,400,0,0,90,2026-02-03
13365,20240352,2026-02-10,11:49:39,Old,Dr. Ashwin Sadavarte,500,200,0,700,700,0,0,60,2026-04-11
13366,20240353,2024-12-10,10:53:31,New,Dr. Ashwin Sadavarte,500,300,0,800,800,0,0,90,2025-03-10
13367,20240353,2025-01-23,10:27:22,Old,Dr. Ashwin Sadavarte,500,300,0,800,800,0,0,,
13368,20240353,2025-02-27,12:57:43,Old,Dr. Ashwin Sadavarte,400,200,0,600,600,0,0,15,2025-03-14
13369,20240353,2025-11-12,12:19:01,Old,Dr. Ashwin Sadavarte,300,0,0,300,300,0,0,,
13370,20240353,2025-12-04,10:15:45,Old,Dr. Ashwin Sadavarte,400,0,0,400,400,0,0,60,2026-02-02
13371,20240353,2026-01-17,10:07:01,Old,Dr. Ashwin Sadavarte,400,0,0,400,400,0,0,,
13372,20240353,2026-02-13,12:19:29,Old,Dr. Ashwin Sadavarte,400,0,0,400,400,0,0,60,2026-04-14
13373,20240353,2026-03-28,12:27:12,Old,Dr. Ashwin Sadavarte,400,0,0,400,400,0,0,60,2026-05-27
13374,20240353,2026-09-14,10:16:49,Old,Dr. Ashwin Sadavarte,300,0,0,300,300,0,0,60,2026-11-13
13375,20240354,2023-08-14,12:03:47,New,Dr. Ashwin Sadavarte,300,0,0,300,300,0,0,30,2023-09-13
13376,20240354,2023-11-30,12:14:10,Old,Dr. Ashwin Sadavarte,400,0,0,400,400,0,0,90,2024-02-28
13377,20240354,2024-03-18,11:50:24,Old,Dr. Ashwin Sadavarte,400,300,0,700,700,0,0,60,2024-05-17
13378,20240354,2024-06-10,12:07:08,Old,Dr. Ashwin Sadavarte,400,300,0,700,700,0,0,,
13379,20240354,2024-09-02,10:10:06,Old,Dr. Ashwin Sadavarte,500,0,0,500,500,0,0,60,2024-11-01
13380,20240354,2024-11-27,09:28:21,Old,Dr. Ashwin Sadavarte,400,0,0,400,400,0,0,15,2024-12-12
13381,20240354,2025-03-09,12:49:46,Old,Dr. Ashwin Sadavarte,400,0,0,400,400,0,0,30,2025-04-08
13382,20240354,2025-06-17,10:41:05,Old,Dr. Ashwin Sadavarte,500,0,0,500,500,0,0,30,2025-07-17
13383,20240354,2025-09-22,13:28:59,Old,Dr. Ashwin Sadavarte,400,200,0,600,0,0,600,60,2025-11-21
13384,20240354,2026-01-01,09:56:57,Old,Dr. Ashwin Sadavarte,400,200,0,600,600,0,0,30,2026-01-31
13385,20240354,2026-04-17,09:57:30,Old,Dr. Ashwin Sadavarte,400,0,0,400,400,0,0,15,2026-05-02
13386,20240354,2026-07-17,10:45:27,Old,Dr. Ashwin Sadavarte,400,200,0,600,600,0,0,30,2026-08-16
13387,20240355,2024-09-14,13:45:14,New,Dr. Ashwin Sadavarte,500,0,0,500,500,0,0,60,2024-11-13
13388,20240355,2024-12-13,10:57:10,Old,Dr. Ashwin Sadavarte,300,0,0,300,300,0,0,30,2025-01-12
13389,20240355,2025-03-29,09:54:23,Old,Dr. Ashwin Sadavarte,500,300,0,800,800,0,0,,
13390,20240355,2025-07-11,12:02:20,Old,Dr. Ashwin Sadavarte,400,0,0,400,400,0,0,60,2025-09-09
13391,20240355,2025-10-24,11:16:02,Old,Dr. Ashwin Sadavarte,500,0,0,500,500,0,0,,
13392,20240355,2026-01-17,11:10:24,Old,Dr. Ashwin Sadavarte,500,200,0,700,700,0,0,30,2026-02-16
13393,20240355,2026-04-12,09:41:02,Old,Dr. Ashwin Sadavarte,500,0,0,500,500,0,0,90,2026-07-11
13394,20240355,2026-07-22,09:04:27,Old,Dr. Ashwin Sadavarte,500,200,0,700,700,0,0,15,2026-08-06
13395,20240356,2023-12-01,13:29:21,New,Dr. R. Mahalle,300,200,0,500,500,0,0,15,2023-12-16
13396,20240356,2024-03-07,11:00:26,Old,Dr. R. Mahalle,500,200,0,700,700,0,0,,
13397,20240356,2024-06-17,12:38:46,Old,Dr. R. Mahalle,300,200,0,500,500,0,0,15,2024-07-02
13398,20240356,2024-09-20,09:25:41,Old,Dr. R. Mahalle,500,0,0,500,500,0,0,90,2024-12-19
13399,20240356,2024-12-15,13:28:00,Old,Dr. R. Mahalle,400,0,0,400,400,0,0,60,2025-02-13
13400,20240356,2025-03-31,12:49:57,Old,Dr. R. Mahalle,300,0,0,300,300,0,0,30,2025-04-30
13401,20240356,2025-06-25,12:43:00,Old,Dr. R. Mahalle,500,0,0,500,500,0,0,60,2025-08-24
13402,20240357,2024-10-12,10:23:14,New,Dr. Ashwin Sadavarte,400,0,0,400,400,0,0,,
13403,20240357,2024-11-29,09:03:08,Old,Dr. Ashwin Sadavarte,400,200,0,600,600,0,0,,
13404,20240357,2024-12-24,11:20:09,Old,Dr. Ashwin Sadavarte,400,0,0,400,400,0,0,30,2025-01-23
13405,20240357,2025-01-28,09:25:53,Old,Dr. Ashwin Sadavarte,500,300,0,800,800,0,0,30,2025-02-27
13406,20240357,2025-02-22,09:36:10,Old,Dr. Ashwin Sadavarte,400,0,0,400,400,0,0,30,2025-03-24
13407,20240357,2025-03-19,10:14:27,Old,Dr. Ashwin Sadavarte,300,300,0,600,600,0,0,,
13408,20240357,2025-04-17,10:36:09,Old,Dr. Ashwin Sadavarte,300,0,0,300,300,0,0,60,2025-06-16
13409,20240357,2025-05-10,10:08:32,Old,Dr. Ashwin Sadavarte,300,0,0,300,300,0,0,30,2025-06-09
13410,20240357,2025-06-14,09:44:34,Old,Dr. Ashwin Sadavarte,500,0,0,500,0,0,500,15,2025-06-29
13411,20240357,2025-07-21,12:06:54,Old,Dr. Ashwin Sadavarte,300,0,0,300,300,0,0,60,2025-09-19
13412,20240357,2025-08-22,13:29:31,Old,Dr. Ashwin Sadavarte,500,0,0,500,500,0,0,15,2025-09-06
13413,20240357,2025-09-16,13:28:24,Old,Dr. Ashwin Sadavarte,400,0,0,400,400,0,0,90,2025-12-15
13414,20240357,2025-10-12,10:00:55,Old,Dr. Ashwin Sadavarte,400,0,0,400,400,0,0,15,2025-10-27
13415,20240357,2025-11-05,13:24:37,Old,Dr. Ashwin Sadavarte,500,0,0,500,500,0,0,15,2025-11-20
13416,20240357,2025-12-14,13:32:48,Old,Dr. Ashwin Sadavarte,300,300,0,600,600,0,0,,
13417,20240357,2026-02-01,09:59:48,Old,Dr. Ashwin Sadavarte,400,300,0,700,700,0,0,60,2026-04-02
13418,20240357,2026-03-14,09:20:33,Old,Dr. Ashwin Sadavarte,300,0,0,300,300,0,0,,
13419,20240357,2026-04-29,10:16:13,Old,Dr. Ashwin Sadavarte,400,0,0,400,400,0,0,60,2026-06-28
13420,20240357,2026-05-29,11:19:59,Old,Dr. Ashwin Sadavarte,300,0,0,300,300,0,0,60,2026-07-28
13421,20240357,2026-06-26,09:47:21,Old,Dr. Ashwin Sadavarte,500,300,0,800,800,0,0,,
13422,20240357,2026-08-04,12:26:46,Old,Dr. Ashwin Sadavarte,400,0,0,400,400,0,0,90,2026-11-02
13423,20240357,2026-09-15,10:35:07,Old,Dr. Ashwin Sadavarte,400,300,0,700,700,0,0,60,2026-11-14
13424,20240358,2024-10-12,12:40:28,New,Dr. R. Mahalle,400,200,0,600,600,0,0,30,2024-11-11
13425,20240358,2024-11-07,13:19:55,Old,Dr. R. Mahalle,400,0,0,400,400,0,0,90,2025-02-05
13426,20240358,2024-12-21,10:29:56,Old,Dr. R. Mahalle,500,0,0,500,500,0,0,,
13427,20240358,2025-01-18,13:22:05,Old,Dr. R. Mahalle,500,300,0,800,800,0,0,30,2025-02-17
13428,20240358,2025-02-27,13:33:06,Old,Dr. R. Mahalle,400,0,0,400,400,0,0,15,2025-03-14
13429,20240358,2025-04-12,11:11:52,Old,Dr. R. Mahalle,300,200,0,500,500,0,0,90,2025-07-11
13430,20240358,2025-05-18,11:36:00,Old,Dr. R. Mahalle,500,0,0,500,500,0,0,60,2025-07-17
13431,20240358,2025-06-26,12:34:44,Old,Dr. R. Mahalle,500,0,0,500,500,0,0,60,2025-08-25
13432,20240358,2025-07-25,12:41:04,Old,Dr. R. Mahalle,500,0,0,500,500,0,0,60,2025-09-23
13433,20240358,2025-08-21,12:36:58,Old,Dr. R. Mahalle,300,0,0,300,100,0,200,30,2025-09-20
13434,20240358,2025-10-04,09:40:29,Old,Dr. R. Mahalle,500,0,0,500,500,0,0,90,2026-01-02
13435,20240358,2025-11-14,13:07:39,Old,Dr. R. Mahalle,300,200,0,500,500,0,0,30,2025-12-14
13436,20240358,2025-12-22,09:52:28,Old,Dr. R. Mahalle,400,300,0,700,100,0,600,60,2026-02-20
13437,20240358,2026-01-27,09:38:13,Old,Dr. R. Mahalle,400,0,0,400,100,0,300,60,2026-03-28
13438,20240358,2026-03-03,09:49:08,Old,Dr. R. Mahalle,400,0,0,400,400,0,0,60,2026-05-02
13439,20240358,2026-03-25,11:59:02,Old,Dr. R. Mahalle,400,0,0,400,400,0,0,30,2026-04-24
13440,20240358,2026-05-06,09:03:51,Old,Dr. R. Mahalle,500,200,0,700,700,0,0,,
13441,20240358,2026-05-29,13:14:46,Old,Dr. R. Mahalle,500,300,0,800,800,0,0,,
13442,20240358,2026-07-15,10:58:58,Old,Dr. R. Mahalle,500,0,0,500,500,0,0,30,2026-08-14
13443,20240358,2026-08-25,12:17:36,Old,Dr. R. Mahalle,400,0,0,400,400,0,0,60,2026-10-24
13444,20240359,2024-04-05,13:22:28,New,Dr. Ashwin Sadavarte,500,300,0,800,800,0,0,30,2024-05-05
13445,20240359,2024-05-21,11:44:34,Old,Dr. Ashwin Sadavarte,300,300,0,600,600,0,0,30,2024-06-20
13446,20240359,2024-07-04,13:52:46,Old,Dr. Ashwin Sadavarte,300,0,0,300,300,0,0,,
13447,20240359,2024-08-09,12:20:26,Old,Dr. Ashwin Sadavarte,300,200,0,500,500,0,0,30,2024-09-08
13448,20240359,2025-02-20,11:52:24,Old,Dr. Ashwin Sadavarte,500,200,0,700,700,0,0,30,2025-03-22
13449,20240359,2025-08-20,12:20:27,Old,Dr. Ashwin Sadavarte,400,300,0,700,700,0,0,15,2025-09-04
13450,20240359,2026-04-13,11:21:03,Old,Dr. Ashwin Sadavarte,500,300,0,800,800,0,0,30,2026-05-13
13451,20240359,2026-08-11,11:35:17,Old,Dr. Ashwin Sadavarte,500,0,0,500,100,0,400,,
13452,20240360,2024-06-27,10:15:49,New,Dr. R. Mahalle,400,0,0,400,400,0,0,15,2024-07-12
13453,20240360,2024-10-10,10:30:36,Old,Dr. R. Mahalle,400,200,0,600,600,0,0,60,2024-12-09
13454,20240360,2025-01-13,11:36:39,Old,Dr. R. Mahalle,500,300,0,800,200,0,600,60,2025-03-14
13455,20240360,2025-05-01,13:48:30,Old,Dr. R. Mahalle,500,300,0,800,800,0,0,60,2025-06-30
13456,20240361,2025-01-09,12:22:55,New,Dr. Ashwin Sadavarte,500,0,0,500,500,0,0,,
13457,20240361,2025-04-20,13:40:03,Old,Dr. Ashwin Sadavarte,500,0,0,500,500,0,0,15,2025-05-05
13458,20240361,2025-07-22,11:24:48,Old,Dr. Ashwin Sadavarte,400,0,0,400,400,0,0,30,2025-08-21
13459,20240361,2025-10-12,11:20:12,Old,Dr. Ashwin Sadavarte,400,0,0,400,100,0,300,30,2025-11-11
13460,20240361,2026-01-22,09:57:18,Old,Dr. Ashwin Sadavarte,500,0,0,500,500,0,0,,
13461,20240361,2026-04-23,12:00:01,Old,Dr. Ashwin Sadavarte,500,0,0,500,100,0,400,30,2026-05-23
13462,20240361,2026-07-29,09:38:05,Old,Dr. Ashwin Sadavarte,500,200,0,700,700,0,0,30,2026-08-28
13463,20240362,2023-07-29,11:29:43,New,Dr. R. Mahalle,300,0,0,300,100,0,200,60,2023-09-27
13464,20240362,2023-10-03,11:57:06,Old,Dr. R. Mahalle,400,200,0,600,600,0,0,30,2023-11-02
13465,20240362,2023-12-22,12:08:38,Old,Dr. R. Mahalle,500,300,0,800,800,0,0,15,2024-01-06
13466,20240362,2024-02-28,10:29:17,Old,Dr. R. Mahalle,400,300,0,700,700,0,0,30,2024-03-29
13467,20240362,2024-05-16,12:50:14,Old,Dr. R. Mahalle,400,300,0,700,700,0,0,30,2024-06-15
13468,20240362,2024-08-03,11:40:12,Old,Dr. R. Mahalle,500,0,0,500,500,0,0,30,2024-09-02
13469,20240362,2024-10-05,09:28:42,Old,Dr. R. Mahalle,300,300,0,600,100,0,500,60,2024-12-04
13470,20240362,2024-11-30,12:20:23,Old,Dr. R. Mahalle,400,0,0,400,400,0,0,,
13471,20240362,2025-01-24,11:38:16,Old,Dr. R. Mahalle,300,0,0,300,100,0,200,90,2025-04-24
13472,20240362,2025-04-13,13:10:36,Old,Dr. R. Mahalle,400,300,0,700,700,0,0,30,2025-05-13
13473,20240362,2025-06-24,12:51:58,Old,Dr. R. Mahalle,300,200,0,500,500,0,0,60,2025-08-23
13474,20240362,2025-08-29,11:58:26,Old,Dr. R. Mahalle,300,200,0,500,500,0,0,90,2025-11-27
13475,20240362,2025-11-09,12:02:20,Old,Dr. R. Mahalle,400,0,0,400,400,0,0,30,2025-12-09
13476,20240362,2025-12-31,12:19:48,Old,Dr. R. Mahalle,500,300,0,800,800,0,0,,
13477,20240362,2026-02-22,12:06:13,Old,Dr. R. Mahalle,300,0,0,300,0,0,300,60,2026-04-23
13478,20240362,2026-05-08,09:36:14,Old,Dr. R. Mahalle,500,300,0,800,800,0,0,60,2026-07-07
13479,20240362,2026-07-18,13:26:17,Old,Dr. R. Mahalle,300,300,0,600,600,0,0,,
13480,20240363,2023-08-18,10:55:37,New,Dr. Ashwin Sadavarte,500,200,0,700,700,0,0,30,2023-09-17
13481,20240363,2023-10-30,11:33:17,Old,Dr. Ashwin Sadavarte,300,200,0,500,500,0,0,90,2024-01-28
13482,20240363,2023-12-26,13:32:39,Old,Dr. Ashwin Sadavarte,400,300,0,700,700,0,0,60,2024-02-24
13483,20240363,2024-02-24,10:23:35,Old,Dr. Ashwin Sadavarte,500,200,0,700,700,0,0,90,2024-05-24
13484,20240363,2024-04-22,13:30:26,Old,Dr. Ashwin Sadavarte,300,0,0,300,300,0,0,15,2024-05-07
13485,20240363,2024-06-15,11:01:55,Old,Dr. Ashwin Sadavarte,500,0,0,500,500,0,0,,
13486,20240363,2024-08-15,11:26:26,Old,Dr. Ashwin Sadavarte,300,0,0,300,300,0,0,,
13487,20240363,2024-10-20,10:27:02,Old,Dr. Ashwin Sadavarte,500,200,0,700,700,0,0,30,2024-11-19
13488,20240363,2025-01-06,13:15:40,Old,Dr. Ashwin Sadavarte,500,0,0,500,500,0,0,60,2025-03-07
13489,20240363,2025-03-11,12:20:16,Old,Dr. Ashwin Sadavarte,500,0,0,500,500,0,0,90,2025-06-09
13490,20240363,2025-05-15,13:45:12,Old,Dr. Ashwin Sadavarte,300,300,0,600,600,0,0,90,2025-08-13
13491,20240363,2025-07-21,10:12:22,Old,Dr. Ashwin Sadavarte,500,0,0,500,500,0,0,60,2025-09-19
13492,20240363,2025-09-11,10:44:59,Old,Dr. Ashwin Sadavarte,300,200,0,500,500,0,0,,
13493,20240363,2025-11-21,11:46:18,Old,Dr. Ashwin Sadavarte,300,0,0,300,300,0,0,15,2025-12-06
13494,20240363,2026-02-09,09:25:32,Old,Dr. Ashwin Sadavarte,300,300,0,600,600,0,0,30,2026-03-11
13495,20240363,2026-04-14,10:05:39,Old,Dr. Ashwin Sadavarte,300,0,0,300,300,0,0,30,2026-05-14
13496,20240363,2026-06-15,09:37:51,Old,Dr. Ashwin Sadavarte,400,200,0,600,600,0,0,90,2026-09-13
13497,20240363,2026-08-26,12:42:38,Old,Dr. Ashwin Sadavarte,300,200,0,500,500,0,0,30,2026-09-25
13498,20240364,2023-12-31,11:20:48,New,Dr. R. Mahalle,300,300,0,600,600,0,0,90,2024-03-30
13499,20240364,2024-03-06,09:14:49,Old,Dr. R. Mahalle,400,0,0,400,400,0,0,30,2024-04-05
13500,20240364,2024-05-20,11:24:40,Old,Dr. R. Mahalle,500,0,0,500,500,0,0,60,2024-07-19
13501,20240364,2024-07-23,09:46:54,Old,Dr. R. Mahalle,400,0,0,400,400,0,0,30,2024-08-22
13502,20240364,2024-09-15,09:01:03,Old,Dr. R. Mahalle,400,0,0,400,400,0,0,30,2024-10-15
13503,20240364,2024-11-20,11:26:15,Old,Dr. R. Mahalle,500,0,0,500,500,0,0,,
13504,20240364,2025-01-19,09:04:07,Old,Dr. R. Mahalle,500,0,0,500,500,0,0,90,2025-04-19
13505,20240364,2025-03-18,10:07:34,Old,Dr. R. Mahalle,400,0,0,400,400,0,0,60,2025-05-17
13506,20240364,2025-05-20,09:14:40,Old,Dr. R. Mahalle,400,300,0,700,700,0,0,15,2025-06-04
13507,20240364,2025-07-28,13:51:58,Old,Dr. R. Mahalle,400,0,0,400,400,0,0,30,2025-08-27
13508,20240364,2025-09-21,13:22:53,Old,Dr. R. Mahalle,400,0,0,400,400,0,0,15,2025-10-06
13509,20240364,2025-11-23,10:22:38,Old,Dr. R. Mahalle,500,0,0,500,500,0,0,,
13510,20240364,2026-01-28,10:15:49,Old,Dr. R. Mahalle,500,300,0,800,800,0,0,30,2026-02-27
13511,20240364,2026-04-05,13:51:49,Old,Dr. R. Mahalle,500,300,0,800,800,0,0,60,2026-06-04
13512,20240364,2026-06-21,09:11:49,Old,Dr. R. Mahalle,400,0,0,400,400,0,0,60,2026-08-20
13513,20240364,2026-08-29,10:01:47,Old,Dr. R. Mahalle,400,200,0,600,600,0,0,30,2026-09-28
13514,20240365,2024-12-18,13:43:55,New,Dr. R. Mahalle,500,0,0,500,200,0,300,60,2025-02-16
13515,20240365,2025-01-30,10:38:17,Old,Dr. R. Mahalle,500,300,0,800,800,0,0,30,2025-03-01
13516,20240365,2025-03-04,12:34:56,Old,Dr. R. Mahalle,400,300,0,700,700,0,0,60,2025-05-03
13517,20240365,2025-04-16,13:25:13,Old,Dr. R. Mahalle,500,300,0,800,800,0,0,60,2025-06-15
13518,20240365,2025-05-20,12:39:00,Old,Dr. R. Mahalle,500,0,0,500,500,0,0,30,2025-06-19
13519,20240365,2025-06-24,13:58:58,Old,Dr. R. Mahalle,400,0,0,400,400,0,0,30,2025-07-24
13520,20240365,2025-07-29,11:14:12,Old,Dr. R. Mahalle,500,0,0,500,500,0,0,60,2025-09-27
13521,20240366,2024-04-04,10:01:09,New,Dr. Ashwin Sadavarte,400,0,0,400,400,0,0,60,2024-06-03
13522,20240366,2024-05-31,09:29:05,Old,Dr. Ashwin Sadavarte,500,200,0,700,700,0,0,90,2024-08-29
13523,20240366,2024-08-08,10:06:36,Old,Dr. Ashwin Sadavarte,500,0,0,500,500,0,0,60,2024-10-07
13524,20240366,2024-10-22,10:58:12,Old,Dr. Ashwin Sadavarte,400,0,0,400,400,0,0,,
13525,20240366,2024-12-20,11:51:25,Old,Dr. Ashwin Sadavarte,300,0,0,300,300,0,0,60,2025-02-18
13526,20240366,2025-03-10,12:43:06,Old,Dr. Ashwin Sadavarte,300,200,0,500,500,0,0,,
13527,20240366,2025-05-23,10:21:06,Old,Dr. Ashwin Sadavarte,500,0,0,500,500,0,0,60,2025-07-22
13528,20240366,2025-07-18,13:53:10,Old,Dr. Ashwin Sadavarte,400,0,0,400,400,0,0,,
13529,20240366,2025-09-10,09:27:48,Old,Dr. Ashwin Sadavarte,500,0,0,500,500,0,0,15,2025-09-25
13530,20240366,2025-11-20,12:28:17,Old,Dr. Ashwin Sadavarte,400,300,0,700,700,0,0,30,2025-12-20
13531,20240366,2026-01-26,13:20:06,Old,Dr. Ashwin Sadavarte,500,0,0,500,200,0,300,,
13532,20240366,2026-04-01,11:00:49,Old,Dr. Ashwin Sadavarte,500,0,0,500,500,0,0,15,2026-04-16
13533,20240366,2026-06-05,10:35:19,Old,Dr. Ashwin Sadavarte,400,0,0,400,400,0,0,30,2026-07-05
13534,20240366,2026-08-24,10:13:07,Old,Dr. Ashwin Sadavarte,300,300,0,600,600,0,0,15,2026-09-08
13535,20240367,2023-07-29,12:22:13,New,Dr. Ashwin Sadavarte,500,200,0,700,700,0,0,90,2023-10-27
13536,20240367,2023-10-17,13:37:21,Old,Dr. Ashwin Sadavarte,400,0,0,400,400,0,0,,
13537,20240367,2023-12-08,09:22:37,Old,Dr. Ashwin Sadavarte,400,0,0,400,400,0,0,90,2024-03-07
13538,20240367,2024-02-05,11:40:07,Old,Dr. Ashwin Sadavarte,400,0,0,400,400,0,0,90,2024-05-05
13539,20240367,2024-04-12,12:41:55,Old,Dr. Ashwin Sadavarte,500,0,0,500,500,0,0,60,2024-06-11
13540,20240367,2024-07-01,12:15:46,Old,Dr. Ashwin Sadavarte,500,0,0,500,0,0,500,30,2024-07-31
13541,20240367,2024-09-04,13:50:10,Old,Dr. Ashwin Sadavarte,300,200,0,500,500,0,0,60,2024-11-03
13542,20240367,2024-11-10,12:20:56,Old,Dr. Ashwin Sadavarte,400,0,0,400,400,0,0,60,2025-01-09
13543,20240367,2025-01-16,09:28:27,Old,Dr. Ashwin Sadavarte,300,200,0,500,500,0,0,30,2025-02-15
13544,20240367,2025-03-23,12:43:35,Old,Dr. Ashwin Sadavarte,400,0,0,400,400,0,0,30,2025-04-22
13545,20240367,2025-06-02,11:05:25,Old,Dr. Ashwin Sadavarte,400,0,0,400,400,0,0,30,2025-07-02
13546,20240367,2025-07-29,10:07:56,Old,Dr. Ashwin Sadavarte,300,300,0,600,600,0,0,30,2025-08-28
13547,20240368,2024-06-13,10:16:05,New,Dr. R. Mahalle,500,300,0,800,800,0,0,30,2024-07-13
13548,20240368,2024-08-08,11:43:42,Old,Dr. R. Mahalle,300,0,0,300,300,0,0,30,2024-09-07
13549,20240368,2024-10-07,12:08:58,Old,Dr. R. Mahalle,300,0,0,300,300,0,0,60,2024-12-06
13550,20240368,2024-11-28,12:35:36,Old,Dr. R. Mahalle,300,0,0,300,300,0,0,60,2025-01-27
13551,20240368,2025-01-31,10:17:14,Old,Dr. R. Mahalle,400,200,0,600,600,0,0,,
13552,20240368,2025-03-24,12:23:23,Old,Dr. R. Mahalle,400,0,0,400,400,0,0,30,2025-04-23
13553,20240368,2025-05-16,13:45:11,Old,Dr. R. Mahalle,300,0,0,300,300,0,0,60,2025-07-15
13554,20240368,2025-08-01,11:08:30,Old,Dr. R. Mahalle,300,0,0,300,300,0,0,30,2025-08-31
13555,20240368,2025-10-03,12:43:22,Old,Dr. R. Mahalle,500,300,0,800,800,0,0,30,2025-11-02
13556,20240368,2025-12-11,13:03:50,Old,Dr. R. Mahalle,500,300,0,800,800,0,0,30,2026-01-10
13557,20240368,2026-02-25,13:26:29,Old,Dr. R. Mahalle,400,300,0,700,700,0,0,30,2026-03-27
13558,20240368,2026-04-19,10:06:51,Old,Dr. R. Mahalle,500,200,0,700,700,0,0,30,2026-05-19
13559,20240368,2026-06-12,12:08:09,Old,Dr. R. Mahalle,400,0,0,400,400,0,0,30,2026-07-12
13560,20240368,2026-08-03,12:35:44,Old,Dr. R. Mahalle,400,0,0,400,400,0,0,30,2026-09-02
13561,20240369,2024-07-19,13:23:56,New,Dr. Ashwin Sadavarte,500,0,0,500,500,0,0,90,2024-10-17
13562,20240369,2025-02-05,13:49:01,Old,Dr. Ashwin Sadavarte,500,0,0,500,500,0,0,60,2025-04-06
13563,20240369,2025-08-25,09:33:34,Old,Dr. Ashwin Sadavarte,300,0,0,300,300,0,0,,
13564,20240369,2026-02-23,09:16:30,Old,Dr. Ashwin Sadavarte,300,0,0,300,300,0,0,30,2026-03-25
13565,20240369,2026-04-03,09:33:03,Old,Dr. Ashwin Sadavarte,400,300,0,700,700,0,0,30,2026-05-03
13566,20240369,2026-05-07,11:42:42,Old,Dr. Ashwin Sadavarte,300,0,0,300,300,0,0,60,2026-07-06
13567,20240370,2024-05-29,10:26:46,New,Dr. Ashwin Sadavarte,300,0,0,300,300,0,0,30,2024-06-28
13568,20240370,2024-08-11,11:58:09,Old,Dr. Ashwin Sadavarte,300,0,0,300,300,0,0,90,2024-11-09
13569,20240370,2024-10-18,12:39:36,Old,Dr. Ashwin Sadavarte,400,300,0,700,700,0,0,15,2024-11-02
13570,20240370,2024-12-18,12:33:32,Old,Dr. Ashwin Sadavarte,300,0,0,300,300,0,0,30,2025-01-17
13571,20240370,2025-02-15,10:53:46,Old,Dr. Ashwin Sadavarte,300,0,0,300,200,0,100,15,2025-03-02
13572,20240370,2025-04-24,13:42:39,Old,Dr. Ashwin Sadavarte,400,300,0,700,700,0,0,90,2025-07-23
13573,20240370,2025-07-02,12:59:31,Old,Dr. Ashwin Sadavarte,400,0,0,400,400,0,0,60,2025-08-31
13574,20240370,2025-09-14,12:07:58,Old,Dr. Ashwin Sadavarte,300,0,0,300,300,0,0,30,2025-10-14
13575,20240370,2025-11-14,09:26:45,Old,Dr. Ashwin Sadavarte,400,200,0,600,600,0,0,15,2025-11-29
13576,20240370,2026-01-07,13:12:46,Old,Dr. Ashwin Sadavarte,400,200,0,600,0,0,600,60,2026-03-08
13577,20240370,2026-02-28,12:44:54,Old,Dr. Ashwin Sadavarte,300,0,0,300,300,0,0,30,2026-03-30
13578,20240370,2026-05-02,10:59:35,Old,Dr. Ashwin Sadavarte,400,300,0,700,700,0,0,15,2026-05-17
13579,20240370,2026-07-03,12:21:32,Old,Dr. Ashwin Sadavarte,400,0,0,400,400,0,0,15,2026-07-18
13580,20240371,2026-09-02,11:08:15,New,Dr. Ashwin Sadavarte,300,200,0,500,500,0,0,60,2026-11-01
13581,20240372,2024-12-02,09:53:28,New,Dr. R. Mahalle,400,200,0,600,600,0,0,60,2025-01-31
13582,20240372,2025-02-11,11:24:11,Old,Dr. R. Mahalle,500,0,0,500,500,0,0,,
13583,20240372,2025-05-02,10:21:37,Old,Dr. R. Mahalle,500,0,0,500,0,0,500,,
13584,20240372,2025-09-27,13:18:02,Old,Dr. R. Mahalle,300,0,0,300,300,0,0,90,2025-12-26
13585,20240372,2025-11-20,13:18:20,Old,Dr. R. Mahalle,500,0,0,500,500,0,0,30,2025-12-20
13586,20240372,2026-06-19,10:51:19,Old,Dr. R. Mahalle,500,200,0,700,700,0,0,60,2026-08-18
13587,20240373,2025-05-05,11:55:34,New,Dr. Ashwin Sadavarte,500,0,0,500,500,0,0,30,2025-06-04
13588,20240373,2025-07-20,13:25:36,Old,Dr. Ashwin Sadavarte,400,0,0,400,400,0,0,60,2025-09-18
13589,20240373,2026-01-09,10:15:49,Old,Dr. Ashwin Sadavarte,500,0,0,500,500,0,0,60,2026-03-10
13590,20240373,2026-03-19,12:13:46,Old,Dr. Ashwin Sadavarte,300,0,0,300,300,0,0,60,2026-05-18
13591,20240373,2026-06-03,09:19:46,Old,Dr. Ashwin Sadavarte,400,200,0,600,600,0,0,30,2026-07-03
13592,20240374,2025-06-08,10:27:00,New,Dr. R. Mahalle,400,200,0,600,600,0,0,30,2025-07-08
13593,20240374,2025-08-15,12:43:39,Old,Dr. R. Mahalle,300,0,0,300,100,0,200,,
13594,20240374,2025-10-22,11:40:35,Old,Dr. R. Mahalle,400,0,0,400,400,0,0,60,2025-12-21
13595,20240374,2025-12-14,09:45:32,Old,Dr. R. Mahalle,300,0,0,300,300,0,0,60,2026-02-12
13596,20240374,2026-02-10,10:39:20,Old,Dr. R. Mahalle,300,0,0,300,0,0,300,60,2026-04-11
13597,20240374,2026-04-09,13:16:19,Old,Dr. R. Mahalle,500,200,0,700,700,0,0,15,2026-04-24
13598,20240374,2026-06-26,11:37:56,Old,Dr. R. Mahalle,400,0,0,400,400,0,0,,
13599,20240374,2026-08-25,13:40:18,Old,Dr. R. Mahalle,400,0,0,400,400,0,0,30,2026-09-24
13600,20240375,2026-09-12,10:47:26,New,Dr. Ashwin Sadavarte,500,0,0,500,500,0,0,,
13601,20240376,2024-05-11,13:29:35,New,Dr. R. Mahalle,400,300,0,700,700,0,0,,
13602,20240376,2024-06-07,13:15:36,Old,Dr. R. Mahalle,400,0,0,400,400,0,0,30,2024-07-07
13603,20240376,2024-07-23,10:48:39,Old,Dr. R. Mahalle,400,0,0,400,400,0,0,60,2024-09-21
13604,20240376,2025-03-14,10:12:28,Old,Dr. R. Mahalle,500,200,0,700,700,0,0,60,2025-05-13
13605,20240376,2025-04-26,12:55:02,Old,Dr. R. Mahalle,300,300,0,600,600,0,0,15,2025-05-11
13606,20240376,2025-06-08,12:13:28,Old,Dr. R. Mahalle,500,0,0,500,500,0,0,15,2025-06-23
13607,20240376,2026-01-18,11:07:40,Old,Dr. R. Mahalle,400,0,0,400,400,0,0,,
13608,20240376,2026-02-19,12:27:16,Old,Dr. R. Mahalle,400,300,0,700,700,0,0,90,2026-05-20
13609,20240376,2026-03-15,09:58:01,Old,Dr. R. Mahalle,300,0,0,300,300,0,0,15,2026-03-30
13610,20240376,2026-08-26,13:20:03,Old,Dr. R. Mahalle,500,0,0,500,500,0,0,60,2026-10-25
13611,20240377,2025-03-17,13:55:58,New,Dr. Ashwin Sadavarte,400,300,0,700,700,0,0,30,2025-04-16
13612,20240377,2025-05-28,10:37:38,Old,Dr. Ashwin Sadavarte,500,0,0,500,500,0,0,60,2025-07-27
13613,20240377,2025-07-20,12:04:44,Old,Dr. Ashwin Sadavarte,300,200,0,500,500,0,0,90,2025-10-18
13614,20240377,2025-09-12,12:23:56,Old,Dr. Ashwin Sadavarte,400,0,0,400,200,0,200,30,2025-10-12
13615,20240377,2025-11-10,13:57:39,Old,Dr. Ashwin Sadavarte,500,0,0,500,500,0,0,60,2026-01-09
13616,20240377,2026-01-11,13:59:04,Old,Dr. Ashwin Sadavarte,300,300,0,600,600,0,0,15,2026-01-26
13617,20240377,2026-03-15,12:55:58,Old,Dr. Ashwin Sadavarte,500,300,0,800,800,0,0,60,2026-05-14
13618,20240377,2026-05-16,11:11:26,Old,Dr. Ashwin Sadavarte,300,200,0,500,500,0,0,15,2026-05-31
13619,20240377,2026-08-04,09:26:16,Old,Dr. Ashwin Sadavarte,500,0,0,500,500,0,0,30,2026-09-03
13620,20240378,2025-03-10,13:15:14,New,Dr. Ashwin Sadavarte,500,200,0,700,700,0,0,90,2025-06-08
13621,20240378,2025-05-29,11:45:10,Old,Dr. Ashwin Sadavarte,500,0,0,500,500,0,0,30,2025-06-28
13622,20240379,2025-03-18,13:14:27,New,Dr. Ashwin Sadavarte,300,0,0,300,300,0,0,90,2025-06-16
13623,20240379,2025-06-15,13:25:59,Old,Dr. Ashwin Sadavarte,300,0,0,300,300,0,0,,
13624,20240379,2025-09-14,13:30:04,Old,Dr. Ashwin Sadavarte,300,0,0,300,300,0,0,30,2025-10-14
13625,20240380,2024-01-14,13:14:01,New,Dr. Ashwin Sadavarte,400,300,0,700,700,0,0,60,2024-03-14
13626,20240380,2024-04-03,10:11:25,Old,Dr. Ashwin Sadavarte,400,0,0,400,400,0,0,15,2024-04-18
13627,20240380,2024-06-13,11:12:56,Old,Dr. Ashwin Sadavarte,500,200,0,700,700,0,0,15,2024-06-28
13628,20240380,2024-08-29,12:55:26,Old,Dr. Ashwin Sadavarte,400,0,0,400,400,0,0,,
13629,20240380,2024-11-08,11:30:15,Old,Dr. Ashwin Sadavarte,400,0,0,400,400,0,0,15,2024-11-23
13630,20240380,2025-01-01,12:02:22,Old,Dr. Ashwin Sadavarte,400,0,0,400,400,0,0,30,2025-01-31
13631,20240380,2025-03-21,11:36:39,Old,Dr. Ashwin Sadavarte,500,0,0,500,500,0,0,60,2025-05-20
13632,20240380,2025-05-26,13:52:13,Old,Dr. Ashwin Sadavarte,300,0,0,300,300,0,0,,
13633,20240380,2025-08-08,09:52:19,Old,Dr. Ashwin Sadavarte,300,0,0,300,300,0,0,60,2025-10-07
13634,20240380,2025-10-19,13:01:49,Old,Dr. Ashwin Sadavarte,400,200,0,600,600,0,0,,
13635,20240380,2025-12-21,11:49:15,Old,Dr. Ashwin Sadavarte,400,0,0,400,400,0,0,60,2026-02-19
13636,20240380,2026-02-18,12:51:24,Old,Dr. Ashwin Sadavarte,500,0,0,500,500,0,0,,
13637,20240380,2026-04-25,13:56:54,Old,Dr. Ashwin Sadavarte,300,0,0,300,300,0,0,,
13638,20240380,2026-07-01,13:26:59,Old,Dr. Ashwin Sadavarte,500,0,0,500,500,0,0,30,2026-07-31
13639,20240380,2026-09-03,11:42:24,Old,Dr. Ashwin Sadavarte,400,0,0,400,400,0,0,30,2026-10-03
13640,20240381,2023-11-09,09:33:20,New,Dr. R. Mahalle,300,0,0,300,300,0,0,30,2023-12-09
13641,20240381,2024-08-01,12:39:21,Old,Dr. R. Mahalle,500,300,0,800,800,0,0,90,2024-10-30
13642,20240381,2025-06-24,11:36:14,Old,Dr. R. Mahalle,500,0,0,500,200,0,300,90,2025-09-22
13643,20240381,2025-10-02,11:52:06,Old,Dr. R. Mahalle,500,0,0,500,200,0,300,,
13644,20240381,2025-12-27,10:04:42,Old,Dr. R. Mahalle,400,200,0,600,600,0,0,,
13645,20240381,2026-03-22,13:17:49,Old,Dr. R. Mahalle,300,0,0,300,300,0,0,30,2026-04-21
13646,20240382,2024-06-27,10:54:28,New,Dr. Ashwin Sadavarte,300,200,0,500,500,0,0,60,2024-08-26
13647,20240382,2024-09-25,12:20:48,Old,Dr. Ashwin Sadavarte,500,300,0,800,800,0,0,30,2024-10-25
13648,20240382,2025-01-05,09:08:44,Old,Dr. Ashwin Sadavarte,300,0,0,300,300,0,0,30,2025-02-04
13649,20240382,2025-04-25,10:24:16,Old,Dr. Ashwin Sadavarte,400,200,0,600,600,0,0,,
13650,20240382,2025-08-03,10:28:08,Old,Dr. Ashwin Sadavarte,500,200,0,700,700,0,0,,
13651,20240383,2023-11-04,09:11:15,New,Dr. Ashwin Sadavarte,300,0,0,300,300,0,0,30,2023-12-04
13652,20240383,2024-01-17,13:59:14,Old,Dr. Ashwin Sadavarte,300,0,0,300,300,0,0,60,2024-03-17
13653,20240383,2024-03-20,10:36:10,Old,Dr. Ashwin Sadavarte,500,0,0,500,500,0,0,60,2024-05-19
13654,20240383,2024-05-15,11:09:22,Old,Dr. Ashwin Sadavarte,300,200,0,500,500,0,0,15,2024-05-30
13655,20240383,2024-07-24,12:27:02,Old,Dr. Ashwin Sadavarte,500,0,0,500,500,0,0,60,2024-09-22
13656,20240383,2024-09-27,11:52:18,Old,Dr. Ashwin Sadavarte,400,200,0,600,600,0,0,60,2024-11-26
13657,20240383,2024-11-26,09:48:35,Old,Dr. Ashwin Sadavarte,300,0,0,300,100,0,200,30,2024-12-26
13658,20240383,2025-01-20,09:47:22,Old,Dr. Ashwin Sadavarte,400,0,0,400,400,0,0,30,2025-02-19
13659,20240383,2025-04-03,11:56:21,Old,Dr. Ashwin Sadavarte,300,0,0,300,300,0,0,15,2025-04-18
13660,20240383,2025-06-08,11:40:35,Old,Dr. Ashwin Sadavarte,500,200,0,700,700,0,0,30,2025-07-08
13661,20240383,2025-08-02,10:34:52,Old,Dr. Ashwin Sadavarte,300,0,0,300,300,0,0,60,2025-10-01
13662,20240384,2026-07-19,13:55:51,New,Dr. Ashwin Sadavarte,500,200,0,700,700,0,0,60,2026-09-17
13663,20240385,2024-02-15,11:00:48,New,Dr. R. Mahalle,500,300,0,800,200,0,600,60,2024-04-15
13664,20240385,2024-05-12,12:42:26,Old,Dr. R. Mahalle,300,0,0,300,300,0,0,30,2024-06-11
13665,20240385,2024-08-02,13:12:26,Old,Dr. R. Mahalle,500,0,0,500,500,0,0,15,2024-08-17
13666,20240385,2024-11-02,12:02:00,Old,Dr. R. Mahalle,300,200,0,500,500,0,0,30,2024-12-02
13667,20240385,2025-01-24,10:16:01,Old,Dr. R. Mahalle,300,200,0,500,500,0,0,15,2025-02-08
13668,20240385,2025-05-11,13:36:08,Old,Dr. R. Mahalle,300,0,0,300,300,0,0,90,2025-08-09
13669,20240385,2025-08-26,12:55:20,Old,Dr. R. Mahalle,300,0,0,300,300,0,0,15,2025-09-10
13670,20240385,2025-11-18,09:50:08,Old,Dr. R. Mahalle,300,0,0,300,300,0,0,60,2026-01-17
13671,20240385,2026-02-28,11:45:36,Old,Dr. R. Mahalle,400,200,0,600,600,0,0,,
13672,20240385,2026-06-10,12:13:51,Old,Dr. R. Mahalle,500,0,0,500,500,0,0,15,2026-06-25
13673,20240385,2026-09-02,09:20:55,Old,Dr. R. Mahalle,300,0,0,300,300,0,0,30,2026-10-02
13674,20240386,2024-07-16,12:52:26,New,Dr. Ashwin Sadavarte,400,300,0,700,700,0,0,60,2024-09-14
13675,20240386,2024-08-18,09:59:09,Old,Dr. Ashwin Sadavarte,300,300,0,600,600,0,0,90,2024-11-16
13676,20240386,2024-10-03,09:49:50,Old,Dr. Ashwin Sadavarte,300,0,0,300,300,0,0,60,2024-12-02
13677,20240386,2024-11-09,09:32:07,Old,Dr. Ashwin Sadavarte,300,300,0,600,200,0,400,90,2025-02-07
13678,20240386,2024-12-28,11:39:53,Old,Dr. Ashwin Sadavarte,500,0,0,500,500,0,0,15,2025-01-12
13679,20240386,2025-01-28,10:04:15,Old,Dr. Ashwin Sadavarte,400,0,0,400,400,0,0,30,2025-02-27
13680,20240386,2025-03-07,12:03:57,Old,Dr. Ashwin Sadavarte,500,300,0,800,800,0,0,,
13681,20240386,2025-04-08,10:59:05,Old,Dr. Ashwin Sadavarte,500,0,0,500,0,0,500,,
13682,20240386,2025-05-26,09:40:03,Old,Dr. Ashwin Sadavarte,300,0,0,300,300,0,0,60,2025-07-25
13683,20240386,2025-06-29,09:48:47,Old,Dr. Ashwin Sadavarte,300,300,0,600,600,0,0,,
13684,20240386,2025-07-27,09:25:55,Old,Dr. Ashwin Sadavarte,400,200,0,600,600,0,0,15,2025-08-11
13685,20240386,2025-08-30,12:26:37,Old,Dr. Ashwin Sadavarte,500,0,0,500,500,0,0,30,2025-09-29
13686,20240386,2025-10-19,09:22:59,Old,Dr. Ashwin Sadavarte,400,200,0,600,600,0,0,60,2025-12-18
13687,20240386,2025-11-23,11:15:38,Old,Dr. Ashwin Sadavarte,300,200,0,500,0,0,500,60,2026-01-22
13688,20240386,2026-01-04,12:18:47,Old,Dr. Ashwin Sadavarte,300,200,0,500,500,0,0,30,2026-02-03
13689,20240386,2026-02-09,11:36:29,Old,Dr. Ashwin Sadavarte,500,300,0,800,800,0,0,30,2026-03-11
13690,20240386,2026-03-26,13:37:53,Old,Dr. Ashwin Sadavarte,400,200,0,600,600,0,0,30,2026-04-25
13691,20240386,2026-05-03,12:40:03,Old,Dr. Ashwin Sadavarte,300,0,0,300,300,0,0,,
13692,20240387,2024-12-26,09:38:58,New,Dr. Ashwin Sadavarte,400,300,0,700,700,0,0,60,2025-02-24
13693,20240387,2025-03-06,09:36:58,Old,Dr. Ashwin Sadavarte,400,0,0,400,400,0,0,,
13694,20240387,2025-05-15,10:39:21,Old,Dr. Ashwin Sadavarte,400,200,0,600,600,0,0,90,2025-08-13
13695,20240387,2025-07-17,10:04:11,Old,Dr. Ashwin Sadavarte,400,0,0,400,400,0,0,15,2025-08-01
13696,20240387,2025-09-13,11:52:02,Old,Dr. Ashwin Sadavarte,400,0,0,400,400,0,0,30,2025-10-13
13697,20240387,2025-11-22,13:35:39,Old,Dr. Ashwin Sadavarte,500,0,0,500,500,0,0,60,2026-01-21
13698,20240387,2026-01-18,11:38:42,Old,Dr. Ashwin Sadavarte,400,0,0,400,400,0,0,60,2026-03-19
13699,20240387,2026-03-21,13:14:03,Old,Dr. Ashwin Sadavarte,500,0,0,500,500,0,0,90,2026-06-19
13700,20240387,2026-05-15,11:21:15,Old,Dr. Ashwin Sadavarte,400,200,0,600,600,0,0,90,2026-08-13
13701,20240387,2026-07-29,10:35:35,Old,Dr. Ashwin Sadavarte,300,0,0,300,300,0,0,,
13702,20240388,2025-02-03,10:55:18,New,Dr. Ashwin Sadavarte,500,200,0,700,700,0,0,30,2025-03-05
13703,20240388,2025-12-07,09:30:56,Old,Dr. Ashwin Sadavarte,400,300,0,700,700,0,0,60,2026-02-05
13704,20240388,2026-03-13,12:34:17,Old,Dr. Ashwin Sadavarte,400,300,0,700,700,0,0,30,2026-04-12
13705,20240388,2026-06-21,10:18:36,Old,Dr. Ashwin Sadavarte,300,300,0,600,600,0,0,30,2026-07-21
13706,20240388,2026-09-12,09:51:34,Old,Dr. Ashwin Sadavarte,400,300,0,700,700,0,0,15,2026-09-27
13707,20240389,2025-06-24,09:39:28,New,Dr. Ashwin Sadavarte,400,0,0,400,400,0,0,30,2025-07-24
13708,20240389,2025-10-07,12:16:24,Old,Dr. Ashwin Sadavarte,300,200,0,500,500,0,0,60,2025-12-06
13709,20240389,2025-12-31,13:05:02,Old,Dr. Ashwin Sadavarte,300,300,0,600,600,0,0,60,2026-03-01
13710,20240389,2026-04-20,10:14:49,Old,Dr. Ashwin Sadavarte,500,0,0,500,500,0,0,60,2026-06-19
13711,20240389,2026-07-16,12:36:29,Old,Dr. Ashwin Sadavarte,400,0,0,400,400,0,0,30,2026-08-15
13712,20240390,2023-09-23,10:50:11,New,Dr. R. Mahalle,500,0,0,500,500,0,0,,
13713,20240390,2023-12-10,11:02:32,Old,Dr. R. Mahalle,500,0,0,500,500,0,0,30,2024-01-09
13714,20240390,2024-02-27,12:43:29,Old,Dr. R. Mahalle,400,0,0,400,400,0,0,60,2024-04-27
13715,20240390,2024-05-05,09:59:01,Old,Dr. R. Mahalle,300,0,0,300,300,0,0,30,2024-06-04
13716,20240390,2024-07-03,10:21:15,Old,Dr. R. Mahalle,500,200,0,700,700,0,0,15,2024-07-18
13717,20240390,2024-09-04,10:03:52,Old,Dr. R. Mahalle,400,0,0,400,100,0,300,60,2024-11-03
13718,20240390,2024-11-02,09:28:53,Old,Dr. R. Mahalle,500,200,0,700,700,0,0,90,2025-01-31
13719,20240390,2024-12-26,13:57:27,Old,Dr. R. Mahalle,400,200,0,600,600,0,0,30,2025-01-25
13720,20240390,2025-03-16,10:53:20,Old,Dr. R. Mahalle,500,300,0,800,800,0,0,60,2025-05-15
13721,20240390,2025-05-09,12:35:50,Old,Dr. R. Mahalle,300,0,0,300,300,0,0,15,2025-05-24
13722,20240390,2025-07-24,12:04:42,Old,Dr. R. Mahalle,300,300,0,600,600,0,0,90,2025-10-22
13723,20240390,2025-09-20,13:06:17,Old,Dr. R. Mahalle,400,0,0,400,400,0,0,60,2025-11-19
13724,20240390,2025-11-19,10:22:27,Old,Dr. R. Mahalle,300,0,0,300,300,0,0,,
13725,20240390,2026-01-10,10:04:50,Old,Dr. R. Mahalle,300,300,0,600,600,0,0,,
13726,20240390,2026-03-17,09:04:52,Old,Dr. R. Mahalle,400,0,0,400,400,0,0,30,2026-04-16
13727,20240390,2026-05-21,13:56:28,Old,Dr. R. Mahalle,500,0,0,500,500,0,0,30,2026-06-20
13728,20240390,2026-08-04,11:46:42,Old,Dr. R. Mahalle,400,0,0,400,100,0,300,60,2026-10-03
13729,20240391,2025-06-04,10:57:10,New,Dr. Ashwin Sadavarte,500,0,0,500,0,0,500,30,2025-07-04
13730,20240391,2025-07-13,10:16:57,Old,Dr. Ashwin Sadavarte,500,200,0,700,700,0,0,30,2025-08-12
13731,20240391,2025-08-13,13:37:19,Old,Dr. Ashwin Sadavarte,400,200,0,600,600,0,0,30,2025-09-12
13732,20240391,2025-09-16,09:32:36,Old,Dr. Ashwin Sadavarte,500,300,0,800,800,0,0,60,2025-11-15
13733,20240391,2025-11-04,12:34:57,Old,Dr. Ashwin Sadavarte,400,0,0,400,400,0,0,15,2025-11-19
13734,20240391,2025-12-06,13:57:51,Old,Dr. Ashwin Sadavarte,500,200,0,700,700,0,0,60,2026-02-04
13735,20240392,2025-03-08,10:06:19,New,Dr. Ashwin Sadavarte,300,200,0,500,500,0,0,60,2025-05-07
13736,20240392,2025-05-26,11:27:55,Old,Dr. Ashwin Sadavarte,300,0,0,300,300,0,0,90,2025-08-24
13737,20240392,2025-07-23,11:35:41,Old,Dr. Ashwin Sadavarte,500,200,0,700,700,0,0,15,2025-08-07
13738,20240392,2025-09-29,12:56:48,Old,Dr. Ashwin Sadavarte,400,200,0,600,600,0,0,90,2025-12-28
13739,20240392,2025-11-23,09:08:29,Old,Dr. Ashwin Sadavarte,500,0,0,500,500,0,0,90,2026-02-21
13740,20240392,2026-02-07,10:07:40,Old,Dr. Ashwin Sadavarte,300,200,0,500,500,0,0,60,2026-04-08
13741,20240392,2026-04-13,09:27:06,Old,Dr. Ashwin Sadavarte,400,200,0,600,600,0,0,60,2026-06-12
13742,20240392,2026-06-30,13:51:19,Old,Dr. Ashwin Sadavarte,400,200,0,600,600,0,0,,
13743,20240392,2026-08-26,12:14:36,Old,Dr. Ashwin Sadavarte,500,0,0,500,500,0,0,,
13744,20240393,2024-07-24,11:03:59,New,Dr. Ashwin Sadavarte,300,0,0,300,300,0,0,60,2024-09-22
13745,20240393,2024-10-09,09:51:11,Old,Dr. Ashwin Sadavarte,500,200,0,700,700,0,0,,
13746,20240393,2024-12-20,13:31:58,Old,Dr. Ashwin Sadavarte,500,0,0,500,200,0,300,15,2025-01-04
13747,20240393,2025-02-18,11:31:07,Old,Dr. Ashwin Sadavarte,500,300,0,800,800,0,0,,
13748,20240393,2025-05-05,12:36:34,Old,Dr. Ashwin Sadavarte,400,0,0,400,400,0,0,60,2025-07-04
13749,20240393,2025-07-14,12:37:08,Old,Dr. Ashwin Sadavarte,500,300,0,800,800,0,0,60,2025-09-12
13750,20240393,2025-09-22,12:41:14,Old,Dr. Ashwin Sadavarte,300,200,0,500,500,0,0,15,2025-10-07
13751,20240393,2025-12-11,10:24:08,Old,Dr. Ashwin Sadavarte,400,0,0,400,400,0,0,60,2026-02-09
13752,20240393,2026-02-17,11:10:56,Old,Dr. Ashwin Sadavarte,300,0,0,300,300,0,0,,
13753,20240393,2026-04-12,13:18:56,Old,Dr. Ashwin Sadavarte,400,0,0,400,400,0,0,30,2026-05-12
13754,20240393,2026-06-29,09:14:58,Old,Dr. Ashwin Sadavarte,400,0,0,400,400,0,0,90,2026-09-27
13755,20240393,2026-08-20,11:39:04,Old,Dr. Ashwin Sadavarte,400,0,0,400,400,0,0,30,2026-09-19
13756,20240394,2025-01-23,13:27:24,New,Dr. Ashwin Sadavarte,300,0,0,300,300,0,0,90,2025-04-23
13757,20240394,2025-02-16,11:16:15,Old,Dr. Ashwin Sadavarte,400,0,0,400,400,0,0,60,2025-04-17
13758,20240394,2025-03-10,13:07:21,Old,Dr. Ashwin Sadavarte,500,200,0,700,700,0,0,30,2025-04-09
13759,20240394,2025-04-12,13:35:06,Old,Dr. Ashwin Sadavarte,500,0,0,500,500,0,0,15,2025-04-27
13760,20240394,2025-12-04,10:58:40,Old,Dr. Ashwin Sadavarte,400,300,0,700,700,0,0,60,2026-02-02
13761,20240394,2025-12-29,12:06:42,Old,Dr. Ashwin Sadavarte,500,0,0,500,500,0,0,15,2026-01-13
13762,20240394,2026-01-30,09:06:43,Old,Dr. Ashwin Sadavarte,300,0,0,300,300,0,0,30,2026-03-01
13763,20240394,2026-03-12,09:32:52,Old,Dr. Ashwin Sadavarte,500,0,0,500,500,0,0,60,2026-05-11
13764,20240394,2026-04-23,09:16:39,Old,Dr. Ashwin Sadavarte,500,300,0,800,800,0,0,30,2026-05-23
13765,20240395,2023-11-04,09:17:17,New,Dr. R. Mahalle,400,0,0,400,400,0,0,30,2023-12-04
13766,20240395,2024-01-15,11:20:47,Old,Dr. R. Mahalle,400,0,0,400,0,0,400,60,2024-03-15
13767,20240395,2024-03-30,10:48:10,Old,Dr. R. Mahalle,400,0,0,400,400,0,0,60,2024-05-29
13768,20240395,2024-05-21,10:46:42,Old,Dr. R. Mahalle,300,0,0,300,300,0,0,60,2024-07-20
13769,20240395,2024-08-02,10:07:24,Old,Dr. R. Mahalle,300,0,0,300,300,0,0,60,2024-10-01
13770,20240395,2024-09-24,09:14:30,Old,Dr. R. Mahalle,400,0,0,400,400,0,0,15,2024-10-09
13771,20240395,2024-11-23,12:30:59,Old,Dr. R. Mahalle,400,0,0,400,400,0,0,30,2024-12-23
13772,20240395,2025-02-07,10:24:37,Old,Dr. R. Mahalle,300,300,0,600,600,0,0,60,2025-04-08
13773,20240395,2025-04-18,12:31:33,Old,Dr. R. Mahalle,300,0,0,300,300,0,0,,
13774,20240395,2025-06-24,11:50:54,Old,Dr. R. Mahalle,400,0,0,400,400,0,0,30,2025-07-24
13775,20240395,2025-08-15,11:10:37,Old,Dr. R. Mahalle,400,0,0,400,400,0,0,,
13776,20240395,2025-10-07,12:39:56,Old,Dr. R. Mahalle,500,300,0,800,800,0,0,,
13777,20240395,2025-12-23,12:29:41,Old,Dr. R. Mahalle,500,300,0,800,800,0,0,60,2026-02-21
13778,20240395,2026-02-22,13:34:01,Old,Dr. R. Mahalle,400,0,0,400,400,0,0,60,2026-04-23
13779,20240395,2026-04-15,11:46:02,Old,Dr. R. Mahalle,400,200,0,600,600,0,0,30,2026-05-15
13780,20240395,2026-06-07,09:15:05,Old,Dr. R. Mahalle,400,200,0,600,600,0,0,60,2026-08-06
13781,20240395,2026-08-04,10:49:48,Old,Dr. R. Mahalle,400,200,0,600,200,0,400,30,2026-09-03
13782,20240396,2025-06-14,09:46:55,New,Dr. Ashwin Sadavarte,500,0,0,500,500,0,0,30,2025-07-14
13783,20240396,2025-08-18,13:47:48,Old,Dr. Ashwin Sadavarte,500,200,0,700,700,0,0,,
13784,20240397,2024-05-17,10:40:41,New,Dr. Ashwin Sadavarte,400,0,0,400,400,0,0,60,2024-07-16
13785,20240397,2024-08-30,10:44:19,Old,Dr. Ashwin Sadavarte,300,300,0,600,600,0,0,30,2024-09-29
13786,20240397,2024-12-17,09:28:40,Old,Dr. Ashwin Sadavarte,400,0,0,400,400,0,0,60,2025-02-15
13787,20240397,2025-03-24,12:14:43,Old,Dr. Ashwin Sadavarte,500,0,0,500,500,0,0,30,2025-04-23
13788,20240397,2025-06-21,12:20:59,Old,Dr. Ashwin Sadavarte,300,0,0,300,300,0,0,30,2025-07-21
13789,20240397,2025-09-15,10:35:01,Old,Dr. Ashwin Sadavarte,300,0,0,300,300,0,0,60,2025-11-14
13790,20240397,2025-12-06,09:19:23,Old,Dr. Ashwin Sadavarte,500,200,0,700,0,0,700,30,2026-01-05
13791,20240397,2026-03-12,11:16:34,Old,Dr. Ashwin Sadavarte,300,0,0,300,300,0,0,30,2026-04-11
13792,20240397,2026-06-17,11:20:27,Old,Dr. Ashwin Sadavarte,300,200,0,500,500,0,0,30,2026-07-17
13793,20240398,2023-11-06,12:09:30,New,Dr. R. Mahalle,500,0,0,500,500,0,0,60,2024-01-05
13794,20240398,2024-01-04,10:11:05,Old,Dr. R. Mahalle,300,300,0,600,600,0,0,60,2024-03-04
13795,20240398,2024-06-16,11:59:45,Old,Dr. R. Mahalle,400,0,0,400,400,0,0,60,2024-08-15
13796,20240398,2025-02-08,11:03:21,Old,Dr. R. Mahalle,500,200,0,700,700,0,0,60,2025-04-09
13797,20240398,2025-04-17,10:06:42,Old,Dr. R. Mahalle,400,300,0,700,0,0,700,60,2025-06-16
13798,20240398,2025-09-10,10:38:52,Old,Dr. R. Mahalle,500,0,0,500,500,0,0,60,2025-11-09
13799,20240398,2025-11-01,11:48:25,Old,Dr. R. Mahalle,300,200,0,500,500,0,0,90,2026-01-30
13800,20240398,2026-01-19,13:41:19,Old,Dr. R. Mahalle,300,0,0,300,300,0,0,15,2026-02-03
13801,20240398,2026-06-28,09:53:44,Old,Dr. R. Mahalle,300,0,0,300,300,0,0,90,2026-09-26
13802,20240398,2026-08-24,09:03:09,Old,Dr. R. Mahalle,500,200,0,700,700,0,0,30,2026-09-23
13803,20240399,2024-05-28,11:50:45,New,Dr. Ashwin Sadavarte,300,0,0,300,300,0,0,60,2024-07-27
13804,20240399,2024-08-06,12:45:47,Old,Dr. Ashwin Sadavarte,300,300,0,600,0,0,600,,
13805,20240399,2024-09-30,11:50:11,Old,Dr. Ashwin Sadavarte,300,0,0,300,300,0,0,,
13806,20240399,2024-12-03,12:38:20,Old,Dr. Ashwin Sadavarte,400,0,0,400,400,0,0,60,2025-02-01
13807,20240399,2025-02-17,09:53:52,Old,Dr. Ashwin Sadavarte,500,0,0,500,200,0,300,60,2025-04-18
13808,20240399,2025-04-20,09:42:01,Old,Dr. Ashwin Sadavarte,300,0,0,300,300,0,0,60,2025-06-19
13809,20240399,2025-06-14,12:17:52,Old,Dr. Ashwin Sadavarte,400,0,0,400,400,0,0,60,2025-08-13
13810,20240399,2025-08-20,10:47:47,Old,Dr. Ashwin Sadavarte,400,0,0,400,400,0,0,90,2025-11-18
13811,20240399,2025-11-02,11:36:12,Old,Dr. Ashwin Sadavarte,400,300,0,700,700,0,0,60,2026-01-01
13812,20240399,2026-01-20,13:04:44,Old,Dr. Ashwin Sadavarte,300,0,0,300,300,0,0,90,2026-04-20
13813,20240399,2026-03-24,10:12:58,Old,Dr. Ashwin Sadavarte,500,0,0,500,500,0,0,,
13814,20240399,2026-05-28,13:14:10,Old,Dr. Ashwin Sadavarte,400,300,0,700,100,0,600,90,2026-08-26
13815,20240399,2026-07-19,10:54:50,Old,Dr. Ashwin Sadavarte,300,0,0,300,300,0,0,15,2026-08-03
13816,20240399,2026-09-17,13:15:41,Old,Dr. Ashwin Sadavarte,300,300,0,600,600,0,0,15,2026-10-02
13817,20240400,2024-08-20,09:05:48,New,Dr. Ashwin Sadavarte,400,200,0,600,600,0,0,30,2024-09-19
13818,20240400,2024-09-28,12:32:57,Old,Dr. Ashwin Sadavarte,300,0,0,300,300,0,0,30,2024-10-28
13819,20240400,2024-10-29,12:27:32,Old,Dr. Ashwin Sadavarte,500,300,0,800,800,0,0,60,2024-12-28
13820,20240400,2024-12-14,12:14:35,Old,Dr. Ashwin Sadavarte,300,0,0,300,0,0,300,30,2025-01-13
13821,20240400,2025-01-05,12:07:20,Old,Dr. Ashwin Sadavarte,300,200,0,500,500,0,0,,
13822,20240400,2025-02-19,11:48:21,Old,Dr. Ashwin Sadavarte,500,200,0,700,700,0,0,60,2025-04-20
13823,20240400,2025-03-27,10:19:09,Old,Dr. Ashwin Sadavarte,400,0,0,400,400,0,0,30,2025-04-26
13824,20240400,2025-05-13,11:43:48,Old,Dr. Ashwin Sadavarte,300,0,0,300,300,0,0,15,2025-05-28
13825,20240400,2025-06-19,12:49:30,Old,Dr. Ashwin Sadavarte,500,300,0,800,200,0,600,60,2025-08-18
13826,20240400,2025-07-15,12:17:09,Old,Dr. Ashwin Sadavarte,300,0,0,300,300,0,0,30,2025-08-14
13827,20240400,2025-08-31,09:31:39,Old,Dr. Ashwin Sadavarte,400,0,0,400,400,0,0,60,2025-10-30
13828,20240400,2025-10-05,12:17:51,Old,Dr. Ashwin Sadavarte,300,200,0,500,500,0,0,,
13829,20240400,2025-11-11,09:47:50,Old,Dr. Ashwin Sadavarte,400,0,0,400,400,0,0,60,2026-01-10
13830,20240400,2025-12-27,09:19:41,Old,Dr. Ashwin Sadavarte,400,300,0,700,700,0,0,30,2026-01-26
13831,20240400,2026-02-11,11:19:35,Old,Dr. Ashwin Sadavarte,400,300,0,700,700,0,0,30,2026-03-13
13832,20240400,2026-03-08,13:28:22,Old,Dr. Ashwin Sadavarte,400,300,0,700,700,0,0,90,2026-06-06
13833,20240400,2026-04-01,12:27:33,Old,Dr. Ashwin Sadavarte,400,0,0,400,400,0,0,60,2026-05-31
13834,20240400,2026-05-21,09:24:06,Old,Dr. Ashwin Sadavarte,500,0,0,500,500,0,0,30,2026-06-20
13835,20240400,2026-07-09,11:25:18,Old,Dr. Ashwin Sadavarte,500,200,0,700,700,0,0,90,2026-10-07
13836,20240400,2026-08-16,10:23:21,Old,Dr. Ashwin Sadavarte,300,200,0,500,500,0,0,15,2026-08-31
13837,20240400,2026-09-15,12:35:14,Old,Dr. Ashwin Sadavarte,500,0,0,500,500,0,0,15,2026-09-30
13838,20240401,2025-04-09,13:43:25,New,Dr. R. Mahalle,400,200,0,600,600,0,0,30,2025-05-09
13839,20240401,2026-01-17,11:24:07,Old,Dr. R. Mahalle,300,0,0,300,300,0,0,60,2026-03-18
13840,20240401,2026-03-22,09:55:31,Old,Dr. R. Mahalle,400,300,0,700,700,0,0,30,2026-04-21
13841,20240401,2026-06-05,09:28:38,Old,Dr. R. Mahalle,500,0,0,500,200,0,300,90,2026-09-03
13842,20240401,2026-08-04,10:27:09,Old,Dr. R. Mahalle,400,300,0,700,700,0,0,30,2026-09-03
13843,20240402,2024-07-03,09:01:47,New,Dr. Ashwin Sadavarte,400,0,0,400,400,0,0,60,2024-09-01
13844,20240402,2025-02-09,10:59:37,Old,Dr. Ashwin Sadavarte,400,0,0,400,400,0,0,30,2025-03-11
13845,20240402,2025-07-28,10:25:40,Old,Dr. Ashwin Sadavarte,400,0,0,400,400,0,0,90,2025-10-26
13846,20240402,2026-05-17,09:54:53,Old,Dr. Ashwin Sadavarte,400,0,0,400,400,0,0,90,2026-08-15
13847,20240402,2026-07-10,13:32:47,Old,Dr. Ashwin Sadavarte,400,300,0,700,700,0,0,,
13848,20240402,2026-09-01,09:51:55,Old,Dr. Ashwin Sadavarte,400,0,0,400,400,0,0,30,2026-10-01
13849,20240403,2024-12-05,10:46:53,New,Dr. Ashwin Sadavarte,400,300,0,700,700,0,0,30,2025-01-04
13850,20240403,2025-03-13,11:34:38,Old,Dr. Ashwin Sadavarte,400,300,0,700,700,0,0,60,2025-05-12
13851,20240403,2025-06-21,11:40:31,Old,Dr. Ashwin Sadavarte,500,300,0,800,800,0,0,90,2025-09-19
13852,20240403,2025-10-07,10:19:39,Old,Dr. Ashwin Sadavarte,300,0,0,300,300,0,0,15,2025-10-22
13853,20240403,2026-01-16,10:42:28,Old,Dr. Ashwin Sadavarte,300,300,0,600,200,0,400,,
13854,20240403,2026-05-04,13:02:17,Old,Dr. Ashwin Sadavarte,400,200,0,600,600,0,0,,
13855,20240403,2026-08-06,11:34:11,Old,Dr. Ashwin Sadavarte,300,300,0,600,600,0,0,15,2026-08-21
13856,20240404,2024-10-10,12:39:40,New,Dr. Ashwin Sadavarte,300,0,0,300,300,0,0,60,2024-12-09
13857,20240404,2025-07-03,09:05:06,Old,Dr. Ashwin Sadavarte,400,0,0,400,400,0,0,60,2025-09-01
13858,20240404,2026-03-06,10:11:13,Old,Dr. Ashwin Sadavarte,400,300,0,700,700,0,0,60,2026-05-05
13859,20240404,2026-05-01,10:13:19,Old,Dr. Ashwin Sadavarte,500,0,0,500,500,0,0,60,2026-06-30
13860,20240404,2026-07-11,09:08:03,Old,Dr. Ashwin Sadavarte,500,0,0,500,500,0,0,30,2026-08-10
13861,20240405,2024-12-03,09:50:19,New,Dr. Ashwin Sadavarte,500,300,0,800,800,0,0,30,2025-01-02
13862,20240405,2025-01-17,12:09:23,Old,Dr. Ashwin Sadavarte,500,200,0,700,700,0,0,30,2025-02-16
13863,20240405,2025-02-16,12:12:58,Old,Dr. Ashwin Sadavarte,400,0,0,400,400,0,0,60,2025-04-17
13864,20240405,2025-03-30,11:52:39,Old,Dr. Ashwin Sadavarte,400,0,0,400,400,0,0,30,2025-04-29
13865,20240405,2025-04-25,13:00:18,Old,Dr. Ashwin Sadavarte,500,200,0,700,700,0,0,60,2025-06-24
13866,20240405,2025-05-20,10:22:52,Old,Dr. Ashwin Sadavarte,300,0,0,300,300,0,0,15,2025-06-04
13867,20240405,2025-06-28,12:23:47,Old,Dr. Ashwin Sadavarte,500,200,0,700,100,0,600,60,2025-08-27
13868,20240405,2025-08-16,12:54:45,Old,Dr. Ashwin Sadavarte,300,200,0,500,500,0,0,15,2025-08-31
13869,20240405,2025-09-23,12:03:44,Old,Dr. Ashwin Sadavarte,400,0,0,400,400,0,0,30,2025-10-23
13870,20240405,2025-10-16,09:56:50,Old,Dr. Ashwin Sadavarte,500,0,0,500,500,0,0,15,2025-10-31
13871,20240405,2025-11-08,10:48:16,Old,Dr. Ashwin Sadavarte,500,200,0,700,700,0,0,60,2026-01-07
13872,20240405,2025-12-21,11:25:01,Old,Dr. Ashwin Sadavarte,500,0,0,500,500,0,0,30,2026-01-20
13873,20240405,2026-01-19,13:21:56,Old,Dr. Ashwin Sadavarte,400,0,0,400,400,0,0,30,2026-02-18
13874,20240405,2026-03-04,09:16:07,Old,Dr. Ashwin Sadavarte,400,300,0,700,700,0,0,60,2026-05-03
13875,20240405,2026-04-21,12:53:15,Old,Dr. Ashwin Sadavarte,400,300,0,700,700,0,0,30,2026-05-21
13876,20240405,2026-06-05,13:35:33,Old,Dr. Ashwin Sadavarte,400,0,0,400,400,0,0,90,2026-09-03
13877,20240405,2026-07-08,12:47:58,Old,Dr. Ashwin Sadavarte,400,0,0,400,400,0,0,60,2026-09-06
13878,20240405,2026-08-07,09:44:40,Old,Dr. Ashwin Sadavarte,300,300,0,600,0,0,600,,
13879,20240405,2026-09-07,11:05:55,Old,Dr. Ashwin Sadavarte,300,200,0,500,500,0,0,60,2026-11-06
13880,20240406,2025-04-11,10:42:03,New,Dr. Ashwin Sadavarte,400,0,0,400,400,0,0,30,2025-05-11
13881,20240406,2025-05-26,09:30:28,Old,Dr. Ashwin Sadavarte,400,0,0,400,400,0,0,30,2025-06-25
13882,20240406,2025-07-05,09:28:28,Old,Dr. Ashwin Sadavarte,500,0,0,500,100,0,400,,
13883,20240406,2025-08-02,13:23:12,Old,Dr. Ashwin Sadavarte,500,0,0,500,500,0,0,,
13884,20240406,2025-08-24,13:57:11,Old,Dr. Ashwin Sadavarte,400,200,0,600,600,0,0,30,2025-09-23
13885,20240406,2025-09-20,13:10:57,Old,Dr. Ashwin Sadavarte,500,300,0,800,800,0,0,90,2025-12-19
13886,20240406,2025-10-15,11:35:02,Old,Dr. Ashwin Sadavarte,400,0,0,400,400,0,0,30,2025-11-14
13887,20240406,2025-11-07,10:28:48,Old,Dr. Ashwin Sadavarte,500,0,0,500,500,0,0,30,2025-12-07
13888,20240406,2025-12-14,09:06:01,Old,Dr. Ashwin Sadavarte,500,0,0,500,100,0,400,30,2026-01-13
13889,20240406,2026-01-22,13:00:10,Old,Dr. Ashwin Sadavarte,300,300,0,600,600,0,0,90,2026-04-22
13890,20240406,2026-02-23,10:08:39,Old,Dr. Ashwin Sadavarte,500,0,0,500,500,0,0,30,2026-03-25
13891,20240406,2026-04-09,13:41:36,Old,Dr. Ashwin Sadavarte,300,300,0,600,600,0,0,15,2026-04-24
13892,20240406,2026-05-18,13:01:30,Old,Dr. Ashwin Sadavarte,400,200,0,600,600,0,0,15,2026-06-02
13893,20240406,2026-06-19,12:35:33,Old,Dr. Ashwin Sadavarte,500,0,0,500,500,0,0,30,2026-07-19
13894,20240406,2026-08-05,13:06:15,Old,Dr. Ashwin Sadavarte,400,0,0,400,400,0,0,60,2026-10-04
13895,20240406,2026-08-28,12:40:55,Old,Dr. Ashwin Sadavarte,500,200,0,700,700,0,0,60,2026-10-27
13896,20240407,2023-10-04,09:17:01,New,Dr. Ashwin Sadavarte,400,0,0,400,100,0,300,60,2023-12-03
13897,20240407,2024-01-08,12:49:53,Old,Dr. Ashwin Sadavarte,500,0,0,500,500,0,0,90,2024-04-07
13898,20240407,2024-04-21,12:11:45,Old,Dr. Ashwin Sadavarte,500,300,0,800,800,0,0,15,2024-05-06
13899,20240407,2024-07-24,12:27:36,Old,Dr. Ashwin Sadavarte,300,200,0,500,500,0,0,60,2024-09-22
13900,20240407,2024-11-11,11:17:20,Old,Dr. Ashwin Sadavarte,400,0,0,400,400,0,0,60,2025-01-10
13901,20240407,2025-02-27,13:28:36,Old,Dr. Ashwin Sadavarte,500,200,0,700,700,0,0,30,2025-03-29
13902,20240407,2025-05-26,12:52:31,Old,Dr. Ashwin Sadavarte,500,0,0,500,500,0,0,90,2025-08-24
13903,20240407,2025-08-28,11:43:46,Old,Dr. Ashwin Sadavarte,400,0,0,400,400,0,0,30,2025-09-27
13904,20240407,2025-11-29,12:25:53,Old,Dr. Ashwin Sadavarte,500,200,0,700,700,0,0,90,2026-02-27
13905,20240407,2026-03-05,13:11:48,Old,Dr. Ashwin Sadavarte,400,0,0,400,400,0,0,30,2026-04-04
13906,20240407,2026-06-02,11:52:24,Old,Dr. Ashwin Sadavarte,500,0,0,500,500,0,0,60,2026-08-01
13907,20240407,2026-09-14,12:40:38,Old,Dr. Ashwin Sadavarte,400,0,0,400,200,0,200,30,2026-10-14
13908,20240408,2024-04-15,10:44:57,New,Dr. R. Mahalle,500,200,0,700,700,0,0,15,2024-04-30
13909,20240408,2024-07-17,11:18:48,Old,Dr. R. Mahalle,400,200,0,600,600,0,0,60,2024-09-15
13910,20240408,2024-10-07,10:37:17,Old,Dr. R. Mahalle,300,300,0,600,600,0,0,60,2024-12-06
13911,20240408,2025-01-16,10:52:16,Old,Dr. R. Mahalle,300,0,0,300,300,0,0,60,2025-03-17
13912,20240408,2025-04-16,10:50:54,Old,Dr. R. Mahalle,400,300,0,700,700,0,0,60,2025-06-15
13913,20240408,2025-08-01,12:25:38,Old,Dr. R. Mahalle,500,200,0,700,700,0,0,60,2025-09-30
13914,20240408,2025-10-26,09:24:54,Old,Dr. R. Mahalle,400,0,0,400,400,0,0,30,2025-11-25
13915,20240408,2026-02-03,13:51:58,Old,Dr. R. Mahalle,400,0,0,400,400,0,0,60,2026-04-04
13916,20240408,2026-05-04,11:35:14,Old,Dr. R. Mahalle,500,0,0,500,500,0,0,,
13917,20240408,2026-07-30,10:34:34,Old,Dr. R. Mahalle,400,0,0,400,400,0,0,60,2026-09-28
13918,20240409,2024-08-06,09:19:41,New,Dr. Ashwin Sadavarte,300,300,0,600,100,0,500,,
13919,20240409,2024-10-12,11:53:43,Old,Dr. Ashwin Sadavarte,500,0,0,500,500,0,0,90,2025-01-10
13920,20240409,2024-12-15,10:10:04,Old,Dr. Ashwin Sadavarte,300,0,0,300,200,0,100,,
13921,20240409,2025-03-05,09:59:14,Old,Dr. Ashwin Sadavarte,300,0,0,300,300,0,0,30,2025-04-04
13922,20240409,2025-05-23,13:15:48,Old,Dr. Ashwin Sadavarte,500,300,0,800,0,0,800,60,2025-07-22
13923,20240409,2025-07-27,10:22:18,Old,Dr. Ashwin Sadavarte,400,200,0,600,600,0,0,30,2025-08-26
13924,20240409,2025-09-30,09:11:32,Old,Dr. Ashwin Sadavarte,300,0,0,300,300,0,0,60,2025-11-29
13925,20240409,2025-12-03,11:14:46,Old,Dr. Ashwin Sadavarte,300,200,0,500,500,0,0,30,2026-01-02
13926,20240409,2026-02-03,13:58:35,Old,Dr. Ashwin Sadavarte,300,0,0,300,300,0,0,60,2026-04-04
13927,20240409,2026-04-06,12:32:07,Old,Dr. Ashwin Sadavarte,400,300,0,700,0,0,700,90,2026-07-05
13928,20240409,2026-06-06,10:42:21,Old,Dr. Ashwin Sadavarte,300,200,0,500,100,0,400,90,2026-09-04
13929,20240409,2026-08-23,12:26:11,Old,Dr. Ashwin Sadavarte,400,0,0,400,400,0,0,,
13930,20240410,2025-06-27,13:56:04,New,Dr. R. Mahalle,400,300,0,700,200,0,500,15,2025-07-12
13931,20240410,2025-09-12,10:09:00,Old,Dr. R. Mahalle,500,0,0,500,500,0,0,30,2025-10-12
13932,20240410,2025-11-21,09:42:27,Old,Dr. R. Mahalle,300,0,0,300,0,0,300,,
13933,20240410,2026-01-25,13:54:46,Old,Dr. R. Mahalle,300,200,0,500,500,0,0,30,2026-02-24
13934,20240410,2026-04-01,12:02:29,Old,Dr. R. Mahalle,300,0,0,300,300,0,0,60,2026-05-31
13935,20240410,2026-05-28,13:37:58,Old,Dr. R. Mahalle,500,0,0,500,100,0,400,60,2026-07-27
13936,20240410,2026-08-15,13:08:14,Old,Dr. R. Mahalle,500,0,0,500,0,0,500,30,2026-09-14
13937,20240411,2024-04-02,12:24:25,New,Dr. Ashwin Sadavarte,300,300,0,600,600,0,0,15,2024-04-17
13938,20240411,2024-06-04,12:47:03,Old,Dr. Ashwin Sadavarte,500,200,0,700,200,0,500,60,2024-08-03
13939,20240411,2024-08-10,11:43:14,Old,Dr. Ashwin Sadavarte,300,0,0,300,300,0,0,90,2024-11-08
13940,20240411,2024-10-04,13:53:24,Old,Dr. Ashwin Sadavarte,300,0,0,300,300,0,0,15,2024-10-19
13941,20240411,2024-11-25,12:43:50,Old,Dr. Ashwin Sadavarte,400,0,0,400,400,0,0,,
13942,20240411,2025-02-04,11:16:08,Old,Dr. Ashwin Sadavarte,400,0,0,400,400,0,0,15,2025-02-19
13943,20240411,2025-04-17,10:08:40,Old,Dr. Ashwin Sadavarte,500,0,0,500,500,0,0,15,2025-05-02
13944,20240411,2025-06-27,09:40:55,Old,Dr. Ashwin Sadavarte,300,0,0,300,300,0,0,30,2025-07-27
13945,20240411,2025-09-01,09:11:44,Old,Dr. Ashwin Sadavarte,400,300,0,700,700,0,0,90,2025-11-30
13946,20240411,2025-11-01,12:30:59,Old,Dr. Ashwin Sadavarte,500,0,0,500,500,0,0,90,2026-01-30
13947,20240411,2026-01-13,12:16:41,Old,Dr. Ashwin Sadavarte,300,0,0,300,300,0,0,15,2026-01-28
13948,20240411,2026-03-20,13:20:52,Old,Dr. Ashwin Sadavarte,300,300,0,600,600,0,0,30,2026-04-19
13949,20240411,2026-05-27,12:35:41,Old,Dr. Ashwin Sadavarte,300,0,0,300,300,0,0,60,2026-07-26
13950,20240411,2026-08-06,11:55:10,Old,Dr. Ashwin Sadavarte,500,0,0,500,500,0,0,30,2026-09-05
13951,20240412,2024-06-12,11:05:47,New,Dr. Ashwin Sadavarte,400,300,0,700,700,0,0,30,2024-07-12
13952,20240412,2025-03-24,11:50:17,Old,Dr. Ashwin Sadavarte,500,0,0,500,500,0,0,15,2025-04-08
13953,20240412,2025-05-20,10:59:32,Old,Dr. Ashwin Sadavarte,400,0,0,400,400,0,0,90,2025-08-18
13954,20240412,2025-07-16,12:52:02,Old,Dr. Ashwin Sadavarte,300,200,0,500,500,0,0,15,2025-07-31
13955,20240412,2025-10-03,13:45:05,Old,Dr. Ashwin Sadavarte,500,0,0,500,500,0,0,60,2025-12-02
13956,20240412,2025-12-03,12:02:52,Old,Dr. Ashwin Sadavarte,300,200,0,500,500,0,0,30,2026-01-02
13957,20240412,2026-02-10,12:14:59,Old,Dr. Ashwin Sadavarte,500,0,0,500,500,0,0,60,2026-04-11
13958,20240412,2026-04-19,10:33:47,Old,Dr. Ashwin Sadavarte,400,0,0,400,400,0,0,,
13959,20240412,2026-06-29,10:32:16,Old,Dr. Ashwin Sadavarte,300,0,0,300,300,0,0,60,2026-08-28
13960,20240412,2026-08-31,09:54:14,Old,Dr. Ashwin Sadavarte,300,0,0,300,300,0,0,90,2026-11-29
13961,20240413,2023-12-07,12:56:24,New,Dr. Ashwin Sadavarte,500,300,0,800,800,0,0,90,2024-03-06
13962,20240413,2024-03-19,12:51:03,Old,Dr. Ashwin Sadavarte,400,0,0,400,400,0,0,90,2024-06-17
13963,20240413,2024-09-25,12:45:55,Old,Dr. Ashwin Sadavarte,500,200,0,700,700,0,0,15,2024-10-10
13964,20240413,2025-08-31,12:51:59,Old,Dr. Ashwin Sadavarte,400,200,0,600,600,0,0,60,2025-10-30
13965,20240413,2026-03-07,13:20:49,Old,Dr. Ashwin Sadavarte,500,200,0,700,700,0,0,30,2026-04-06
13966,20240413,2026-06-02,13:12:13,Old,Dr. Ashwin Sadavarte,500,300,0,800,800,0,0,60,2026-08-01
13967,20240414,2026-08-24,12:03:15,New,Dr. Ashwin Sadavarte,400,0,0,400,400,0,0,90,2026-11-22
13968,20240415,2026-07-26,12:05:51,New,Dr. R. Mahalle,500,0,0,500,500,0,0,30,2026-08-25
13969,20240416,2023-08-03,12:28:11,New,Dr. Ashwin Sadavarte,300,0,0,300,300,0,0,60,2023-10-02
13970,20240416,2023-09-30,13:24:05,Old,Dr. Ashwin Sadavarte,400,200,0,600,600,0,0,90,2023-12-29
13971,20240416,2023-12-04,11:46:14,Old,Dr. Ashwin Sadavarte,500,300,0,800,800,0,0,90,2024-03-03
13972,20240416,2024-09-13,13:02:39,Old,Dr. Ashwin Sadavarte,300,200,0,500,500,0,0,60,2024-11-12
13973,20240416,2024-11-24,11:37:58,Old,Dr. Ashwin Sadavarte,400,0,0,400,400,0,0,90,2025-02-22
13974,20240416,2025-07-23,09:06:39,Old,Dr. Ashwin Sadavarte,500,200,0,700,700,0,0,,
13975,20240416,2025-09-19,09:47:23,Old,Dr. Ashwin Sadavarte,400,300,0,700,200,0,500,60,2025-11-18
13976,20240416,2025-11-29,12:55:31,Old,Dr. Ashwin Sadavarte,300,0,0,300,300,0,0,30,2025-12-29
13977,20240416,2026-02-05,09:12:00,Old,Dr. Ashwin Sadavarte,300,300,0,600,600,0,0,30,2026-03-07
13978,20240416,2026-08-14,12:24:22,Old,Dr. Ashwin Sadavarte,500,300,0,800,800,0,0,60,2026-10-13
13979,20240417,2025-06-26,11:59:07,New,Dr. R. Mahalle,300,0,0,300,300,0,0,,
13980,20240417,2025-08-24,12:51:33,Old,Dr. R. Mahalle,400,0,0,400,400,0,0,60,2025-10-23
13981,20240417,2025-10-15,10:30:04,Old,Dr. R. Mahalle,300,0,0,300,300,0,0,30,2025-11-14
13982,20240417,2025-12-11,12:22:59,Old,Dr. R. Mahalle,500,300,0,800,800,0,0,30,2026-01-10
13983,20240417,2026-02-11,12:38:03,Old,Dr. R. Mahalle,500,0,0,500,500,0,0,60,2026-04-12
13984,20240417,2026-04-25,10:16:28,Old,Dr. R. Mahalle,300,300,0,600,600,0,0,90,2026-07-24
13985,20240417,2026-06-24,11:38:07,Old,Dr. R. Mahalle,400,0,0,400,400,0,0,60,2026-08-23
13986,20240417,2026-09-01,11:32:59,Old,Dr. R. Mahalle,400,0,0,400,400,0,0,15,2026-09-16
13987,20240418,2024-09-30,12:58:56,New,Dr. Ashwin Sadavarte,400,200,0,600,600,0,0,60,2024-11-29
13988,20240418,2024-12-13,12:09:14,Old,Dr. Ashwin Sadavarte,500,300,0,800,800,0,0,,
13989,20240418,2025-02-11,10:45:00,Old,Dr. Ashwin Sadavarte,500,0,0,500,0,0,500,30,2025-03-13
13990,20240418,2025-04-07,13:20:35,Old,Dr. Ashwin Sadavarte,300,0,0,300,300,0,0,90,2025-07-06
13991,20240418,2025-06-12,09:09:49,Old,Dr. Ashwin Sadavarte,400,300,0,700,700,0,0,30,2025-07-12
13992,20240418,2025-08-06,11:57:13,Old,Dr. Ashwin Sadavarte,500,0,0,500,500,0,0,15,2025-08-21
13993,20240418,2025-10-03,13:57:33,Old,Dr. Ashwin Sadavarte,400,0,0,400,400,0,0,,
13994,20240418,2025-12-08,11:10:33,Old,Dr. Ashwin Sadavarte,400,0,0,400,100,0,300,90,2026-03-08
13995,20240418,2026-02-12,11:46:58,Old,Dr. Ashwin Sadavarte,500,0,0,500,500,0,0,30,2026-03-14
13996,20240418,2026-05-02,09:49:00,Old,Dr. Ashwin Sadavarte,400,300,0,700,700,0,0,30,2026-06-01
13997,20240418,2026-06-29,09:07:54,Old,Dr. Ashwin Sadavarte,400,0,0,400,400,0,0,60,2026-08-28
13998,20240418,2026-08-24,13:08:51,Old,Dr. Ashwin Sadavarte,300,200,0,500,500,0,0,30,2026-09-23
13999,20240419,2026-07-26,09:19:45,New,Dr. Ashwin Sadavarte,400,200,0,600,600,0,0,60,2026-09-24
14000,20240420,2025-04-23,12:36:29,New,Dr. Ashwin Sadavarte,400,200,0,600,600,0,0,15,2025-05-08
14001,20240420,2025-05-23,13:48:00,Old,Dr. Ashwin Sadavarte,500,0,0,500,500,0,0,90,2025-08-21
14002,20240420,2025-06-17,09:15:52,Old,Dr. Ashwin Sadavarte,400,0,0,400,400,0,0,15,2025-07-02
14003,20240420,2025-07-26,10:28:57,Old,Dr. Ashwin Sadavarte,400,300,0,700,700,0,0,90,2025-10-24
14004,20240420,2025-08-25,11:36:59,Old,Dr. Ashwin Sadavarte,400,0,0,400,400,0,0,30,2025-09-24
14005,20240420,2025-10-09,09:51:18,Old,Dr. Ashwin Sadavarte,500,0,0,500,500,0,0,60,2025-12-08
14006,20240420,2025-11-24,12:18:09,Old,Dr. Ashwin Sadavarte,300,300,0,600,600,0,0,30,2025-12-24
14007,20240420,2025-12-30,09:38:05,Old,Dr. Ashwin Sadavarte,400,200,0,600,600,0,0,30,2026-01-29
14008,20240420,2026-02-08,10:20:43,Old,Dr. Ashwin Sadavarte,400,300,0,700,700,0,0,15,2026-02-23
14009,20240420,2026-03-14,11:09:13,Old,Dr. Ashwin Sadavarte,300,0,0,300,300,0,0,60,2026-05-13
14010,20240420,2026-05-02,10:43:03,Old,Dr. Ashwin Sadavarte,300,0,0,300,300,0,0,,
14011,20240420,2026-05-26,10:34:11,Old,Dr. Ashwin Sadavarte,500,0,0,500,500,0,0,60,2026-07-25
14012,20240420,2026-07-06,09:12:21,Old,Dr. Ashwin Sadavarte,500,300,0,800,800,0,0,30,2026-08-05
14013,20240420,2026-08-14,10:07:02,Old,Dr. Ashwin Sadavarte,300,300,0,600,600,0,0,30,2026-09-13
14014,20240420,2026-09-17,13:42:40,Old,Dr. Ashwin Sadavarte,500,300,0,800,800,0,0,,
14015,20240421,2024-12-24,13:46:23,New,Dr. R. Mahalle,400,0,0,400,400,0,0,60,2025-02-22
14016,20240421,2025-02-25,12:05:05,Old,Dr. R. Mahalle,300,0,0,300,300,0,0,60,2025-04-26
14017,20240421,2025-05-16,10:58:29,Old,Dr. R. Mahalle,300,300,0,600,600,0,0,,
14018,20240421,2025-07-26,09:25:14,Old,Dr. R. Mahalle,500,0,0,500,500,0,0,30,2025-08-25
14019,20240421,2025-09-24,10:20:35,Old,Dr. R. Mahalle,400,200,0,600,0,0,600,30,2025-10-24
14020,20240421,2025-12-09,12:08:11,Old,Dr. R. Mahalle,500,200,0,700,700,0,0,60,2026-02-07
14021,20240422,2024-09-20,11:30:27,New,Dr. R. Mahalle,500,0,0,500,500,0,0,30,2024-10-20
14022,20240422,2025-07-17,09:56:18,Old,Dr. R. Mahalle,400,0,0,400,200,0,200,30,2025-08-16
14023,20240422,2025-12-17,12:51:13,Old,Dr. R. Mahalle,500,0,0,500,500,0,0,,
14024,20240422,2026-08-13,13:09:10,Old,Dr. R. Mahalle,300,0,0,300,300,0,0,30,2026-09-12
14025,20240423,2024-06-27,13:28:09,New,Dr. Ashwin Sadavarte,400,0,0,400,400,0,0,30,2024-07-27
14026,20240423,2024-08-06,12:52:23,Old,Dr. Ashwin Sadavarte,500,300,0,800,800,0,0,60,2024-10-05
14027,20240423,2024-09-23,10:34:13,Old,Dr. Ashwin Sadavarte,300,200,0,500,500,0,0,30,2024-10-23
14028,20240423,2024-10-31,12:23:53,Old,Dr. Ashwin Sadavarte,400,300,0,700,700,0,0,30,2024-11-30
14029,20240423,2024-12-02,13:28:22,Old,Dr. Ashwin Sadavarte,300,0,0,300,300,0,0,90,2025-03-02
14030,20240423,2025-01-03,13:36:12,Old,Dr. Ashwin Sadavarte,400,200,0,600,200,0,400,,
14031,20240423,2025-02-10,09:15:32,Old,Dr. Ashwin Sadavarte,500,0,0,500,500,0,0,90,2025-05-11
14032,20240423,2025-03-05,13:27:34,Old,Dr. Ashwin Sadavarte,300,300,0,600,600,0,0,30,2025-04-04
14033,20240423,2025-03-30,09:36:38,Old,Dr. Ashwin Sadavarte,300,0,0,300,300,0,0,30,2025-04-29
14034,20240423,2025-05-12,12:26:58,Old,Dr. Ashwin Sadavarte,400,300,0,700,700,0,0,30,2025-06-11
14035,20240423,2025-06-07,11:08:22,Old,Dr. Ashwin Sadavarte,400,200,0,600,600,0,0,30,2025-07-07
14036,20240423,2025-07-16,11:44:18,Old,Dr. Ashwin Sadavarte,500,200,0,700,700,0,0,30,2025-08-15
14037,20240423,2025-08-25,10:38:17,Old,Dr. Ashwin Sadavarte,300,0,0,300,300,0,0,60,2025-10-24
14038,20240423,2025-10-10,12:20:04,Old,Dr. Ashwin Sadavarte,500,200,0,700,700,0,0,90,2026-01-08
14039,20240423,2025-11-05,11:37:02,Old,Dr. Ashwin Sadavarte,300,0,0,300,300,0,0,90,2026-02-03
14040,20240423,2025-11-30,13:45:22,Old,Dr. Ashwin Sadavarte,400,300,0,700,700,0,0,15,2025-12-15
14041,20240423,2026-01-17,10:52:11,Old,Dr. Ashwin Sadavarte,400,300,0,700,700,0,0,90,2026-04-17
14042,20240423,2026-03-02,12:05:56,Old,Dr. Ashwin Sadavarte,300,0,0,300,300,0,0,30,2026-04-01
14043,20240423,2026-03-31,12:32:29,Old,Dr. Ashwin Sadavarte,400,300,0,700,700,0,0,15,2026-04-15
14044,20240423,2026-05-10,11:27:30,Old,Dr. Ashwin Sadavarte,300,0,0,300,300,0,0,15,2026-05-25
14045,20240423,2026-06-22,10:33:04,Old,Dr. Ashwin Sadavarte,500,200,0,700,700,0,0,60,2026-08-21
14046,20240423,2026-08-06,09:18:35,Old,Dr. Ashwin Sadavarte,500,0,0,500,500,0,0,,
14047,20240423,2026-09-08,12:51:44,Old,Dr. Ashwin Sadavarte,400,0,0,400,400,0,0,,
14048,20240424,2024-02-08,12:25:03,New,Dr. R. Mahalle,300,0,0,300,300,0,0,30,2024-03-09
14049,20240424,2024-03-31,10:02:31,Old,Dr. R. Mahalle,300,300,0,600,600,0,0,30,2024-04-30
14050,20240424,2024-05-30,11:50:49,Old,Dr. R. Mahalle,400,300,0,700,700,0,0,60,2024-07-29
14051,20240424,2024-07-21,13:03:54,Old,Dr. R. Mahalle,300,300,0,600,600,0,0,30,2024-08-20
14052,20240424,2024-09-16,10:21:20,Old,Dr. R. Mahalle,400,300,0,700,700,0,0,,
14053,20240424,2024-12-03,13:00:27,Old,Dr. R. Mahalle,500,0,0,500,500,0,0,30,2025-01-02
14054,20240424,2025-02-11,13:32:15,Old,Dr. R. Mahalle,400,200,0,600,600,0,0,15,2025-02-26
14055,20240424,2025-04-09,13:57:16,Old,Dr. R. Mahalle,300,0,0,300,300,0,0,30,2025-05-09
14056,20240424,2025-12-28,10:16:58,Old,Dr. R. Mahalle,500,300,0,800,800,0,0,15,2026-01-12
14057,20240424,2026-03-01,13:26:35,Old,Dr. R. Mahalle,500,200,0,700,700,0,0,15,2026-03-16
14058,20240424,2026-08-08,10:56:48,Old,Dr. R. Mahalle,400,0,0,400,400,0,0,60,2026-10-07
14059,20240425,2024-01-16,12:37:48,New,Dr. Ashwin Sadavarte,300,300,0,600,600,0,0,90,2024-04-15
14060,20240425,2024-05-17,09:49:26,Old,Dr. Ashwin Sadavarte,400,200,0,600,600,0,0,30,2024-06-16
14061,20240425,2024-11-08,12:40:33,Old,Dr. Ashwin Sadavarte,300,0,0,300,300,0,0,30,2024-12-08
14062,20240425,2025-07-19,12:56:45,Old,Dr. Ashwin Sadavarte,300,0,0,300,300,0,0,30,2025-08-18
14063,20240425,2025-08-20,13:46:55,Old,Dr. Ashwin Sadavarte,400,200,0,600,600,0,0,60,2025-10-19
14064,20240425,2025-10-06,10:56:10,Old,Dr. Ashwin Sadavarte,500,0,0,500,500,0,0,30,2025-11-05
14065,20240425,2025-11-06,13:02:46,Old,Dr. Ashwin Sadavarte,500,0,0,500,500,0,0,90,2026-02-04
14066,20240425,2025-12-04,11:07:05,Old,Dr. Ashwin Sadavarte,500,0,0,500,500,0,0,,
14067,20240425,2025-12-26,09:36:44,Old,Dr. Ashwin Sadavarte,400,0,0,400,400,0,0,30,2026-01-25
14068,20240425,2026-02-07,13:43:24,Old,Dr. Ashwin Sadavarte,400,300,0,700,100,0,600,,
14069,20240425,2026-03-07,09:36:22,Old,Dr. Ashwin Sadavarte,400,200,0,600,600,0,0,90,2026-06-05
14070,20240426,2025-04-28,09:57:40,New,Dr. R. Mahalle,300,300,0,600,600,0,0,30,2025-05-28
14071,20240426,2025-05-28,12:13:38,Old,Dr. R. Mahalle,300,0,0,300,300,0,0,90,2025-08-26
14072,20240426,2025-07-01,11:50:13,Old,Dr. R. Mahalle,400,0,0,400,200,0,200,,
14073,20240426,2025-08-01,12:12:39,Old,Dr. R. Mahalle,400,200,0,600,600,0,0,90,2025-10-30
14074,20240426,2025-08-26,13:24:50,Old,Dr. R. Mahalle,300,0,0,300,300,0,0,30,2025-09-25
14075,20240426,2025-09-29,12:12:54,Old,Dr. R. Mahalle,500,200,0,700,700,0,0,60,2025-11-28
14076,20240426,2025-10-28,13:53:57,Old,Dr. R. Mahalle,500,200,0,700,700,0,0,30,2025-11-27
14077,20240426,2025-12-12,13:01:05,Old,Dr. R. Mahalle,500,200,0,700,700,0,0,,
14078,20240426,2026-01-26,11:48:13,Old,Dr. R. Mahalle,500,0,0,500,500,0,0,30,2026-02-25
14079,20240426,2026-03-15,13:37:22,Old,Dr. R. Mahalle,300,0,0,300,300,0,0,60,2026-05-14
14080,20240426,2026-04-25,13:21:56,Old,Dr. R. Mahalle,400,200,0,600,600,0,0,30,2026-05-25
14081,20240427,2025-02-16,10:57:24,New,Dr. Ashwin Sadavarte,400,0,0,400,400,0,0,60,2025-04-17
14082,20240427,2025-05-02,13:03:27,Old,Dr. Ashwin Sadavarte,300,200,0,500,500,0,0,60,2025-07-01
14083,20240427,2025-11-05,13:31:05,Old,Dr. Ashwin Sadavarte,300,0,0,300,200,0,100,30,2025-12-05
14084,20240427,2026-04-17,09:01:27,Old,Dr. Ashwin Sadavarte,300,300,0,600,100,0,500,15,2026-05-02
14085,20240427,2026-06-11,11:22:38,Old,Dr. Ashwin Sadavarte,300,0,0,300,300,0,0,60,2026-08-10
14086,20240427,2026-08-16,12:07:20,Old,Dr. Ashwin Sadavarte,400,200,0,600,600,0,0,15,2026-08-31
14087,20240428,2024-03-07,12:50:28,New,Dr. Ashwin Sadavarte,400,200,0,600,600,0,0,90,2024-06-05
14088,20240428,2024-05-31,09:05:50,Old,Dr. Ashwin Sadavarte,400,300,0,700,700,0,0,,
14089,20240428,2024-08-23,13:25:17,Old,Dr. Ashwin Sadavarte,400,0,0,400,400,0,0,15,2024-09-07
14090,20240428,2024-11-20,13:19:16,Old,Dr. Ashwin Sadavarte,400,0,0,400,400,0,0,30,2024-12-20
14091,20240428,2025-02-18,11:08:33,Old,Dr. Ashwin Sadavarte,500,0,0,500,100,0,400,15,2025-03-05
14092,20240428,2025-05-11,11:34:55,Old,Dr. Ashwin Sadavarte,300,200,0,500,500,0,0,60,2025-07-10
14093,20240428,2025-08-23,13:45:38,Old,Dr. Ashwin Sadavarte,400,0,0,400,400,0,0,30,2025-09-22
14094,20240428,2025-11-16,12:45:45,Old,Dr. Ashwin Sadavarte,300,200,0,500,500,0,0,15,2025-12-01
14095,20240428,2026-02-19,09:59:36,Old,Dr. Ashwin Sadavarte,300,200,0,500,500,0,0,30,2026-03-21
14096,20240428,2026-06-02,13:02:42,Old,Dr. Ashwin Sadavarte,500,300,0,800,800,0,0,,
14097,20240428,2026-08-27,10:05:43,Old,Dr. Ashwin Sadavarte,500,0,0,500,500,0,0,30,2026-09-26
14098,20240429,2023-10-19,10:04:11,New,Dr. Ashwin Sadavarte,500,0,0,500,500,0,0,30,2023-11-18
14099,20240429,2023-12-10,09:49:28,Old,Dr. Ashwin Sadavarte,500,0,0,500,500,0,0,60,2024-02-08
14100,20240429,2024-02-28,11:56:26,Old,Dr. Ashwin Sadavarte,400,0,0,400,400,0,0,90,2024-05-28
14101,20240429,2024-05-14,10:15:09,Old,Dr. Ashwin Sadavarte,400,0,0,400,400,0,0,30,2024-06-13
14102,20240429,2024-07-05,12:48:19,Old,Dr. Ashwin Sadavarte,300,0,0,300,300,0,0,15,2024-07-20
14103,20240429,2024-09-22,11:28:30,Old,Dr. Ashwin Sadavarte,400,300,0,700,700,0,0,90,2024-12-21
14104,20240429,2024-11-27,09:51:08,Old,Dr. Ashwin Sadavarte,300,0,0,300,300,0,0,30,2024-12-27
14105,20240429,2025-02-01,10:57:37,Old,Dr. Ashwin Sadavarte,400,300,0,700,700,0,0,30,2025-03-03
14106,20240429,2025-04-03,09:20:38,Old,Dr. Ashwin Sadavarte,500,0,0,500,500,0,0,90,2025-07-02
14107,20240429,2025-06-05,12:51:50,Old,Dr. Ashwin Sadavarte,500,0,0,500,500,0,0,,
14108,20240429,2025-08-05,13:14:50,Old,Dr. Ashwin Sadavarte,400,0,0,400,400,0,0,30,2025-09-04
14109,20240429,2025-10-20,11:48:19,Old,Dr. Ashwin Sadavarte,500,0,0,500,100,0,400,60,2025-12-19
14110,20240429,2025-12-22,11:38:58,Old,Dr. Ashwin Sadavarte,400,0,0,400,400,0,0,15,2026-01-06
14111,20240429,2026-03-08,10:22:55,Old,Dr. Ashwin Sadavarte,300,0,0,300,300,0,0,,
14112,20240429,2026-05-01,12:31:32,Old,Dr. Ashwin Sadavarte,500,300,0,800,800,0,0,90,2026-07-30
14113,20240429,2026-07-18,09:18:31,Old,Dr. Ashwin Sadavarte,500,0,0,500,500,0,0,30,2026-08-17
14114,20240429,2026-09-10,10:20:16,Old,Dr. Ashwin Sadavarte,300,200,0,500,500,0,0,60,2026-11-09
14115,20240430,2024-11-24,12:40:29,New,Dr. Ashwin Sadavarte,400,300,0,700,700,0,0,,
14116,20240430,2025-02-08,10:10:59,Old,Dr. Ashwin Sadavarte,500,200,0,700,100,0,600,,
14117,20240430,2025-04-14,11:27:43,Old,Dr. Ashwin Sadavarte,500,200,0,700,0,0,700,90,2025-07-13
14118,20240430,2025-06-20,13:37:02,Old,Dr. Ashwin Sadavarte,400,0,0,400,400,0,0,60,2025-08-19
14119,20240430,2025-08-11,09:20:03,Old,Dr. Ashwin Sadavarte,300,0,0,300,300,0,0,30,2025-09-10
14120,20240430,2025-10-21,13:31:07,Old,Dr. Ashwin Sadavarte,400,0,0,400,200,0,200,30,2025-11-20
14121,20240430,2025-12-17,13:06:18,Old,Dr. Ashwin Sadavarte,300,300,0,600,600,0,0,60,2026-02-15
14122,20240430,2026-03-01,12:44:39,Old,Dr. Ashwin Sadavarte,400,0,0,400,400,0,0,15,2026-03-16
14123,20240430,2026-05-09,10:39:58,Old,Dr. Ashwin Sadavarte,500,0,0,500,500,0,0,60,2026-07-08
14124,20240430,2026-07-20,09:32:16,Old,Dr. Ashwin Sadavarte,500,0,0,500,200,0,300,30,2026-08-19
14125,20240430,2026-09-13,12:55:30,Old,Dr. Ashwin Sadavarte,400,200,0,600,600,0,0,60,2026-11-12
14126,20240431,2024-03-01,13:51:50,New,Dr. Ashwin Sadavarte,400,300,0,700,700,0,0,,
14127,20240431,2024-05-23,09:53:49,Old,Dr. Ashwin Sadavarte,400,0,0,400,400,0,0,60,2024-07-22
14128,20240431,2024-09-06,09:34:32,Old,Dr. Ashwin Sadavarte,500,0,0,500,500,0,0,30,2024-10-06
14129,20240431,2024-12-15,09:51:30,Old,Dr. Ashwin Sadavarte,400,0,0,400,400,0,0,60,2025-02-13
14130,20240431,2025-03-23,10:27:36,Old,Dr. Ashwin Sadavarte,300,200,0,500,500,0,0,30,2025-04-22
14131,20240431,2025-07-08,10:27:35,Old,Dr. Ashwin Sadavarte,500,0,0,500,500,0,0,,
14132,20240431,2025-10-22,11:36:08,Old,Dr. Ashwin Sadavarte,400,200,0,600,600,0,0,15,2025-11-06
14133,20240431,2026-02-08,12:23:24,Old,Dr. Ashwin Sadavarte,300,0,0,300,300,0,0,30,2026-03-10
14134,20240431,2026-05-11,13:28:16,Old,Dr. Ashwin Sadavarte,300,200,0,500,500,0,0,60,2026-07-10
14135,20240431,2026-08-02,09:46:23,Old,Dr. Ashwin Sadavarte,400,0,0,400,400,0,0,60,2026-10-01
14136,20240432,2026-09-14,10:30:50,New,Dr. Ashwin Sadavarte,500,0,0,500,500,0,0,30,2026-10-14
14137,20240433,2024-11-04,09:40:45,New,Dr. Ashwin Sadavarte,300,0,0,300,300,0,0,,
14138,20240433,2025-01-17,10:58:42,Old,Dr. Ashwin Sadavarte,400,0,0,400,400,0,0,60,2025-03-18
14139,20240433,2025-04-01,10:05:28,Old,Dr. Ashwin Sadavarte,500,200,0,700,700,0,0,60,2025-05-31
14140,20240433,2025-05-30,11:58:33,Old,Dr. Ashwin Sadavarte,300,200,0,500,500,0,0,90,2025-08-28
14141,20240433,2025-07-21,12:54:48,Old,Dr. Ashwin Sadavarte,500,0,0,500,500,0,0,90,2025-10-19
14142,20240433,2025-10-05,11:38:51,Old,Dr. Ashwin Sadavarte,300,0,0,300,300,0,0,15,2025-10-20
14143,20240433,2025-12-09,12:25:01,Old,Dr. Ashwin Sadavarte,300,0,0,300,300,0,0,30,2026-01-08
14144,20240433,2026-02-23,12:01:50,Old,Dr. Ashwin Sadavarte,300,200,0,500,0,0,500,,
14145,20240433,2026-04-19,11:44:21,Old,Dr. Ashwin Sadavarte,300,0,0,300,300,0,0,90,2026-07-18
14146,20240433,2026-06-20,12:30:52,Old,Dr. Ashwin Sadavarte,300,0,0,300,200,0,100,90,2026-09-18
14147,20240433,2026-08-17,13:23:40,Old,Dr. Ashwin Sadavarte,500,0,0,500,0,0,500,60,2026-10-16
14148,20240434,2024-07-18,09:41:03,New,Dr. Ashwin Sadavarte,500,0,0,500,500,0,0,15,2024-08-02
14149,20240434,2024-10-23,09:03:31,Old,Dr. Ashwin Sadavarte,500,0,0,500,500,0,0,60,2024-12-22
14150,20240434,2025-01-24,10:19:16,Old,Dr. Ashwin Sadavarte,500,0,0,500,500,0,0,90,2025-04-24
14151,20240434,2025-04-19,10:43:22,Old,Dr. Ashwin Sadavarte,500,0,0,500,500,0,0,15,2025-05-04
14152,20240434,2025-08-01,09:45:38,Old,Dr. Ashwin Sadavarte,300,0,0,300,300,0,0,30,2025-08-31
14153,20240434,2025-11-03,12:16:47,Old,Dr. Ashwin Sadavarte,400,0,0,400,400,0,0,,
14154,20240435,2025-06-25,09:54:17,New,Dr. Ashwin Sadavarte,400,0,0,400,400,0,0,30,2025-07-25
14155,20240435,2025-07-30,11:31:34,Old,Dr. Ashwin Sadavarte,300,0,0,300,300,0,0,,
14156,20240435,2025-08-22,11:39:37,Old,Dr. Ashwin Sadavarte,500,0,0,500,500,0,0,,
14157,20240435,2025-10-07,12:01:55,Old,Dr. Ashwin Sadavarte,400,200,0,600,600,0,0,60,2025-12-06
14158,20240435,2025-11-09,11:48:37,Old,Dr. Ashwin Sadavarte,400,0,0,400,400,0,0,90,2026-02-07
14159,20240436,2025-12-03,12:19:12,New,Dr. Ashwin Sadavarte,300,300,0,600,600,0,0,30,2026-01-02
14160,20240436,2026-01-14,11:13:40,Old,Dr. Ashwin Sadavarte,300,300,0,600,600,0,0,30,2026-02-13
14161,20240436,2026-02-19,11:39:57,Old,Dr. Ashwin Sadavarte,400,200,0,600,600,0,0,60,2026-04-20
14162,20240436,2026-04-08,11:53:08,Old,Dr. Ashwin Sadavarte,300,200,0,500,500,0,0,15,2026-04-23
14163,20240436,2026-05-04,09:28:28,Old,Dr. Ashwin Sadavarte,500,300,0,800,800,0,0,30,2026-06-03
14164,20240436,2026-06-09,12:40:10,Old,Dr. Ashwin Sadavarte,500,200,0,700,100,0,600,60,2026-08-08
14165,20240436,2026-07-18,12:13:59,Old,Dr. Ashwin Sadavarte,300,200,0,500,500,0,0,60,2026-09-16
14166,20240436,2026-08-29,12:41:08,Old,Dr. Ashwin Sadavarte,500,200,0,700,700,0,0,,
14167,20240437,2024-11-10,13:56:01,New,Dr. Ashwin Sadavarte,300,0,0,300,300,0,0,60,2025-01-09
14168,20240437,2025-02-14,12:46:35,Old,Dr. Ashwin Sadavarte,400,0,0,400,400,0,0,30,2025-03-16
14169,20240437,2025-05-25,12:43:22,Old,Dr. Ashwin Sadavarte,300,0,0,300,300,0,0,,
14170,20240437,2025-09-01,13:21:51,Old,Dr. Ashwin Sadavarte,500,0,0,500,500,0,0,60,2025-10-31
14171,20240437,2025-11-26,12:16:16,Old,Dr. Ashwin Sadavarte,500,300,0,800,800,0,0,30,2025-12-26
14172,20240437,2026-03-08,13:26:14,Old,Dr. Ashwin Sadavarte,400,200,0,600,600,0,0,,
14173,20240437,2026-06-02,13:15:28,Old,Dr. Ashwin Sadavarte,400,0,0,400,400,0,0,90,2026-08-31
14174,20240437,2026-08-25,12:08:44,Old,Dr. Ashwin Sadavarte,300,300,0,600,600,0,0,60,2026-10-24
14175,20240438,2026-07-23,11:37:31,New,Dr. Ashwin Sadavarte,500,200,0,700,700,0,0,60,2026-09-21
14176,20240439,2024-04-06,13:55:42,New,Dr. Ashwin Sadavarte,500,0,0,500,500,0,0,15,2024-04-21
14177,20240439,2024-06-09,12:58:19,Old,Dr. Ashwin Sadavarte,400,0,0,400,400,0,0,90,2024-09-07
14178,20240439,2024-08-23,10:48:32,Old,Dr. Ashwin Sadavarte,400,0,0,400,400,0,0,90,2024-11-21
14179,20240439,2024-10-26,10:54:08,Old,Dr. Ashwin Sadavarte,300,0,0,300,300,0,0,60,2024-12-25
14180,20240439,2025-01-06,09:33:26,Old,Dr. Ashwin Sadavarte,500,0,0,500,500,0,0,,
14181,20240439,2025-03-13,12:21:54,Old,Dr. Ashwin Sadavarte,500,300,0,800,800,0,0,15,2025-03-28
14182,20240439,2025-05-22,10:36:01,Old,Dr. Ashwin Sadavarte,300,300,0,600,600,0,0,15,2025-06-06
14183,20240439,2025-08-04,13:20:54,Old,Dr. Ashwin Sadavarte,400,0,0,400,400,0,0,15,2025-08-19
14184,20240439,2025-10-08,10:45:57,Old,Dr. Ashwin Sadavarte,300,0,0,300,200,0,100,60,2025-12-07
14185,20240439,2025-12-19,13:19:47,Old,Dr. Ashwin Sadavarte,500,0,0,500,500,0,0,90,2026-03-19
14186,20240439,2026-02-21,13:38:14,Old,Dr. Ashwin Sadavarte,300,0,0,300,300,0,0,30,2026-03-23
14187,20240439,2026-04-18,10:28:30,Old,Dr. Ashwin Sadavarte,500,0,0,500,500,0,0,15,2026-05-03
14188,20240439,2026-07-05,13:16:21,Old,Dr. Ashwin Sadavarte,300,200,0,500,500,0,0,,
14189,20240439,2026-08-30,11:57:34,Old,Dr. Ashwin Sadavarte,300,200,0,500,500,0,0,60,2026-10-29
14190,20240440,2024-10-19,10:00:52,New,Dr. Ashwin Sadavarte,300,0,0,300,300,0,0,90,2025-01-17
14191,20240440,2024-11-24,09:55:52,Old,Dr. Ashwin Sadavarte,400,0,0,400,400,0,0,90,2025-02-22
14192,20240440,2024-12-28,10:12:09,Old,Dr. Ashwin Sadavarte,500,0,0,500,500,0,0,15,2025-01-12
14193,20240440,2025-09-06,13:35:55,Old,Dr. Ashwin Sadavarte,400,200,0,600,0,0,600,30,2025-10-06
14194,20240440,2025-10-20,11:37:23,Old,Dr. Ashwin Sadavarte,400,0,0,400,400,0,0,60,2025-12-19
14195,20240440,2026-07-18,12:26:27,Old,Dr. Ashwin Sadavarte,300,0,0,300,300,0,0,60,2026-09-16
14196,20240441,2024-12-30,13:10:51,New,Dr. Ashwin Sadavarte,400,0,0,400,0,0,400,60,2025-02-28
14197,20240441,2025-03-17,11:55:33,Old,Dr. Ashwin Sadavarte,400,200,0,600,600,0,0,30,2025-04-16
14198,20240441,2025-06-01,09:42:04,Old,Dr. Ashwin Sadavarte,500,300,0,800,800,0,0,30,2025-07-01
14199,20240441,2025-08-06,12:56:00,Old,Dr. Ashwin Sadavarte,400,0,0,400,400,0,0,,
14200,20240441,2025-10-21,09:04:15,Old,Dr. Ashwin Sadavarte,300,0,0,300,300,0,0,,
14201,20240441,2026-01-02,10:57:02,Old,Dr. Ashwin Sadavarte,400,0,0,400,400,0,0,30,2026-02-01
14202,20240441,2026-03-21,12:48:03,Old,Dr. Ashwin Sadavarte,400,200,0,600,100,0,500,,
14203,20240441,2026-05-15,10:28:56,Old,Dr. Ashwin Sadavarte,400,0,0,400,400,0,0,60,2026-07-14
14204,20240441,2026-07-30,09:56:17,Old,Dr. Ashwin Sadavarte,500,200,0,700,700,0,0,60,2026-09-28
14205,20240442,2024-04-06,10:11:53,New,Dr. Ashwin Sadavarte,500,300,0,800,800,0,0,60,2024-06-05
14206,20240442,2024-06-16,09:06:14,Old,Dr. Ashwin Sadavarte,400,300,0,700,700,0,0,15,2024-07-01
14207,20240442,2024-08-27,09:07:32,Old,Dr. Ashwin Sadavarte,500,0,0,500,500,0,0,,
14208,20240442,2024-11-03,13:47:35,Old,Dr. Ashwin Sadavarte,500,300,0,800,800,0,0,30,2024-12-03
14209,20240442,2025-01-17,09:42:58,Old,Dr. Ashwin Sadavarte,500,200,0,700,700,0,0,30,2025-02-16
14210,20240442,2025-03-19,11:05:46,Old,Dr. Ashwin Sadavarte,500,300,0,800,800,0,0,60,2025-05-18
14211,20240442,2025-05-22,10:11:38,Old,Dr. Ashwin Sadavarte,500,0,0,500,500,0,0,60,2025-07-21
14212,20240442,2025-07-19,13:02:14,Old,Dr. Ashwin Sadavarte,400,0,0,400,400,0,0,90,2025-10-17
14213,20240442,2025-09-28,11:31:14,Old,Dr. Ashwin Sadavarte,300,0,0,300,300,0,0,15,2025-10-13
14214,20240442,2025-12-03,11:58:54,Old,Dr. Ashwin Sadavarte,300,0,0,300,300,0,0,30,2026-01-02
14215,20240442,2026-02-03,12:23:19,Old,Dr. Ashwin Sadavarte,300,0,0,300,300,0,0,30,2026-03-05
14216,20240442,2026-04-15,13:51:54,Old,Dr. Ashwin Sadavarte,500,200,0,700,700,0,0,30,2026-05-15
14217,20240442,2026-06-14,10:08:10,Old,Dr. Ashwin Sadavarte,300,0,0,300,300,0,0,30,2026-07-14
14218,20240442,2026-08-21,11:19:54,Old,Dr. Ashwin Sadavarte,500,0,0,500,500,0,0,,
14219,20240443,2025-03-23,09:08:08,New,Dr. Ashwin Sadavarte,500,0,0,500,0,0,500,,
14220,20240443,2025-07-09,10:00:19,Old,Dr. Ashwin Sadavarte,400,0,0,400,400,0,0,30,2025-08-08
14221,20240443,2025-10-01,10:19:53,Old,Dr. Ashwin Sadavarte,400,0,0,400,400,0,0,30,2025-10-31
14222,20240443,2026-01-10,09:53:29,Old,Dr. Ashwin Sadavarte,400,300,0,700,700,0,0,,
14223,20240443,2026-04-02,09:43:38,Old,Dr. Ashwin Sadavarte,400,200,0,600,600,0,0,90,2026-07-01
14224,20240443,2026-07-02,13:46:55,Old,Dr. Ashwin Sadavarte,500,0,0,500,0,0,500,60,2026-08-31
14225,20240444,2025-04-01,09:13:54,New,Dr. Ashwin Sadavarte,400,300,0,700,700,0,0,60,2025-05-31
14226,20240444,2025-06-03,09:36:01,Old,Dr. Ashwin Sadavarte,300,0,0,300,300,0,0,60,2025-08-02
14227,20240444,2025-08-06,11:37:52,Old,Dr. Ashwin Sadavarte,500,0,0,500,500,0,0,60,2025-10-05
14228,20240444,2025-10-12,10:30:04,Old,Dr. Ashwin Sadavarte,500,0,0,500,500,0,0,15,2025-10-27
14229,20240444,2025-12-06,11:47:16,Old,Dr. Ashwin Sadavarte,400,200,0,600,600,0,0,60,2026-02-04
14230,20240444,2026-01-28,10:38:09,Old,Dr. Ashwin Sadavarte,300,0,0,300,300,0,0,15,2026-02-12
14231,20240444,2026-04-10,09:30:49,Old,Dr. Ashwin Sadavarte,400,300,0,700,700,0,0,15,2026-04-25
14232,20240444,2026-06-23,11:09:10,Old,Dr. Ashwin Sadavarte,400,300,0,700,700,0,0,60,2026-08-22
14233,20240444,2026-08-20,09:41:24,Old,Dr. Ashwin Sadavarte,300,0,0,300,300,0,0,15,2026-09-04
14234,20240445,2023-09-25,12:15:04,New,Dr. Ashwin Sadavarte,500,0,0,500,500,0,0,30,2023-10-25
14235,20240445,2023-11-02,13:31:02,Old,Dr. Ashwin Sadavarte,300,0,0,300,300,0,0,30,2023-12-02
14236,20240445,2023-11-27,13:32:45,Old,Dr. Ashwin Sadavarte,400,200,0,600,600,0,0,30,2023-12-27
14237,20240445,2024-01-09,12:36:05,Old,Dr. Ashwin Sadavarte,500,0,0,500,500,0,0,15,2024-01-24
14238,20240445,2024-09-26,12:58:58,Old,Dr. Ashwin Sadavarte,500,300,0,800,800,0,0,90,2024-12-25
14239,20240445,2024-10-30,12:22:56,Old,Dr. Ashwin Sadavarte,400,300,0,700,700,0,0,90,2025-01-28
14240,20240445,2025-04-01,09:28:18,Old,Dr. Ashwin Sadavarte,300,200,0,500,500,0,0,15,2025-04-16
14241,20240445,2025-05-11,13:51:58,Old,Dr. Ashwin Sadavarte,500,300,0,800,800,0,0,30,2025-06-10
14242,20240445,2025-09-28,10:24:53,Old,Dr. Ashwin Sadavarte,400,0,0,400,400,0,0,60,2025-11-27
14243,20240445,2025-10-21,09:55:18,Old,Dr. Ashwin Sadavarte,400,0,0,400,400,0,0,15,2025-11-05
14244,20240445,2025-12-09,11:36:44,Old,Dr. Ashwin Sadavarte,300,0,0,300,300,0,0,60,2026-02-07
14245,20240445,2026-01-18,12:16:28,Old,Dr. Ashwin Sadavarte,500,300,0,800,800,0,0,15,2026-02-02
14246,20240445,2026-07-29,12:14:39,Old,Dr. Ashwin Sadavarte,300,200,0,500,500,0,0,,
14247,20240445,2026-08-27,12:36:40,Old,Dr. Ashwin Sadavarte,500,200,0,700,700,0,0,30,2026-09-26
14248,20240446,2025-06-28,10:00:10,New,Dr. R. Mahalle,400,0,0,400,400,0,0,30,2025-07-28
14249,20240446,2025-07-25,10:52:26,Old,Dr. R. Mahalle,300,300,0,600,600,0,0,30,2025-08-24
14250,20240446,2025-09-09,09:41:49,Old,Dr. R. Mahalle,300,0,0,300,300,0,0,30,2025-10-09
14251,20240446,2025-10-25,09:28:12,Old,Dr. R. Mahalle,300,0,0,300,300,0,0,60,2025-12-24
14252,20240446,2025-12-01,10:30:10,Old,Dr. R. Mahalle,500,300,0,800,800,0,0,60,2026-01-30
14253,20240446,2026-06-01,09:29:09,Old,Dr. R. Mahalle,400,0,0,400,400,0,0,30,2026-07-01
14254,20240446,2026-07-07,11:33:15,Old,Dr. R. Mahalle,500,0,0,500,500,0,0,60,2026-09-05
14255,20240446,2026-08-05,11:18:26,Old,Dr. R. Mahalle,500,200,0,700,700,0,0,60,2026-10-04
14256,20240447,2026-08-30,11:59:23,New,Dr. R. Mahalle,300,0,0,300,0,0,300,30,2026-09-29
14257,20240448,2024-03-18,09:56:02,New,Dr. R. Mahalle,300,0,0,300,300,0,0,90,2024-06-16
14258,20240448,2024-05-17,09:39:23,Old,Dr. R. Mahalle,500,0,0,500,200,0,300,,
14259,20240448,2024-08-02,12:54:25,Old,Dr. R. Mahalle,500,0,0,500,500,0,0,,
14260,20240448,2024-10-18,11:31:45,Old,Dr. R. Mahalle,300,300,0,600,600,0,0,30,2024-11-17
14261,20240448,2024-12-26,11:37:58,Old,Dr. R. Mahalle,500,0,0,500,500,0,0,15,2025-01-10
14262,20240448,2025-03-12,09:36:21,Old,Dr. R. Mahalle,500,0,0,500,500,0,0,30,2025-04-11
14263,20240448,2025-05-21,11:03:32,Old,Dr. R. Mahalle,400,200,0,600,600,0,0,30,2025-06-20
14264,20240448,2025-07-18,09:06:25,Old,Dr. R. Mahalle,500,0,0,500,500,0,0,15,2025-08-02
14265,20240448,2025-09-08,10:19:19,Old,Dr. R. Mahalle,400,200,0,600,600,0,0,30,2025-10-08
14266,20240448,2025-11-23,09:31:23,Old,Dr. R. Mahalle,300,0,0,300,300,0,0,15,2025-12-08
14267,20240448,2026-02-10,10:33:21,Old,Dr. R. Mahalle,400,200,0,600,600,0,0,90,2026-05-11
14268,20240448,2026-04-25,11:42:21,Old,Dr. R. Mahalle,500,200,0,700,700,0,0,30,2026-05-25
14269,20240448,2026-07-03,12:26:56,Old,Dr. R. Mahalle,500,300,0,800,800,0,0,30,2026-08-02
14270,20240448,2026-09-16,10:09:58,Old,Dr. R. Mahalle,500,0,0,500,500,0,0,30,2026-10-16
14271,20240449,2024-08-01,10:11:50,New,Dr. Ashwin Sadavarte,500,0,0,500,500,0,0,30,2024-08-31
14272,20240449,2024-09-22,09:00:04,Old,Dr. Ashwin Sadavarte,500,0,0,500,500,0,0,90,2024-12-21
14273,20240449,2024-11-24,09:20:02,Old,Dr. Ashwin Sadavarte,500,0,0,500,500,0,0,60,2025-01-23
14274,20240449,2025-01-27,10:41:02,Old,Dr. Ashwin Sadavarte,500,300,0,800,800,0,0,30,2025-02-26
14275,20240449,2025-03-20,09:21:36,Old,Dr. Ashwin Sadavarte,300,0,0,300,300,0,0,,
14276,20240449,2025-05-15,12:14:55,Old,Dr. Ashwin Sadavarte,300,0,0,300,300,0,0,30,2025-06-14
14277,20240449,2025-07-13,12:29:19,Old,Dr. Ashwin Sadavarte,300,300,0,600,600,0,0,90,2025-10-11
14278,20240449,2025-09-15,09:23:17,Old,Dr. Ashwin Sadavarte,500,200,0,700,700,0,0,60,2025-11-14
14279,20240449,2025-11-30,10:48:22,Old,Dr. Ashwin Sadavarte,400,0,0,400,400,0,0,90,2026-02-28
14280,20240449,2026-02-04,11:28:13,Old,Dr. Ashwin Sadavarte,400,200,0,600,600,0,0,30,2026-03-06
14281,20240449,2026-04-15,12:58:59,Old,Dr. Ashwin Sadavarte,300,200,0,500,500,0,0,60,2026-06-14
14282,20240449,2026-06-21,11:21:48,Old,Dr. Ashwin Sadavarte,300,0,0,300,300,0,0,60,2026-08-20
14283,20240449,2026-08-21,12:08:59,Old,Dr. Ashwin Sadavarte,500,0,0,500,200,0,300,30,2026-09-20
14284,20240450,2024-02-05,10:49:50,New,Dr. Ashwin Sadavarte,400,0,0,400,400,0,0,15,2024-02-20
14285,20240450,2024-05-17,13:54:15,Old,Dr. Ashwin Sadavarte,400,300,0,700,700,0,0,60,2024-07-16
14286,20240450,2024-08-17,10:54:44,Old,Dr. Ashwin Sadavarte,500,0,0,500,500,0,0,60,2024-10-16
14287,20240450,2024-11-12,11:26:46,Old,Dr. Ashwin Sadavarte,400,200,0,600,200,0,400,,
14288,20240450,2025-02-14,10:29:24,Old,Dr. Ashwin Sadavarte,400,300,0,700,700,0,0,60,2025-04-15
14289,20240450,2025-06-03,12:48:34,Old,Dr. Ashwin Sadavarte,500,0,0,500,500,0,0,,
14290,20240450,2025-09-07,09:29:37,Old,Dr. Ashwin Sadavarte,500,0,0,500,500,0,0,,
14291,20240450,2025-12-07,09:41:07,Old,Dr. Ashwin Sadavarte,500,300,0,800,800,0,0,,
14292,20240450,2026-03-01,12:41:48,Old,Dr. Ashwin Sadavarte,300,0,0,300,300,0,0,30,2026-03-31
14293,20240450,2026-06-03,13:54:23,Old,Dr. Ashwin Sadavarte,300,0,0,300,200,0,100,,
14294,20240450,2026-09-16,11:36:49,Old,Dr. Ashwin Sadavarte,500,0,0,500,500,0,0,15,2026-10-01
14295,20240451,2025-06-25,10:19:16,New,Dr. Ashwin Sadavarte,500,200,0,700,700,0,0,90,2025-09-23
14296,20240451,2025-08-22,10:50:02,Old,Dr. Ashwin Sadavarte,300,0,0,300,300,0,0,,
14297,20240451,2025-10-31,11:22:33,Old,Dr. Ashwin Sadavarte,300,300,0,600,600,0,0,60,2025-12-30
14298,20240452,2023-11-26,13:19:19,New,Dr. R. Mahalle,500,200,0,700,700,0,0,60,2024-01-25
14299,20240452,2023-12-28,11:14:08,Old,Dr. R. Mahalle,500,200,0,700,700,0,0,60,2024-02-26
14300,20240452,2024-01-21,09:00:02,Old,Dr. R. Mahalle,300,0,0,300,300,0,0,15,2024-02-05
14301,20240452,2024-03-05,09:02:51,Old,Dr. R. Mahalle,400,0,0,400,200,0,200,15,2024-03-20
14302,20240452,2024-04-06,09:02:11,Old,Dr. R. Mahalle,500,0,0,500,500,0,0,,
14303,20240452,2024-05-22,13:40:37,Old,Dr. R. Mahalle,400,0,0,400,400,0,0,90,2024-08-20
14304,20240452,2024-06-14,09:11:30,Old,Dr. R. Mahalle,300,200,0,500,500,0,0,90,2024-09-12
14305,20240452,2024-07-21,13:22:43,Old,Dr. R. Mahalle,500,0,0,500,500,0,0,90,2024-10-19
14306,20240452,2024-08-16,09:02:03,Old,Dr. R. Mahalle,400,300,0,700,700,0,0,30,2024-09-15
14307,20240452,2024-09-29,11:56:18,Old,Dr. R. Mahalle,500,0,0,500,500,0,0,30,2024-10-29
14308,20240452,2024-11-04,09:55:11,Old,Dr. R. Mahalle,300,300,0,600,600,0,0,30,2024-12-04
14309,20240452,2024-12-01,10:19:58,Old,Dr. R. Mahalle,300,0,0,300,300,0,0,,
14310,20240452,2024-12-23,11:59:57,Old,Dr. R. Mahalle,500,0,0,500,500,0,0,60,2025-02-21
14311,20240452,2025-01-15,09:14:20,Old,Dr. R. Mahalle,500,200,0,700,700,0,0,90,2025-04-15
14312,20240452,2025-02-21,10:13:36,Old,Dr. R. Mahalle,500,0,0,500,500,0,0,,
14313,20240452,2025-04-04,13:25:57,Old,Dr. R. Mahalle,300,0,0,300,300,0,0,60,2025-06-03
14314,20240452,2025-05-04,09:35:16,Old,Dr. R. Mahalle,400,0,0,400,400,0,0,60,2025-07-03
14315,20240452,2025-06-06,11:56:14,Old,Dr. R. Mahalle,500,0,0,500,500,0,0,,
14316,20240452,2025-07-23,09:19:34,Old,Dr. R. Mahalle,300,0,0,300,300,0,0,30,2025-08-22
14317,20240452,2025-08-14,09:31:58,Old,Dr. R. Mahalle,500,0,0,500,500,0,0,60,2025-10-13
14318,20240452,2025-09-27,09:07:27,Old,Dr. R. Mahalle,400,0,0,400,400,0,0,60,2025-11-26
14319,20240452,2025-11-09,13:51:05,Old,Dr. R. Mahalle,400,0,0,400,400,0,0,15,2025-11-24
14320,20240452,2025-12-13,09:27:41,Old,Dr. R. Mahalle,300,0,0,300,300,0,0,30,2026-01-12
14321,20240452,2026-01-29,11:24:53,Old,Dr. R. Mahalle,500,200,0,700,700,0,0,30,2026-02-28
14322,20240452,2026-02-28,11:35:21,Old,Dr. R. Mahalle,300,0,0,300,300,0,0,30,2026-03-30
14323,20240452,2026-04-01,11:50:53,Old,Dr. R. Mahalle,500,300,0,800,800,0,0,60,2026-05-31
14324,20240452,2026-05-02,10:27:14,Old,Dr. R. Mahalle,300,300,0,600,600,0,0,,
14325,20240452,2026-05-28,11:03:34,Old,Dr. R. Mahalle,500,0,0,500,500,0,0,60,2026-07-27
14326,20240452,2026-07-17,13:54:45,Old,Dr. R. Mahalle,400,300,0,700,200,0,500,90,2026-10-15
14327,20240452,2026-09-04,09:55:01,Old,Dr. R. Mahalle,300,300,0,600,600,0,0,90,2026-12-03
14328,20240453,2025-05-22,12:35:23,New,Dr. Ashwin Sadavarte,300,0,0,300,300,0,0,30,2025-06-21
14329,20240454,2025-03-01,10:52:45,New,Dr. R. Mahalle,500,0,0,500,500,0,0,,
14330,20240454,2025-03-23,11:54:01,Old,Dr. R. Mahalle,400,200,0,600,600,0,0,30,2025-04-22
14331,20240454,2025-04-22,13:16:52,Old,Dr. R. Mahalle,300,300,0,600,600,0,0,60,2025-06-21
14332,20240454,2025-05-27,12:50:58,Old,Dr. R. Mahalle,500,0,0,500,500,0,0,60,2025-07-26
14333,20240454,2025-06-29,13:20:22,Old,Dr. R. Mahalle,300,0,0,300,100,0,200,15,2025-07-14
14334,20240454,2025-08-04,10:21:05,Old,Dr. R. Mahalle,400,200,0,600,600,0,0,90,2025-11-02
14335,20240454,2026-05-02,12:58:30,Old,Dr. R. Mahalle,300,200,0,500,500,0,0,90,2026-07-31
14336,20240454,2026-05-30,09:04:03,Old,Dr. R. Mahalle,300,300,0,600,600,0,0,60,2026-07-29
14337,20240455,2024-01-21,09:16:39,New,Dr. Ashwin Sadavarte,400,0,0,400,400,0,0,,
14338,20240455,2024-03-11,12:10:55,Old,Dr. Ashwin Sadavarte,300,0,0,300,300,0,0,30,2024-04-10
14339,20240455,2024-04-18,11:31:51,Old,Dr. Ashwin Sadavarte,400,200,0,600,600,0,0,90,2024-07-17
14340,20240455,2024-05-24,10:28:21,Old,Dr. Ashwin Sadavarte,400,0,0,400,400,0,0,60,2024-07-23
14341,20240455,2024-06-27,13:54:46,Old,Dr. Ashwin Sadavarte,400,0,0,400,400,0,0,,
14342,20240455,2024-08-11,10:48:35,Old,Dr. Ashwin Sadavarte,400,0,0,400,400,0,0,30,2024-09-10
14343,20240455,2024-09-04,12:01:41,Old,Dr. Ashwin Sadavarte,300,300,0,600,600,0,0,,
14344,20240455,2024-09-29,10:52:34,Old,Dr. Ashwin Sadavarte,400,0,0,400,400,0,0,15,2024-10-14
14345,20240455,2024-11-03,12:20:21,Old,Dr. Ashwin Sadavarte,300,200,0,500,500,0,0,,
14346,20240455,2024-12-10,09:01:01,Old,Dr. Ashwin Sadavarte,500,0,0,500,500,0,0,60,2025-02-08
14347,20240455,2025-01-14,13:34:15,Old,Dr. Ashwin Sadavarte,300,300,0,600,0,0,600,30,2025-02-13
14348,20240455,2025-03-05,09:00:54,Old,Dr. Ashwin Sadavarte,300,0,0,300,300,0,0,30,2025-04-04
14349,20240455,2025-04-09,09:58:17,Old,Dr. Ashwin Sadavarte,400,0,0,400,400,0,0,30,2025-05-09
14350,20240455,2025-05-14,09:50:08,Old,Dr. Ashwin Sadavarte,500,0,0,500,500,0,0,90,2025-08-12
14351,20240455,2025-06-30,12:23:57,Old,Dr. Ashwin Sadavarte,400,0,0,400,400,0,0,60,2025-08-29
14352,20240455,2025-07-31,09:52:55,Old,Dr. Ashwin Sadavarte,400,0,0,400,400,0,0,60,2025-09-29
14353,20240455,2025-09-13,13:44:33,Old,Dr. Ashwin Sadavarte,500,0,0,500,500,0,0,15,2025-09-28
14354,20240455,2025-10-21,09:39:55,Old,Dr. Ashwin Sadavarte,400,0,0,400,400,0,0,15,2025-11-05
14355,20240455,2025-12-03,09:32:53,Old,Dr. Ashwin Sadavarte,400,0,0,400,400,0,0,30,2026-01-02
14356,20240455,2026-01-14,11:58:07,Old,Dr. Ashwin Sadavarte,300,0,0,300,300,0,0,30,2026-02-13
14357,20240455,2026-03-04,12:55:11,Old,Dr. Ashwin Sadavarte,300,300,0,600,600,0,0,30,2026-04-03
14358,20240455,2026-04-16,11:28:12,Old,Dr. Ashwin Sadavarte,400,0,0,400,400,0,0,30,2026-05-16
14359,20240456,2026-07-30,12:35:59,New,Dr. R. Mahalle,500,0,0,500,500,0,0,30,2026-08-29
14360,20240457,2025-06-14,09:13:31,New,Dr. R. Mahalle,400,300,0,700,700,0,0,,
14361,20240457,2025-09-25,13:07:43,Old,Dr. R. Mahalle,500,0,0,500,500,0,0,15,2025-10-10
14362,20240457,2025-12-23,12:30:34,Old,Dr. R. Mahalle,400,0,0,400,0,0,400,90,2026-03-23
14363,20240457,2026-03-27,09:07:02,Old,Dr. R. Mahalle,500,200,0,700,700,0,0,,
14364,20240457,2026-06-30,13:24:45,Old,Dr. R. Mahalle,300,200,0,500,500,0,0,15,2026-07-15
14365,20240458,2025-03-26,10:33:59,New,Dr. Ashwin Sadavarte,500,300,0,800,800,0,0,60,2025-05-25
14366,20240458,2025-11-12,12:05:18,Old,Dr. Ashwin Sadavarte,500,0,0,500,500,0,0,15,2025-11-27
14367,20240458,2026-03-10,09:02:02,Old,Dr. Ashwin Sadavarte,400,200,0,600,600,0,0,,
14368,20240458,2026-04-03,13:34:14,Old,Dr. Ashwin Sadavarte,300,0,0,300,300,0,0,30,2026-05-03
14369,20240458,2026-05-19,11:16:08,Old,Dr. Ashwin Sadavarte,400,0,0,400,400,0,0,15,2026-06-03
14370,20240459,2024-05-16,09:50:46,New,Dr. R. Mahalle,300,0,0,300,300,0,0,90,2024-08-14
14371,20240459,2024-07-07,12:34:31,Old,Dr. R. Mahalle,500,0,0,500,500,0,0,,
14372,20240459,2024-11-10,13:32:01,Old,Dr. R. Mahalle,500,0,0,500,500,0,0,90,2025-02-08
14373,20240459,2025-01-04,13:09:21,Old,Dr. R. Mahalle,300,200,0,500,500,0,0,30,2025-02-03
14374,20240459,2025-06-21,11:02:01,Old,Dr. R. Mahalle,300,0,0,300,300,0,0,30,2025-07-21
14375,20240459,2026-04-22,10:09:55,Old,Dr. R. Mahalle,300,0,0,300,0,0,300,60,2026-06-21
14376,20240459,2026-06-27,11:56:09,Old,Dr. R. Mahalle,400,0,0,400,400,0,0,60,2026-08-26
14377,20240459,2026-09-05,10:14:39,Old,Dr. R. Mahalle,400,200,0,600,600,0,0,60,2026-11-04
14378,20240460,2024-10-22,12:04:59,New,Dr. Ashwin Sadavarte,500,0,0,500,500,0,0,15,2024-11-06
14379,20240460,2025-01-15,11:23:38,Old,Dr. Ashwin Sadavarte,400,200,0,600,600,0,0,90,2025-04-15
14380,20240460,2025-04-23,13:46:46,Old,Dr. Ashwin Sadavarte,300,0,0,300,300,0,0,15,2025-05-08
14381,20240460,2025-07-24,12:45:19,Old,Dr. Ashwin Sadavarte,500,0,0,500,500,0,0,60,2025-09-22
14382,20240460,2025-10-28,12:08:34,Old,Dr. Ashwin Sadavarte,400,0,0,400,400,0,0,15,2025-11-12
14383,20240460,2026-01-24,11:17:32,Old,Dr. Ashwin Sadavarte,300,200,0,500,500,0,0,30,2026-02-23
14384,20240460,2026-04-25,13:02:13,Old,Dr. Ashwin Sadavarte,300,200,0,500,500,0,0,15,2026-05-10
14385,20240460,2026-07-25,11:41:04,Old,Dr. Ashwin Sadavarte,300,0,0,300,300,0,0,90,2026-10-23
14386,20240461,2024-06-23,10:31:12,New,Dr. Ashwin Sadavarte,500,0,0,500,200,0,300,15,2024-07-08
14387,20240461,2024-09-14,12:18:44,Old,Dr. Ashwin Sadavarte,500,300,0,800,200,0,600,90,2024-12-13
14388,20240461,2024-12-07,12:33:05,Old,Dr. Ashwin Sadavarte,500,200,0,700,700,0,0,30,2025-01-06
14389,20240461,2025-02-27,12:44:51,Old,Dr. Ashwin Sadavarte,300,0,0,300,300,0,0,60,2025-04-28
14390,20240461,2025-05-26,12:23:35,Old,Dr. Ashwin Sadavarte,500,300,0,800,100,0,700,30,2025-06-25
14391,20240461,2025-08-20,10:28:02,Old,Dr. Ashwin Sadavarte,400,0,0,400,400,0,0,30,2025-09-19
14392,20240461,2025-11-11,09:47:04,Old,Dr. Ashwin Sadavarte,400,0,0,400,400,0,0,30,2025-12-11
14393,20240461,2026-02-03,11:48:12,Old,Dr. Ashwin Sadavarte,400,200,0,600,600,0,0,90,2026-05-04
14394,20240461,2026-05-10,13:38:19,Old,Dr. Ashwin Sadavarte,500,0,0,500,500,0,0,15,2026-05-25
14395,20240461,2026-08-06,09:52:29,Old,Dr. Ashwin Sadavarte,300,0,0,300,100,0,200,90,2026-11-04
14396,20240462,2024-02-28,10:54:54,New,Dr. R. Mahalle,300,300,0,600,600,0,0,90,2024-05-28
14397,20240462,2024-05-03,11:49:35,Old,Dr. R. Mahalle,400,300,0,700,700,0,0,,
14398,20240462,2024-07-04,13:00:08,Old,Dr. R. Mahalle,400,300,0,700,700,0,0,90,2024-10-02
14399,20240462,2024-09-01,11:12:50,Old,Dr. R. Mahalle,300,300,0,600,600,0,0,30,2024-10-01
14400,20240462,2024-11-19,09:53:23,Old,Dr. R. Mahalle,500,0,0,500,500,0,0,90,2025-02-17
14401,20240462,2025-01-30,13:28:16,Old,Dr. R. Mahalle,500,300,0,800,800,0,0,30,2025-03-01
14402,20240462,2025-04-16,10:39:05,Old,Dr. R. Mahalle,500,0,0,500,500,0,0,,
14403,20240462,2025-07-03,12:15:35,Old,Dr. R. Mahalle,500,300,0,800,800,0,0,90,2025-10-01
14404,20240462,2025-09-17,10:24:02,Old,Dr. R. Mahalle,400,0,0,400,400,0,0,90,2025-12-16
14405,20240462,2025-11-09,13:56:57,Old,Dr. R. Mahalle,300,0,0,300,300,0,0,30,2025-12-09
14406,20240462,2026-01-20,11:51:32,Old,Dr. R. Mahalle,300,0,0,300,0,0,300,15,2026-02-04
14407,20240462,2026-03-23,13:52:45,Old,Dr. R. Mahalle,300,0,0,300,300,0,0,60,2026-05-22
14408,20240462,2026-05-29,11:19:38,Old,Dr. R. Mahalle,300,200,0,500,500,0,0,60,2026-07-28
14409,20240462,2026-08-06,10:50:27,Old,Dr. R. Mahalle,400,0,0,400,400,0,0,30,2026-09-05
14410,20240463,2023-10-06,10:48:13,New,Dr. Ashwin Sadavarte,500,0,0,500,500,0,0,,
14411,20240463,2024-07-04,11:31:39,Old,Dr. Ashwin Sadavarte,400,300,0,700,700,0,0,60,2024-09-02
14412,20240463,2024-09-17,10:06:57,Old,Dr. Ashwin Sadavarte,400,300,0,700,700,0,0,30,2024-10-17
14413,20240463,2024-11-23,09:23:04,Old,Dr. Ashwin Sadavarte,300,0,0,300,300,0,0,90,2025-02-21
14414,20240463,2025-02-06,09:55:40,Old,Dr. Ashwin Sadavarte,500,200,0,700,0,0,700,90,2025-05-07
14415,20240463,2025-10-21,11:15:55,Old,Dr. Ashwin Sadavarte,500,0,0,500,500,0,0,30,2025-11-20
14416,20240463,2026-07-31,12:07:51,Old,Dr. Ashwin Sadavarte,300,0,0,300,300,0,0,,
14417,20240464,2024-11-18,12:11:12,New,Dr. Ashwin Sadavarte,400,0,0,400,400,0,0,,
14418,20240464,2025-01-09,12:11:46,Old,Dr. Ashwin Sadavarte,400,300,0,700,700,0,0,60,2025-03-10
14419,20240464,2025-03-11,12:20:16,Old,Dr. Ashwin Sadavarte,300,200,0,500,500,0,0,30,2025-04-10
14420,20240464,2025-05-21,12:39:05,Old,Dr. Ashwin Sadavarte,400,0,0,400,400,0,0,30,2025-06-20
14421,20240464,2025-07-16,11:55:56,Old,Dr. Ashwin Sadavarte,500,0,0,500,500,0,0,,
14422,20240464,2025-09-19,10:19:47,Old,Dr. Ashwin Sadavarte,400,0,0,400,400,0,0,30,2025-10-19
14423,20240464,2025-12-08,12:58:32,Old,Dr. Ashwin Sadavarte,500,0,0,500,500,0,0,60,2026-02-06
14424,20240464,2026-02-04,10:36:29,Old,Dr. Ashwin Sadavarte,400,0,0,400,400,0,0,30,2026-03-06
14425,20240464,2026-03-28,12:10:30,Old,Dr. Ashwin Sadavarte,400,0,0,400,400,0,0,60,2026-05-27
14426,20240464,2026-06-08,09:42:55,Old,Dr. Ashwin Sadavarte,400,300,0,700,700,0,0,,
14427,20240464,2026-08-13,13:43:22,Old,Dr. Ashwin Sadavarte,400,0,0,400,400,0,0,60,2026-10-12
14428,20240465,2025-03-23,13:46:10,New,Dr. R. Mahalle,500,0,0,500,500,0,0,60,2025-05-22
14429,20240465,2025-05-17,09:50:20,Old,Dr. R. Mahalle,400,300,0,700,700,0,0,30,2025-06-16
14430,20240465,2025-08-01,12:17:28,Old,Dr. R. Mahalle,400,0,0,400,400,0,0,60,2025-09-30
14431,20240465,2025-10-02,10:29:31,Old,Dr. R. Mahalle,500,0,0,500,500,0,0,60,2025-12-01
14432,20240465,2025-12-20,11:14:01,Old,Dr. R. Mahalle,500,300,0,800,800,0,0,60,2026-02-18
14433,20240465,2026-03-09,10:23:18,Old,Dr. R. Mahalle,500,0,0,500,500,0,0,60,2026-05-08
14434,20240465,2026-05-04,10:28:55,Old,Dr. R. Mahalle,300,300,0,600,200,0,400,60,2026-07-03
14435,20240465,2026-06-30,13:03:15,Old,Dr. R. Mahalle,500,0,0,500,500,0,0,30,2026-07-30
14436,20240465,2026-08-26,12:13:23,Old,Dr. R. Mahalle,500,0,0,500,500,0,0,15,2026-09-10
14437,20240466,2023-12-11,11:10:07,New,Dr. Ashwin Sadavarte,500,200,0,700,700,0,0,,
14438,20240466,2024-03-22,12:23:09,Old,Dr. Ashwin Sadavarte,300,0,0,300,300,0,0,60,2024-05-21
14439,20240466,2024-06-13,09:07:07,Old,Dr. Ashwin Sadavarte,500,200,0,700,700,0,0,90,2024-09-11
14440,20240466,2024-10-01,10:46:54,Old,Dr. Ashwin Sadavarte,400,0,0,400,400,0,0,60,2024-11-30
14441,20240466,2025-01-06,12:11:47,Old,Dr. Ashwin Sadavarte,300,0,0,300,300,0,0,15,2025-01-21
14442,20240466,2025-04-02,09:29:32,Old,Dr. Ashwin Sadavarte,400,300,0,700,0,0,700,30,2025-05-02
14443,20240466,2025-07-09,09:17:56,Old,Dr. Ashwin Sadavarte,400,0,0,400,400,0,0,30,2025-08-08
14444,20240466,2025-10-04,09:52:05,Old,Dr. Ashwin Sadavarte,300,0,0,300,300,0,0,30,2025-11-03
14445,20240466,2026-01-20,12:09:02,Old,Dr. Ashwin Sadavarte,300,0,0,300,300,0,0,90,2026-04-20
14446,20240466,2026-04-17,11:07:05,Old,Dr. Ashwin Sadavarte,400,0,0,400,400,0,0,30,2026-05-17
14447,20240466,2026-07-21,11:11:35,Old,Dr. Ashwin Sadavarte,300,300,0,600,600,0,0,60,2026-09-19
14448,20240467,2026-07-30,11:04:53,New,Dr. R. Mahalle,500,200,0,700,700,0,0,30,2026-08-29
14449,20240468,2026-07-13,09:09:29,New,Dr. Ashwin Sadavarte,400,0,0,400,400,0,0,60,2026-09-11
14450,20240469,2023-09-01,12:13:58,New,Dr. Ashwin Sadavarte,300,0,0,300,300,0,0,,
14451,20240469,2023-11-23,09:20:06,Old,Dr. Ashwin Sadavarte,500,0,0,500,500,0,0,15,2023-12-08
14452,20240469,2024-02-27,11:55:55,Old,Dr. Ashwin Sadavarte,300,0,0,300,300,0,0,60,2024-04-27
14453,20240469,2024-06-11,12:15:07,Old,Dr. Ashwin Sadavarte,400,0,0,400,400,0,0,15,2024-06-26
14454,20240469,2024-09-19,12:45:02,Old,Dr. Ashwin Sadavarte,300,0,0,300,300,0,0,30,2024-10-19
14455,20240469,2024-12-23,13:46:08,Old,Dr. Ashwin Sadavarte,500,0,0,500,500,0,0,90,2025-03-23
14456,20240469,2025-03-25,10:49:10,Old,Dr. Ashwin Sadavarte,400,0,0,400,400,0,0,30,2025-04-24
14457,20240470,2025-01-13,12:44:19,New,Dr. Ashwin Sadavarte,300,200,0,500,500,0,0,30,2025-02-12
14458,20240470,2025-02-22,12:46:16,Old,Dr. Ashwin Sadavarte,300,0,0,300,300,0,0,30,2025-03-24
14459,20240470,2025-03-24,10:59:13,Old,Dr. Ashwin Sadavarte,400,300,0,700,700,0,0,60,2025-05-23
14460,20240470,2025-05-09,10:56:00,Old,Dr. Ashwin Sadavarte,400,300,0,700,700,0,0,30,2025-06-08
14461,20240470,2025-06-28,11:21:38,Old,Dr. Ashwin Sadavarte,400,200,0,600,600,0,0,90,2025-09-26
14462,20240470,2025-08-11,12:48:11,Old,Dr. Ashwin Sadavarte,500,0,0,500,500,0,0,60,2025-10-10
14463,20240470,2025-09-11,12:52:01,Old,Dr. Ashwin Sadavarte,500,300,0,800,800,0,0,,
14464,20240470,2025-10-30,12:42:49,Old,Dr. Ashwin Sadavarte,500,300,0,800,800,0,0,15,2025-11-14
14465,20240471,2025-02-08,11:09:34,New,Dr. Ashwin Sadavarte,500,200,0,700,700,0,0,15,2025-02-23
14466,20240471,2025-04-11,13:38:07,Old,Dr. Ashwin Sadavarte,400,200,0,600,600,0,0,60,2025-06-10
14467,20240471,2025-10-26,13:34:32,Old,Dr. Ashwin Sadavarte,500,300,0,800,800,0,0,90,2026-01-24
14468,20240471,2025-12-18,10:22:49,Old,Dr. Ashwin Sadavarte,400,300,0,700,700,0,0,,
14469,20240471,2026-03-01,12:18:20,Old,Dr. Ashwin Sadavarte,400,0,0,400,400,0,0,60,2026-04-30
14470,20240471,2026-07-07,10:09:45,Old,Dr. Ashwin Sadavarte,300,0,0,300,300,0,0,90,2026-10-05
14471,20240471,2026-09-14,12:44:56,Old,Dr. Ashwin Sadavarte,300,0,0,300,300,0,0,60,2026-11-13
14472,20240472,2025-03-18,10:20:33,New,Dr. R. Mahalle,500,200,0,700,700,0,0,90,2025-06-16
14473,20240472,2025-05-11,10:48:38,Old,Dr. R. Mahalle,300,0,0,300,300,0,0,60,2025-07-10
14474,20240472,2025-07-22,12:00:02,Old,Dr. R. Mahalle,300,0,0,300,300,0,0,90,2025-10-20
14475,20240472,2025-10-02,09:04:47,Old,Dr. R. Mahalle,400,300,0,700,700,0,0,30,2025-11-01
14476,20240472,2025-11-26,09:59:33,Old,Dr. R. Mahalle,400,300,0,700,100,0,600,60,2026-01-25
14477,20240472,2026-02-10,09:14:35,Old,Dr. R. Mahalle,500,0,0,500,500,0,0,15,2026-02-25
14478,20240472,2026-04-03,12:01:31,Old,Dr. R. Mahalle,300,0,0,300,300,0,0,90,2026-07-02
14479,20240472,2026-06-15,09:14:31,Old,Dr. R. Mahalle,400,0,0,400,400,0,0,90,2026-09-13
14480,20240472,2026-08-07,09:32:13,Old,Dr. R. Mahalle,300,300,0,600,600,0,0,30,2026-09-06
14481,20240473,2023-10-17,10:47:55,New,Dr. Ashwin Sadavarte,300,0,0,300,300,0,0,30,2023-11-16
14482,20240473,2024-01-02,12:32:02,Old,Dr. Ashwin Sadavarte,500,0,0,500,500,0,0,30,2024-02-01
14483,20240473,2024-03-17,13:03:27,Old,Dr. Ashwin Sadavarte,400,0,0,400,100,0,300,30,2024-04-16
14484,20240473,2024-06-02,12:55:37,Old,Dr. Ashwin Sadavarte,300,0,0,300,300,0,0,,
14485,20240473,2024-08-18,11:24:35,Old,Dr. Ashwin Sadavarte,500,0,0,500,500,0,0,30,2024-09-17
14486,20240473,2024-10-19,11:12:10,Old,Dr. Ashwin Sadavarte,500,300,0,800,800,0,0,30,2024-11-18
14487,20240473,2024-12-17,11:12:25,Old,Dr. Ashwin Sadavarte,300,0,0,300,300,0,0,,
14488,20240473,2025-02-15,13:20:21,Old,Dr. Ashwin Sadavarte,500,0,0,500,500,0,0,60,2025-04-16
14489,20240473,2025-04-14,12:59:31,Old,Dr. Ashwin Sadavarte,300,0,0,300,300,0,0,,
14490,20240473,2025-06-26,09:11:38,Old,Dr. Ashwin Sadavarte,500,0,0,500,500,0,0,,
14491,20240473,2025-09-14,09:49:34,Old,Dr. Ashwin Sadavarte,400,0,0,400,400,0,0,90,2025-12-13
14492,20240473,2025-11-26,09:53:25,Old,Dr. Ashwin Sadavarte,400,300,0,700,700,0,0,30,2025-12-26
14493,20240473,2026-01-23,10:57:49,Old,Dr. Ashwin Sadavarte,500,300,0,800,800,0,0,30,2026-02-22
14494,20240473,2026-04-07,13:30:11,Old,Dr. Ashwin Sadavarte,300,0,0,300,300,0,0,60,2026-06-06
14495,20240474,2024-09-27,13:48:03,New,Dr. Ashwin Sadavarte,500,0,0,500,500,0,0,15,2024-10-12
14496,20240474,2024-10-28,10:03:32,Old,Dr. Ashwin Sadavarte,400,0,0,400,400,0,0,60,2024-12-27
14497,20240474,2024-11-24,09:01:10,Old,Dr. Ashwin Sadavarte,500,200,0,700,700,0,0,15,2024-12-09
14498,20240474,2025-01-03,13:24:01,Old,Dr. Ashwin Sadavarte,500,0,0,500,500,0,0,30,2025-02-02
14499,20240474,2025-02-08,10:00:01,Old,Dr. Ashwin Sadavarte,300,0,0,300,300,0,0,90,2025-05-09
14500,20240474,2025-03-23,09:12:34,Old,Dr. Ashwin Sadavarte,300,200,0,500,500,0,0,30,2025-04-22
14501,20240475,2026-07-25,13:31:00,New,Dr. R. Mahalle,400,0,0,400,400,0,0,60,2026-09-23
14502,20240476,2023-09-03,11:24:20,New,Dr. R. Mahalle,500,0,0,500,500,0,0,30,2023-10-03
14503,20240476,2024-01-25,09:29:33,Old,Dr. R. Mahalle,500,300,0,800,800,0,0,30,2024-02-24
14504,20240476,2024-03-09,12:39:36,Old,Dr. R. Mahalle,300,0,0,300,300,0,0,60,2024-05-08
14505,20240476,2024-09-11,13:47:53,Old,Dr. R. Mahalle,400,300,0,700,700,0,0,30,2024-10-11
14506,20240476,2025-05-17,13:23:52,Old,Dr. R. Mahalle,300,0,0,300,300,0,0,15,2025-06-01
14507,20240476,2025-06-28,12:43:58,Old,Dr. R. Mahalle,300,0,0,300,300,0,0,15,2025-07-13
14508,20240476,2026-01-04,12:39:09,Old,Dr. R. Mahalle,500,300,0,800,800,0,0,30,2026-02-03
14509,20240476,2026-02-23,11:29:40,Old,Dr. R. Mahalle,500,0,0,500,100,0,400,15,2026-03-10
14510,20240476,2026-08-16,10:09:57,Old,Dr. R. Mahalle,300,0,0,300,300,0,0,60,2026-10-15
14511,20240477,2025-06-07,09:47:48,New,Dr. Ashwin Sadavarte,300,0,0,300,300,0,0,30,2025-07-07
14512,20240477,2025-08-15,12:52:10,Old,Dr. Ashwin Sadavarte,500,0,0,500,500,0,0,30,2025-09-14
14513,20240477,2025-11-02,11:11:00,Old,Dr. Ashwin Sadavarte,400,200,0,600,600,0,0,30,2025-12-02
14514,20240477,2026-01-20,13:07:28,Old,Dr. Ashwin Sadavarte,400,0,0,400,400,0,0,,
14515,20240477,2026-03-19,12:12:10,Old,Dr. Ashwin Sadavarte,500,0,0,500,500,0,0,30,2026-04-18
14516,20240477,2026-06-05,09:26:09,Old,Dr. Ashwin Sadavarte,500,200,0,700,700,0,0,60,2026-08-04
14517,20240478,2024-01-30,10:07:32,New,Dr. Ashwin Sadavarte,400,0,0,400,400,0,0,30,2024-02-29
14518,20240478,2024-03-09,10:10:34,Old,Dr. Ashwin Sadavarte,300,0,0,300,300,0,0,,
14519,20240478,2024-04-20,12:16:49,Old,Dr. Ashwin Sadavarte,400,0,0,400,400,0,0,90,2024-07-19
14520,20240478,2024-06-07,13:12:32,Old,Dr. Ashwin Sadavarte,400,0,0,400,400,0,0,90,2024-09-05
14521,20240478,2024-07-07,09:40:19,Old,Dr. Ashwin Sadavarte,500,200,0,700,700,0,0,90,2024-10-05
14522,20240478,2024-07-31,11:40:57,Old,Dr. Ashwin Sadavarte,500,200,0,700,700,0,0,,
14523,20240478,2024-09-15,12:43:11,Old,Dr. Ashwin Sadavarte,300,300,0,600,600,0,0,60,2024-11-14
14524,20240478,2024-11-03,10:30:59,Old,Dr. Ashwin Sadavarte,500,300,0,800,800,0,0,30,2024-12-03
14525,20240478,2024-12-20,10:59:11,Old,Dr. Ashwin Sadavarte,500,0,0,500,500,0,0,90,2025-03-20
14526,20240478,2025-02-04,09:55:17,Old,Dr. Ashwin Sadavarte,400,0,0,400,400,0,0,30,2025-03-06
14527,20240478,2025-03-09,10:40:55,Old,Dr. Ashwin Sadavarte,500,200,0,700,700,0,0,,
14528,20240478,2025-04-28,12:42:53,Old,Dr. Ashwin Sadavarte,500,200,0,700,700,0,0,30,2025-05-28
14529,20240478,2025-05-26,09:25:46,Old,Dr. Ashwin Sadavarte,300,0,0,300,300,0,0,15,2025-06-10
14530,20240478,2025-07-10,10:22:02,Old,Dr. Ashwin Sadavarte,300,200,0,500,200,0,300,60,2025-09-08
14531,20240478,2025-08-15,11:02:30,Old,Dr. Ashwin Sadavarte,300,0,0,300,300,0,0,60,2025-10-14
14532,20240478,2025-09-23,12:31:13,Old,Dr. Ashwin Sadavarte,300,200,0,500,500,0,0,60,2025-11-22
14533,20240478,2025-10-24,09:55:50,Old,Dr. Ashwin Sadavarte,400,0,0,400,400,0,0,30,2025-11-23
14534,20240478,2025-11-18,13:55:44,Old,Dr. Ashwin Sadavarte,300,0,0,300,300,0,0,,
14535,20240478,2025-12-22,10:50:42,Old,Dr. Ashwin Sadavarte,300,0,0,300,200,0,100,15,2026-01-06
14536,20240478,2026-01-26,13:07:15,Old,Dr. Ashwin Sadavarte,500,0,0,500,500,0,0,,
14537,20240478,2026-03-12,13:55:16,Old,Dr. Ashwin Sadavarte,400,200,0,600,600,0,0,30,2026-04-11
14538,20240478,2026-04-09,12:56:52,Old,Dr. Ashwin Sadavarte,500,300,0,800,800,0,0,30,2026-05-09
14539,20240478,2026-05-12,11:53:44,Old,Dr. Ashwin Sadavarte,400,0,0,400,400,0,0,90,2026-08-10
14540,20240478,2026-06-27,12:42:30,Old,Dr. Ashwin Sadavarte,300,200,0,500,500,0,0,60,2026-08-26
14541,20240478,2026-08-05,13:29:16,Old,Dr. Ashwin Sadavarte,400,0,0,400,400,0,0,60,2026-10-04
14542,20240478,2026-09-14,09:11:23,Old,Dr. Ashwin Sadavarte,400,0,0,400,400,0,0,90,2026-12-13
14543,20240479,2023-12-09,13:11:52,New,Dr. R. Mahalle,500,0,0,500,100,0,400,,
14544,20240479,2024-02-06,11:33:01,Old,Dr. R. Mahalle,300,0,0,300,300,0,0,30,2024-03-07
14545,20240479,2024-03-29,13:49:15,Old,Dr. R. Mahalle,400,200,0,600,0,0,600,30,2024-04-28
14546,20240479,2024-05-30,12:52:27,Old,Dr. R. Mahalle,500,0,0,500,500,0,0,,
14547,20240479,2024-07-21,09:50:57,Old,Dr. R. Mahalle,300,0,0,300,300,0,0,30,2024-08-20
14548,20240479,2024-09-28,11:21:01,Old,Dr. R. Mahalle,500,0,0,500,200,0,300,15,2024-10-13
14549,20240479,2024-11-20,12:30:59,Old,Dr. R. Mahalle,400,0,0,400,400,0,0,,
14550,20240479,2025-02-06,13:21:35,Old,Dr. R. Mahalle,500,0,0,500,500,0,0,60,2025-04-07
14551,20240479,2025-04-20,11:09:39,Old,Dr. R. Mahalle,300,200,0,500,500,0,0,60,2025-06-19
14552,20240479,2025-06-25,13:47:38,Old,Dr. R. Mahalle,500,300,0,800,800,0,0,60,2025-08-24
14553,20240479,2025-08-23,11:47:36,Old,Dr. R. Mahalle,500,300,0,800,800,0,0,30,2025-09-22
14554,20240479,2025-11-09,10:03:49,Old,Dr. R. Mahalle,400,300,0,700,700,0,0,60,2026-01-08
14555,20240479,2026-01-20,10:22:10,Old,Dr. R. Mahalle,400,0,0,400,400,0,0,15,2026-02-04
14556,20240479,2026-03-24,13:50:14,Old,Dr. R. Mahalle,500,200,0,700,700,0,0,30,2026-04-23
14557,20240479,2026-05-22,10:17:19,Old,Dr. R. Mahalle,400,200,0,600,600,0,0,30,2026-06-21
14558,20240479,2026-08-08,11:49:07,Old,Dr. R. Mahalle,400,0,0,400,400,0,0,60,2026-10-07
14559,20240480,2023-12-29,12:46:28,New,Dr. Ashwin Sadavarte,300,300,0,600,600,0,0,15,2024-01-13
14560,20240480,2024-02-24,11:06:35,Old,Dr. Ashwin Sadavarte,400,300,0,700,700,0,0,60,2024-04-24
14561,20240480,2024-05-02,13:09:19,Old,Dr. Ashwin Sadavarte,500,0,0,500,500,0,0,15,2024-05-17
14562,20240480,2024-07-05,10:56:16,Old,Dr. Ashwin Sadavarte,300,300,0,600,100,0,500,60,2024-09-03
14563,20240480,2024-09-05,12:04:08,Old,Dr. Ashwin Sadavarte,500,0,0,500,500,0,0,60,2024-11-04
14564,20240480,2024-11-21,12:07:09,Old,Dr. Ashwin Sadavarte,500,0,0,500,200,0,300,30,2024-12-21
14565,20240480,2025-01-27,09:44:43,Old,Dr. Ashwin Sadavarte,400,200,0,600,600,0,0,30,2025-02-26
14566,20240480,2025-03-23,09:13:07,Old,Dr. Ashwin Sadavarte,400,300,0,700,700,0,0,60,2025-05-22
14567,20240481,2025-06-01,10:53:35,New,Dr. Ashwin Sadavarte,500,0,0,500,500,0,0,,
14568,20240481,2025-08-03,09:55:13,Old,Dr. Ashwin Sadavarte,300,300,0,600,600,0,0,15,2025-08-18
14569,20240481,2025-10-18,12:05:49,Old,Dr. Ashwin Sadavarte,300,0,0,300,300,0,0,30,2025-11-17
14570,20240481,2025-12-27,13:23:02,Old,Dr. Ashwin Sadavarte,400,0,0,400,400,0,0,30,2026-01-26
14571,20240481,2026-03-12,10:56:59,Old,Dr. Ashwin Sadavarte,500,300,0,800,800,0,0,60,2026-05-11
14572,20240481,2026-05-24,10:34:11,Old,Dr. Ashwin Sadavarte,300,0,0,300,300,0,0,,
14573,20240481,2026-07-19,13:23:08,Old,Dr. Ashwin Sadavarte,500,300,0,800,800,0,0,60,2026-09-17
14574,20240482,2024-04-25,09:16:00,New,Dr. Ashwin Sadavarte,300,0,0,300,300,0,0,90,2024-07-24
14575,20240482,2024-07-21,10:56:28,Old,Dr. Ashwin Sadavarte,400,200,0,600,600,0,0,30,2024-08-20
14576,20240482,2024-10-24,09:14:44,Old,Dr. Ashwin Sadavarte,300,0,0,300,300,0,0,30,2024-11-23
14577,20240482,2025-01-28,12:15:04,Old,Dr. Ashwin Sadavarte,400,0,0,400,400,0,0,,
14578,20240482,2025-05-15,09:01:11,Old,Dr. Ashwin Sadavarte,400,0,0,400,400,0,0,90,2025-08-13
14579,20240482,2025-08-25,12:56:27,Old,Dr. Ashwin Sadavarte,300,0,0,300,0,0,300,30,2025-09-24
14580,20240482,2025-12-05,10:44:43,Old,Dr. Ashwin Sadavarte,500,0,0,500,500,0,0,,
14581,20240482,2026-02-26,13:45:17,Old,Dr. Ashwin Sadavarte,300,200,0,500,500,0,0,15,2026-03-13
14582,20240483,2023-11-15,12:41:12,New,Dr. Ashwin Sadavarte,500,0,0,500,500,0,0,30,2023-12-15
14583,20240483,2024-02-24,11:42:53,Old,Dr. Ashwin Sadavarte,400,0,0,400,400,0,0,90,2024-05-24
14584,20240483,2024-05-18,12:42:51,Old,Dr. Ashwin Sadavarte,500,0,0,500,200,0,300,30,2024-06-17
14585,20240483,2024-08-22,09:33:33,Old,Dr. Ashwin Sadavarte,300,0,0,300,300,0,0,90,2024-11-20
14586,20240483,2024-11-12,12:39:47,Old,Dr. Ashwin Sadavarte,500,0,0,500,500,0,0,30,2024-12-12
14587,20240483,2025-02-11,10:37:44,Old,Dr. Ashwin Sadavarte,300,200,0,500,500,0,0,60,2025-04-12
14588,20240483,2025-05-17,09:24:57,Old,Dr. Ashwin Sadavarte,300,300,0,600,600,0,0,15,2025-06-01
14589,20240483,2025-08-23,10:26:16,Old,Dr. Ashwin Sadavarte,500,200,0,700,700,0,0,60,2025-10-22
14590,20240483,2025-11-26,12:09:47,Old,Dr. Ashwin Sadavarte,400,0,0,400,400,0,0,60,2026-01-25
14591,20240483,2026-03-01,11:20:51,Old,Dr. Ashwin Sadavarte,500,200,0,700,700,0,0,30,2026-03-31
14592,20240483,2026-06-10,13:47:05,Old,Dr. Ashwin Sadavarte,400,200,0,600,600,0,0,30,2026-07-10
14593,20240483,2026-09-12,11:34:32,Old,Dr. Ashwin Sadavarte,400,300,0,700,700,0,0,30,2026-10-12
14594,20240484,2024-03-19,09:52:50,New,Dr. R. Mahalle,300,200,0,500,500,0,0,,
14595,20240484,2024-09-19,11:02:58,Old,Dr. R. Mahalle,400,0,0,400,400,0,0,15,2024-10-04
14596,20240484,2024-11-18,12:44:48,Old,Dr. R. Mahalle,500,0,0,500,500,0,0,90,2025-02-16
14597,20240484,2025-04-14,09:20:32,Old,Dr. R. Mahalle,400,0,0,400,0,0,400,60,2025-06-13
14598,20240484,2025-06-27,12:09:41,Old,Dr. R. Mahalle,500,0,0,500,500,0,0,,
14599,20240484,2025-08-18,11:09:18,Old,Dr. R. Mahalle,500,0,0,500,500,0,0,30,2025-09-17
14600,20240484,2026-06-02,10:09:34,Old,Dr. R. Mahalle,400,0,0,400,400,0,0,30,2026-07-02
14601,20240484,2026-08-05,10:43:57,Old,Dr. R. Mahalle,400,0,0,400,400,0,0,30,2026-09-04
14602,20240485,2024-03-28,10:11:06,New,Dr. Ashwin Sadavarte,500,300,0,800,800,0,0,60,2024-05-27
14603,20240485,2024-05-17,10:01:18,Old,Dr. Ashwin Sadavarte,300,0,0,300,300,0,0,30,2024-06-16
14604,20240486,2024-10-09,13:07:23,New,Dr. Ashwin Sadavarte,300,300,0,600,600,0,0,60,2024-12-08
14605,20240486,2024-11-19,10:22:22,Old,Dr. Ashwin Sadavarte,500,0,0,500,500,0,0,15,2024-12-04
14606,20240486,2025-01-02,09:34:49,Old,Dr. Ashwin Sadavarte,400,0,0,400,400,0,0,30,2025-02-01
14607,20240486,2025-01-31,09:48:47,Old,Dr. Ashwin Sadavarte,300,300,0,600,600,0,0,90,2025-05-01
14608,20240486,2025-02-25,09:48:05,Old,Dr. Ashwin Sadavarte,300,0,0,300,300,0,0,,
14609,20240486,2025-09-29,09:42:21,Old,Dr. Ashwin Sadavarte,400,300,0,700,700,0,0,30,2025-10-29
14610,20240486,2026-07-04,13:32:31,Old,Dr. Ashwin Sadavarte,300,300,0,600,600,0,0,60,2026-09-02
14611,20240486,2026-08-22,11:17:38,Old,Dr. Ashwin Sadavarte,400,200,0,600,200,0,400,30,2026-09-21
14612,20240487,2024-03-15,11:20:26,New,Dr. Ashwin Sadavarte,300,0,0,300,300,0,0,60,2024-05-14
14613,20240487,2024-05-24,09:36:30,Old,Dr. Ashwin Sadavarte,500,300,0,800,800,0,0,30,2024-06-23
14614,20240487,2024-08-12,09:13:51,Old,Dr. Ashwin Sadavarte,300,300,0,600,600,0,0,60,2024-10-11
14615,20240487,2024-10-11,13:00:52,Old,Dr. Ashwin Sadavarte,300,300,0,600,600,0,0,60,2024-12-10
14616,20240487,2024-12-19,10:09:37,Old,Dr. Ashwin Sadavarte,500,300,0,800,800,0,0,30,2025-01-18
14617,20240487,2025-02-17,12:28:07,Old,Dr. Ashwin Sadavarte,300,300,0,600,600,0,0,15,2025-03-04
14618,20240487,2025-04-22,10:51:07,Old,Dr. Ashwin Sadavarte,300,300,0,600,600,0,0,,
14619,20240488,2024-05-16,11:14:30,New,Dr. Ashwin Sadavarte,400,0,0,400,400,0,0,15,2024-05-31
14620,20240488,2024-08-10,09:53:48,Old,Dr. Ashwin Sadavarte,400,300,0,700,700,0,0,,
14621,20240489,2024-11-27,09:53:51,New,Dr. Ashwin Sadavarte,300,0,0,300,300,0,0,,
14622,20240489,2025-02-28,11:03:01,Old,Dr. Ashwin Sadavarte,300,0,0,300,300,0,0,60,2025-04-29
14623,20240489,2025-05-28,11:42:23,Old,Dr. Ashwin Sadavarte,500,0,0,500,500,0,0,30,2025-06-27
14624,20240489,2025-09-13,11:22:34,Old,Dr. Ashwin Sadavarte,400,200,0,600,600,0,0,60,2025-11-12
14625,20240489,2025-12-24,10:46:20,Old,Dr. Ashwin Sadavarte,400,0,0,400,400,0,0,,
14626,20240489,2026-03-29,13:26:03,Old,Dr. Ashwin Sadavarte,300,0,0,300,300,0,0,30,2026-04-28
14627,20240489,2026-06-23,11:17:32,Old,Dr. Ashwin Sadavarte,500,200,0,700,700,0,0,60,2026-08-22
14628,20240489,2026-09-16,13:46:36,Old,Dr. Ashwin Sadavarte,300,300,0,600,600,0,0,30,2026-10-16
14629,20240490,2023-08-20,13:29:26,New,Dr. R. Mahalle,500,300,0,800,800,0,0,,
14630,20240490,2023-11-27,09:49:32,Old,Dr. R. Mahalle,400,0,0,400,400,0,0,15,2023-12-12
14631,20240490,2024-02-23,09:26:14,Old,Dr. R. Mahalle,500,0,0,500,500,0,0,,
14632,20240490,2024-06-05,11:17:43,Old,Dr. R. Mahalle,400,0,0,400,400,0,0,,
14633,20240490,2024-09-06,09:36:42,Old,Dr. R. Mahalle,500,200,0,700,700,0,0,30,2024-10-06
14634,20240490,2024-12-23,10:57:14,Old,Dr. R. Mahalle,300,0,0,300,300,0,0,30,2025-01-22
14635,20240490,2025-04-03,09:55:35,Old,Dr. R. Mahalle,400,200,0,600,600,0,0,30,2025-05-03
14636,20240490,2025-06-28,12:24:21,Old,Dr. R. Mahalle,300,0,0,300,0,0,300,30,2025-07-28
14637,20240490,2025-10-02,11:25:49,Old,Dr. R. Mahalle,300,0,0,300,300,0,0,30,2025-11-01
14638,20240490,2026-01-13,10:14:07,Old,Dr. R. Mahalle,500,0,0,500,500,0,0,60,2026-03-14
14639,20240490,2026-05-01,13:56:15,Old,Dr. R. Mahalle,300,300,0,600,600,0,0,15,2026-05-16
14640,20240490,2026-08-05,09:30:26,Old,Dr. R. Mahalle,400,0,0,400,400,0,0,15,2026-08-20
14641,20240491,2025-03-08,12:12:18,New,Dr. Ashwin Sadavarte,500,0,0,500,500,0,0,,
14642,20240491,2025-04-29,12:24:08,Old,Dr. Ashwin Sadavarte,400,0,0,400,400,0,0,15,2025-05-14
14643,20240491,2025-07-09,09:01:46,Old,Dr. Ashwin Sadavarte,400,0,0,400,400,0,0,60,2025-09-07
14644,20240491,2025-09-08,09:02:30,Old,Dr. Ashwin Sadavarte,300,200,0,500,500,0,0,60,2025-11-07
14645,20240491,2025-11-23,09:38:19,Old,Dr. Ashwin Sadavarte,500,0,0,500,500,0,0,30,2025-12-23
14646,20240491,2026-01-18,13:37:46,Old,Dr. Ashwin Sadavarte,500,0,0,500,500,0,0,,
14647,20240491,2026-03-31,13:40:22,Old,Dr. Ashwin Sadavarte,500,0,0,500,500,0,0,15,2026-04-15
14648,20240491,2026-06-03,12:16:41,Old,Dr. Ashwin Sadavarte,500,0,0,500,500,0,0,,
14649,20240491,2026-08-17,09:36:56,Old,Dr. Ashwin Sadavarte,300,0,0,300,300,0,0,,
14650,20240492,2023-08-26,12:39:02,New,Dr. R. Mahalle,400,200,0,600,600,0,0,60,2023-10-25
14651,20240492,2023-10-26,10:32:45,Old,Dr. R. Mahalle,500,0,0,500,500,0,0,60,2023-12-25
14652,20240492,2023-12-28,11:42:10,Old,Dr. R. Mahalle,400,0,0,400,400,0,0,60,2024-02-26
14653,20240492,2024-03-01,13:18:13,Old,Dr. R. Mahalle,400,0,0,400,400,0,0,60,2024-04-30
14654,20240492,2024-05-15,12:37:45,Old,Dr. R. Mahalle,300,0,0,300,300,0,0,60,2024-07-14
14655,20240492,2024-07-27,09:32:49,Old,Dr. R. Mahalle,300,0,0,300,300,0,0,60,2024-09-25
14656,20240492,2024-09-24,09:16:17,Old,Dr. R. Mahalle,300,0,0,300,300,0,0,30,2024-10-24
14657,20240492,2024-11-21,11:55:09,Old,Dr. R. Mahalle,400,0,0,400,400,0,0,60,2025-01-20
14658,20240492,2025-01-13,12:34:18,Old,Dr. R. Mahalle,400,0,0,400,400,0,0,30,2025-02-12
14659,20240492,2025-03-21,12:46:55,Old,Dr. R. Mahalle,400,0,0,400,400,0,0,,
14660,20240492,2025-05-19,12:02:21,Old,Dr. R. Mahalle,300,200,0,500,500,0,0,30,2025-06-18
14661,20240492,2025-07-21,11:33:06,Old,Dr. R. Mahalle,500,200,0,700,700,0,0,,
14662,20240492,2025-10-06,11:01:34,Old,Dr. R. Mahalle,500,0,0,500,500,0,0,30,2025-11-05
14663,20240492,2025-12-24,13:12:41,Old,Dr. R. Mahalle,300,0,0,300,300,0,0,30,2026-01-23
14664,20240492,2026-02-17,11:41:19,Old,Dr. R. Mahalle,500,300,0,800,800,0,0,15,2026-03-04
14665,20240493,2024-07-19,12:02:45,New,Dr. Ashwin Sadavarte,500,0,0,500,500,0,0,30,2024-08-18
14666,20240493,2024-09-12,10:36:06,Old,Dr. Ashwin Sadavarte,500,0,0,500,500,0,0,30,2024-10-12
14667,20240493,2024-11-27,10:30:55,Old,Dr. Ashwin Sadavarte,500,0,0,500,500,0,0,90,2025-02-25
14668,20240493,2025-02-13,09:05:31,Old,Dr. Ashwin Sadavarte,400,200,0,600,600,0,0,,
14669,20240493,2025-04-09,10:31:37,Old,Dr. Ashwin Sadavarte,300,0,0,300,300,0,0,30,2025-05-09
14670,20240493,2025-06-18,12:49:12,Old,Dr. Ashwin Sadavarte,500,300,0,800,800,0,0,,
14671,20240493,2025-09-04,10:59:46,Old,Dr. Ashwin Sadavarte,300,0,0,300,300,0,0,30,2025-10-04
14672,20240493,2025-11-17,13:54:27,Old,Dr. Ashwin Sadavarte,400,200,0,600,600,0,0,30,2025-12-17
14673,20240494,2026-08-15,10:23:06,New,Dr. R. Mahalle,500,0,0,500,500,0,0,90,2026-11-13
14674,20240495,2023-10-05,12:47:26,New,Dr. R. Mahalle,400,300,0,700,700,0,0,30,2023-11-04
14675,20240495,2024-01-04,09:30:33,Old,Dr. R. Mahalle,300,0,0,300,300,0,0,90,2024-04-03
14676,20240495,2024-04-13,09:59:40,Old,Dr. R. Mahalle,300,0,0,300,300,0,0,30,2024-05-13
14677,20240495,2024-07-13,13:06:48,Old,Dr. R. Mahalle,400,300,0,700,700,0,0,30,2024-08-12
14678,20240495,2024-10-31,12:40:28,Old,Dr. R. Mahalle,400,300,0,700,700,0,0,60,2024-12-30
14679,20240495,2025-01-22,10:51:56,Old,Dr. R. Mahalle,300,0,0,300,300,0,0,60,2025-03-23
14680,20240495,2025-04-16,09:24:47,Old,Dr. R. Mahalle,500,200,0,700,700,0,0,15,2025-05-01
14681,20240495,2025-07-25,13:30:47,Old,Dr. R. Mahalle,400,300,0,700,700,0,0,60,2025-09-23
14682,20240495,2025-10-22,10:06:06,Old,Dr. R. Mahalle,400,300,0,700,700,0,0,90,2026-01-20
14683,20240495,2026-01-21,12:43:33,Old,Dr. R. Mahalle,500,300,0,800,800,0,0,15,2026-02-05
14684,20240495,2026-04-29,11:18:33,Old,Dr. R. Mahalle,400,0,0,400,400,0,0,60,2026-06-28
14685,20240495,2026-07-28,13:37:09,Old,Dr. R. Mahalle,300,200,0,500,500,0,0,30,2026-08-27
14686,20240496,2024-07-24,11:26:08,New,Dr. Ashwin Sadavarte,300,0,0,300,300,0,0,30,2024-08-23
14687,20240496,2024-10-24,13:44:41,Old,Dr. Ashwin Sadavarte,300,200,0,500,500,0,0,30,2024-11-23
14688,20240496,2025-01-31,13:37:21,Old,Dr. Ashwin Sadavarte,500,0,0,500,0,0,500,30,2025-03-02
14689,20240496,2025-04-29,10:09:55,Old,Dr. Ashwin Sadavarte,400,0,0,400,400,0,0,60,2025-06-28
14690,20240496,2025-07-31,10:13:21,Old,Dr. Ashwin Sadavarte,500,0,0,500,500,0,0,90,2025-10-29
14691,20240497,2025-06-08,13:35:43,New,Dr. Ashwin Sadavarte,300,200,0,500,500,0,0,90,2025-09-06
14692,20240497,2025-08-27,09:50:48,Old,Dr. Ashwin Sadavarte,300,0,0,300,300,0,0,30,2025-09-26
14693,20240497,2025-10-21,13:15:03,Old,Dr. Ashwin Sadavarte,500,0,0,500,500,0,0,90,2026-01-19
14694,20240497,2025-12-21,09:14:04,Old,Dr. Ashwin Sadavarte,500,0,0,500,200,0,300,30,2026-01-20
14695,20240497,2026-02-23,09:59:28,Old,Dr. Ashwin Sadavarte,300,200,0,500,500,0,0,60,2026-04-24
14696,20240498,2023-09-08,10:12:20,New,Dr. Ashwin Sadavarte,400,0,0,400,400,0,0,90,2023-12-07
14697,20240498,2023-11-20,09:15:44,Old,Dr. Ashwin Sadavarte,300,200,0,500,500,0,0,60,2024-01-19
14698,20240498,2024-02-01,10:51:01,Old,Dr. Ashwin Sadavarte,500,300,0,800,800,0,0,30,2024-03-02
14699,20240498,2024-04-08,12:22:46,Old,Dr. Ashwin Sadavarte,400,0,0,400,400,0,0,30,2024-05-08
14700,20240498,2024-06-06,10:41:22,Old,Dr. Ashwin Sadavarte,400,0,0,400,400,0,0,30,2024-07-06
14701,20240498,2024-08-07,10:49:52,Old,Dr. Ashwin Sadavarte,300,200,0,500,500,0,0,30,2024-09-06
14702,20240498,2024-10-23,13:37:31,Old,Dr. Ashwin Sadavarte,300,0,0,300,300,0,0,60,2024-12-22
14703,20240498,2024-12-21,13:00:18,Old,Dr. Ashwin Sadavarte,400,300,0,700,700,0,0,60,2025-02-19
14704,20240498,2025-02-25,10:09:34,Old,Dr. Ashwin Sadavarte,300,200,0,500,500,0,0,60,2025-04-26
14705,20240498,2025-04-23,11:24:57,Old,Dr. Ashwin Sadavarte,300,0,0,300,300,0,0,15,2025-05-08
14706,20240498,2025-07-09,13:04:48,Old,Dr. Ashwin Sadavarte,400,0,0,400,0,0,400,90,2025-10-07
14707,20240498,2025-09-11,10:24:08,Old,Dr. Ashwin Sadavarte,300,0,0,300,300,0,0,90,2025-12-10
14708,20240498,2025-11-10,12:23:50,Old,Dr. Ashwin Sadavarte,400,200,0,600,600,0,0,90,2026-02-08
14709,20240499,2024-02-22,12:10:48,New,Dr. R. Mahalle,400,200,0,600,0,0,600,15,2024-03-08
14710,20240499,2024-05-18,09:06:44,Old,Dr. R. Mahalle,300,200,0,500,0,0,500,,
14711,20240499,2024-09-01,13:09:24,Old,Dr. R. Mahalle,400,0,0,400,400,0,0,60,2024-10-31
14712,20240499,2024-12-14,11:28:35,Old,Dr. R. Mahalle,300,0,0,300,0,0,300,60,2025-02-12
14713,20240499,2025-03-27,11:49:28,Old,Dr. R. Mahalle,300,300,0,600,600,0,0,,
14714,20240499,2025-07-10,10:54:50,Old,Dr. R. Mahalle,400,0,0,400,400,0,0,60,2025-09-08
14715,20240499,2025-10-06,09:23:06,Old,Dr. R. Mahalle,500,0,0,500,500,0,0,30,2025-11-05
14716,20240499,2025-12-29,09:33:27,Old,Dr. R. Mahalle,400,0,0,400,400,0,0,15,2026-01-13
14717,20240499,2026-04-02,12:04:53,Old,Dr. R. Mahalle,300,300,0,600,600,0,0,30,2026-05-02
14718,20240499,2026-07-08,13:41:41,Old,Dr. R. Mahalle,300,300,0,600,200,0,400,15,2026-07-23
14719,20240500,2025-04-28,10:52:01,New,Dr. R. Mahalle,500,200,0,700,700,0,0,30,2025-05-28
14720,20240500,2025-07-16,12:37:31,Old,Dr. R. Mahalle,400,0,0,400,400,0,0,,
14721,20240500,2025-09-25,10:14:24,Old,Dr. R. Mahalle,400,0,0,400,400,0,0,,
14722,20240500,2025-12-02,11:01:26,Old,Dr. R. Mahalle,400,0,0,400,400,0,0,60,2026-01-31
14723,20240500,2026-02-02,10:29:52,Old,Dr. R. Mahalle,300,0,0,300,300,0,0,,
14724,20240500,2026-04-12,09:28:52,Old,Dr. R. Mahalle,400,0,0,400,400,0,0,60,2026-06-11
14725,20240500,2026-06-17,11:47:47,Old,Dr. R. Mahalle,400,0,0,400,400,0,0,,
14726,20240500,2026-09-05,11:29:54,Old,Dr. R. Mahalle,400,0,0,400,400,0,0,60,2026-11-04
14727,20240501,2023-08-26,10:18:52,New,Dr. R. Mahalle,300,0,0,300,300,0,0,30,2023-09-25
14728,20240501,2023-12-07,10:16:50,Old,Dr. R. Mahalle,300,0,0,300,300,0,0,30,2024-01-06
14729,20240501,2024-03-16,12:30:54,Old,Dr. R. Mahalle,500,0,0,500,500,0,0,60,2024-05-15
14730,20240501,2024-06-29,09:01:16,Old,Dr. R. Mahalle,400,0,0,400,400,0,0,90,2024-09-27
14731,20240501,2024-10-03,12:34:21,Old,Dr. R. Mahalle,300,0,0,300,300,0,0,15,2024-10-18
14732,20240501,2025-01-03,13:31:09,Old,Dr. R. Mahalle,500,0,0,500,500,0,0,90,2025-04-03
14733,20240501,2025-04-02,10:08:10,Old,Dr. R. Mahalle,500,300,0,800,800,0,0,60,2025-06-01
14734,20240501,2025-07-07,09:20:04,Old,Dr. R. Mahalle,400,0,0,400,200,0,200,15,2025-07-22
14735,20240501,2025-10-17,12:32:10,Old,Dr. R. Mahalle,500,300,0,800,800,0,0,,
14736,20240501,2026-02-04,12:05:06,Old,Dr. R. Mahalle,400,0,0,400,400,0,0,15,2026-02-19
14737,20240501,2026-05-19,10:34:53,Old,Dr. R. Mahalle,500,300,0,800,800,0,0,60,2026-07-18
14738,20240501,2026-08-09,09:51:30,Old,Dr. R. Mahalle,500,300,0,800,800,0,0,60,2026-10-08
14739,20240502,2024-11-14,13:39:28,New,Dr. Ashwin Sadavarte,500,300,0,800,800,0,0,30,2024-12-14
14740,20240502,2024-12-22,09:29:08,Old,Dr. Ashwin Sadavarte,500,200,0,700,700,0,0,30,2025-01-21
14741,20240502,2025-01-23,13:25:43,Old,Dr. Ashwin Sadavarte,500,0,0,500,500,0,0,30,2025-02-22
14742,20240502,2025-02-28,09:55:15,Old,Dr. Ashwin Sadavarte,300,0,0,300,0,0,300,90,2025-05-29
14743,20240502,2025-04-17,12:09:11,Old,Dr. Ashwin Sadavarte,500,300,0,800,800,0,0,30,2025-05-17
14744,20240502,2025-05-18,11:37:54,Old,Dr. Ashwin Sadavarte,300,200,0,500,500,0,0,90,2025-08-16
14745,20240502,2025-06-20,09:56:55,Old,Dr. Ashwin Sadavarte,300,200,0,500,500,0,0,90,2025-09-18
14746,20240502,2025-08-09,11:43:55,Old,Dr. Ashwin Sadavarte,400,0,0,400,400,0,0,,
14747,20240502,2025-09-11,09:24:16,Old,Dr. Ashwin Sadavarte,500,200,0,700,200,0,500,90,2025-12-10
14748,20240502,2025-10-07,13:11:22,Old,Dr. Ashwin Sadavarte,500,0,0,500,500,0,0,60,2025-12-06
14749,20240502,2025-11-15,12:58:09,Old,Dr. Ashwin Sadavarte,300,0,0,300,0,0,300,30,2025-12-15
14750,20240502,2025-12-12,10:59:58,Old,Dr. Ashwin Sadavarte,400,0,0,400,400,0,0,,
14751,20240502,2026-01-15,09:43:27,Old,Dr. Ashwin Sadavarte,400,300,0,700,700,0,0,30,2026-02-14
14752,20240502,2026-03-01,11:43:40,Old,Dr. Ashwin Sadavarte,300,300,0,600,600,0,0,60,2026-04-30
14753,20240502,2026-04-15,12:33:16,Old,Dr. Ashwin Sadavarte,300,200,0,500,500,0,0,,
14754,20240502,2026-06-02,13:27:03,Old,Dr. Ashwin Sadavarte,500,200,0,700,700,0,0,60,2026-08-01
14755,20240502,2026-06-26,10:33:04,Old,Dr. Ashwin Sadavarte,400,0,0,400,400,0,0,15,2026-07-11
14756,20240502,2026-08-07,13:16:29,Old,Dr. Ashwin Sadavarte,300,300,0,600,600,0,0,90,2026-11-05
14757,20240502,2026-09-19,11:01:53,Old,Dr. Ashwin Sadavarte,300,200,0,500,500,0,0,,
14758,20240503,2024-05-10,09:52:11,New,Dr. R. Mahalle,300,0,0,300,300,0,0,90,2024-08-08
14759,20240503,2024-06-20,12:29:10,Old,Dr. R. Mahalle,500,0,0,500,500,0,0,15,2024-07-05
14760,20240503,2024-07-28,13:47:09,Old,Dr. R. Mahalle,400,0,0,400,400,0,0,,
14761,20240503,2024-08-25,11:35:55,Old,Dr. R. Mahalle,500,0,0,500,500,0,0,30,2024-09-24
14762,20240503,2024-10-08,11:33:35,Old,Dr. R. Mahalle,300,0,0,300,300,0,0,90,2025-01-06
14763,20240503,2024-11-19,09:08:26,Old,Dr. R. Mahalle,300,0,0,300,300,0,0,30,2024-12-19
14764,20240503,2024-12-19,09:56:40,Old,Dr. R. Mahalle,300,300,0,600,600,0,0,90,2025-03-19
14765,20240503,2025-01-24,11:13:54,Old,Dr. R. Mahalle,500,300,0,800,800,0,0,30,2025-02-23
14766,20240503,2025-02-19,13:00:18,Old,Dr. R. Mahalle,300,200,0,500,500,0,0,60,2025-04-20
14767,20240503,2025-03-13,11:41:28,Old,Dr. R. Mahalle,400,200,0,600,600,0,0,15,2025-03-28
14768,20240503,2025-04-04,12:41:56,Old,Dr. R. Mahalle,500,300,0,800,800,0,0,60,2025-06-03
14769,20240503,2025-05-14,09:11:31,Old,Dr. R. Mahalle,400,0,0,400,400,0,0,,
14770,20240503,2025-06-12,13:25:48,Old,Dr. R. Mahalle,500,0,0,500,500,0,0,90,2025-09-10
14771,20240503,2025-07-06,09:40:15,Old,Dr. R. Mahalle,500,300,0,800,800,0,0,90,2025-10-04
14772,20240503,2025-08-10,13:08:02,Old,Dr. R. Mahalle,500,0,0,500,500,0,0,15,2025-08-25
14773,20240503,2025-09-14,11:15:34,Old,Dr. R. Mahalle,400,0,0,400,100,0,300,15,2025-09-29
14774,20240503,2025-10-31,09:28:18,Old,Dr. R. Mahalle,300,0,0,300,300,0,0,15,2025-11-15
14775,20240503,2025-12-03,13:50:53,Old,Dr. R. Mahalle,500,0,0,500,500,0,0,30,2026-01-02
14776,20240503,2026-01-15,10:31:53,Old,Dr. R. Mahalle,400,0,0,400,400,0,0,90,2026-04-15
14777,20240504,2026-09-05,12:17:52,New,Dr. Ashwin Sadavarte,500,0,0,500,500,0,0,60,2026-11-04
14778,20240505,2024-04-26,12:02:47,New,Dr. R. Mahalle,500,300,0,800,800,0,0,90,2024-07-25
14779,20240505,2024-07-06,10:10:33,Old,Dr. R. Mahalle,300,0,0,300,300,0,0,30,2024-08-05
14780,20240505,2024-09-15,12:06:28,Old,Dr. R. Mahalle,300,0,0,300,300,0,0,30,2024-10-15
14781,20240505,2024-11-22,10:35:54,Old,Dr. R. Mahalle,500,300,0,800,800,0,0,30,2024-12-22
14782,20240505,2025-02-07,12:22:27,Old,Dr. R. Mahalle,300,0,0,300,300,0,0,15,2025-02-22
14783,20240505,2025-04-11,10:56:55,Old,Dr. R. Mahalle,400,0,0,400,400,0,0,60,2025-06-10
14784,20240505,2025-06-09,11:27:54,Old,Dr. R. Mahalle,400,200,0,600,600,0,0,60,2025-08-08
14785,20240505,2025-08-21,09:11:35,Old,Dr. R. Mahalle,400,200,0,600,600,0,0,90,2025-11-19
14786,20240505,2025-11-08,13:30:53,Old,Dr. R. Mahalle,300,0,0,300,300,0,0,30,2025-12-08
14787,20240505,2026-01-13,12:07:45,Old,Dr. R. Mahalle,500,200,0,700,700,0,0,60,2026-03-14
14788,20240505,2026-03-14,09:56:10,Old,Dr. R. Mahalle,400,200,0,600,600,0,0,30,2026-04-13
14789,20240505,2026-05-06,09:53:53,Old,Dr. R. Mahalle,300,0,0,300,300,0,0,15,2026-05-21
14790,20240505,2026-07-15,09:02:51,Old,Dr. R. Mahalle,300,200,0,500,200,0,300,30,2026-08-14
14791,20240505,2026-09-15,09:17:39,Old,Dr. R. Mahalle,400,0,0,400,400,0,0,,
14792,20240506,2024-01-02,12:11:52,New,Dr. Ashwin Sadavarte,500,300,0,800,800,0,0,15,2024-01-17
14793,20240506,2024-02-28,12:57:37,Old,Dr. Ashwin Sadavarte,400,0,0,400,400,0,0,30,2024-03-29
14794,20240506,2024-04-21,12:42:40,Old,Dr. Ashwin Sadavarte,500,0,0,500,500,0,0,30,2024-05-21
14795,20240506,2024-06-18,13:26:29,Old,Dr. Ashwin Sadavarte,300,300,0,600,600,0,0,15,2024-07-03
14796,20240506,2024-08-13,13:58:53,Old,Dr. Ashwin Sadavarte,400,0,0,400,400,0,0,60,2024-10-12
14797,20240506,2024-10-11,11:06:20,Old,Dr. Ashwin Sadavarte,400,0,0,400,400,0,0,,
14798,20240506,2024-12-10,13:29:34,Old,Dr. Ashwin Sadavarte,300,200,0,500,500,0,0,30,2025-01-09
14799,20240506,2025-02-11,09:49:56,Old,Dr. Ashwin Sadavarte,500,200,0,700,200,0,500,90,2025-05-12
14800,20240506,2025-04-05,12:08:31,Old,Dr. Ashwin Sadavarte,300,300,0,600,600,0,0,90,2025-07-04
14801,20240506,2025-06-02,11:31:01,Old,Dr. Ashwin Sadavarte,400,300,0,700,700,0,0,30,2025-07-02
14802,20240506,2025-08-16,12:29:52,Old,Dr. Ashwin Sadavarte,500,0,0,500,500,0,0,,
14803,20240506,2025-10-24,13:01:52,Old,Dr. Ashwin Sadavarte,300,300,0,600,600,0,0,15,2025-11-08
14804,20240507,2026-08-23,09:39:24,New,Dr. Ashwin Sadavarte,300,200,0,500,100,0,400,,
14805,20240508,2025-07-11,10:51:37,New,Dr. R. Mahalle,300,0,0,300,300,0,0,,
14806,20240508,2025-09-20,10:13:36,Old,Dr. R. Mahalle,500,0,0,500,500,0,0,30,2025-10-20
14807,20240508,2025-11-28,11:25:29,Old,Dr. R. Mahalle,300,0,0,300,100,0,200,90,2026-02-26
14808,20240508,2026-02-11,11:01:31,Old,Dr. R. Mahalle,400,200,0,600,600,0,0,15,2026-02-26
14809,20240508,2026-04-09,13:18:08,Old,Dr. R. Mahalle,400,0,0,400,400,0,0,30,2026-05-09
14810,20240508,2026-06-28,13:34:30,Old,Dr. R. Mahalle,400,0,0,400,400,0,0,,
14811,20240508,2026-08-23,11:01:01,Old,Dr. R. Mahalle,400,0,0,400,400,0,0,30,2026-09-22
14812,20240509,2026-07-31,13:41:47,New,Dr. Ashwin Sadavarte,300,0,0,300,100,0,200,60,2026-09-29
14813,20240510,2025-01-02,13:58:11,New,Dr. Ashwin Sadavarte,300,0,0,300,300,0,0,60,2025-03-03
14814,20240510,2025-07-08,10:35:29,Old,Dr. Ashwin Sadavarte,400,0,0,400,400,0,0,,
14815,20240510,2025-08-30,09:19:23,Old,Dr. Ashwin Sadavarte,300,0,0,300,300,0,0,60,2025-10-29
14816,20240510,2025-11-03,10:04:26,Old,Dr. Ashwin Sadavarte,400,0,0,400,400,0,0,30,2025-12-03
14817,20240510,2026-01-04,13:00:42,Old,Dr. Ashwin Sadavarte,500,0,0,500,500,0,0,30,2026-02-03
14818,20240510,2026-03-13,13:49:36,Old,Dr. Ashwin Sadavarte,300,0,0,300,300,0,0,30,2026-04-12
14819,20240510,2026-06-01,13:17:13,Old,Dr. Ashwin Sadavarte,300,300,0,600,600,0,0,,
14820,20240510,2026-08-01,13:54:21,Old,Dr. Ashwin Sadavarte,400,0,0,400,400,0,0,90,2026-10-30
14821,20240511,2024-11-13,11:15:01,New,Dr. R. Mahalle,400,0,0,400,400,0,0,30,2024-12-13
14822,20240511,2024-12-08,11:48:12,Old,Dr. R. Mahalle,300,0,0,300,300,0,0,30,2025-01-07
14823,20240511,2025-01-13,13:39:35,Old,Dr. R. Mahalle,300,0,0,300,300,0,0,60,2025-03-14
14824,20240511,2025-02-04,09:22:26,Old,Dr. R. Mahalle,500,0,0,500,500,0,0,30,2025-03-06
14825,20240511,2025-03-19,09:05:30,Old,Dr. R. Mahalle,500,0,0,500,200,0,300,30,2025-04-18
14826,20240511,2025-04-14,10:45:58,Old,Dr. R. Mahalle,500,300,0,800,800,0,0,15,2025-04-29
14827,20240511,2025-05-06,11:10:51,Old,Dr. R. Mahalle,500,300,0,800,800,0,0,30,2025-06-05
14828,20240511,2025-06-18,12:03:17,Old,Dr. R. Mahalle,500,0,0,500,500,0,0,60,2025-08-17
14829,20240511,2025-07-16,11:36:14,Old,Dr. R. Mahalle,400,300,0,700,700,0,0,30,2025-08-15
14830,20240511,2025-09-01,13:26:07,Old,Dr. R. Mahalle,500,0,0,500,500,0,0,,
14831,20240511,2025-10-16,09:41:39,Old,Dr. R. Mahalle,400,300,0,700,700,0,0,60,2025-12-15
14832,20240511,2025-11-16,11:31:50,Old,Dr. R. Mahalle,300,0,0,300,300,0,0,90,2026-02-14
14833,20240511,2025-12-16,13:41:28,Old,Dr. R. Mahalle,300,200,0,500,500,0,0,90,2026-03-16
14834,20240511,2026-01-07,09:40:51,Old,Dr. R. Mahalle,500,0,0,500,500,0,0,60,2026-03-08
14835,20240511,2026-02-24,11:10:36,Old,Dr. R. Mahalle,300,0,0,300,300,0,0,,
14836,20240511,2026-03-20,10:34:27,Old,Dr. R. Mahalle,400,0,0,400,400,0,0,60,2026-05-19
14837,20240511,2026-04-24,09:04:11,Old,Dr. R. Mahalle,300,0,0,300,300,0,0,60,2026-06-23
14838,20240512,2024-08-20,09:10:56,New,Dr. Ashwin Sadavarte,300,200,0,500,500,0,0,30,2024-09-19
14839,20240512,2025-02-05,09:26:02,Old,Dr. Ashwin Sadavarte,500,300,0,800,800,0,0,30,2025-03-07
14840,20240512,2025-03-10,11:18:02,Old,Dr. Ashwin Sadavarte,500,200,0,700,700,0,0,90,2025-06-08
14841,20240512,2025-04-09,12:59:00,Old,Dr. Ashwin Sadavarte,400,0,0,400,400,0,0,,
14842,20240512,2025-05-05,12:10:32,Old,Dr. Ashwin Sadavarte,500,200,0,700,700,0,0,60,2025-07-04
14843,20240512,2026-02-03,11:43:04,Old,Dr. Ashwin Sadavarte,500,0,0,500,500,0,0,,
14844,20240512,2026-03-16,12:14:09,Old,Dr. Ashwin Sadavarte,500,0,0,500,500,0,0,60,2026-05-15
14845,20240513,2024-12-09,13:37:49,New,Dr. Ashwin Sadavarte,500,300,0,800,800,0,0,30,2025-01-08
14846,20240513,2025-03-27,09:55:12,Old,Dr. Ashwin Sadavarte,500,200,0,700,0,0,700,90,2025-06-25
14847,20240513,2025-07-03,10:32:19,Old,Dr. Ashwin Sadavarte,300,0,0,300,300,0,0,15,2025-07-18
14848,20240513,2025-10-08,13:21:08,Old,Dr. Ashwin Sadavarte,500,0,0,500,500,0,0,90,2026-01-06
14849,20240513,2026-01-21,13:52:50,Old,Dr. Ashwin Sadavarte,500,300,0,800,800,0,0,,
14850,20240513,2026-04-15,13:55:33,Old,Dr. Ashwin Sadavarte,500,0,0,500,500,0,0,15,2026-04-30
14851,20240513,2026-08-03,12:32:29,Old,Dr. Ashwin Sadavarte,300,0,0,300,300,0,0,,
14852,20240514,2023-09-04,10:47:26,New,Dr. Ashwin Sadavarte,300,200,0,500,0,0,500,30,2023-10-04
14853,20240514,2023-11-19,09:14:19,Old,Dr. Ashwin Sadavarte,400,200,0,600,600,0,0,,
14854,20240514,2024-01-15,09:03:55,Old,Dr. Ashwin Sadavarte,300,0,0,300,300,0,0,,
14855,20240514,2024-03-09,12:09:13,Old,Dr. Ashwin Sadavarte,500,0,0,500,200,0,300,30,2024-04-08
14856,20240514,2024-05-24,09:11:29,Old,Dr. Ashwin Sadavarte,500,0,0,500,500,0,0,15,2024-06-08
14857,20240514,2024-07-23,09:40:42,Old,Dr. Ashwin Sadavarte,300,200,0,500,500,0,0,60,2024-09-21
14858,20240514,2024-09-27,13:09:39,Old,Dr. Ashwin Sadavarte,500,200,0,700,700,0,0,30,2024-10-27
14859,20240514,2024-11-21,09:14:41,Old,Dr. Ashwin Sadavarte,500,200,0,700,700,0,0,90,2025-02-19
14860,20240514,2025-02-07,10:02:42,Old,Dr. Ashwin Sadavarte,400,300,0,700,200,0,500,30,2025-03-09
14861,20240514,2025-04-13,12:57:56,Old,Dr. Ashwin Sadavarte,400,200,0,600,600,0,0,60,2025-06-12
14862,20240514,2025-06-05,13:35:17,Old,Dr. Ashwin Sadavarte,500,200,0,700,200,0,500,,
14863,20240514,2025-08-13,13:43:36,Old,Dr. Ashwin Sadavarte,400,0,0,400,400,0,0,30,2025-09-12
14864,20240514,2025-10-12,11:42:51,Old,Dr. Ashwin Sadavarte,300,0,0,300,300,0,0,60,2025-12-11
14865,20240514,2025-12-14,11:57:53,Old,Dr. Ashwin Sadavarte,300,200,0,500,500,0,0,30,2026-01-13
14866,20240514,2026-02-08,13:51:24,Old,Dr. Ashwin Sadavarte,500,300,0,800,800,0,0,90,2026-05-09
14867,20240514,2026-04-07,10:14:14,Old,Dr. Ashwin Sadavarte,300,300,0,600,600,0,0,30,2026-05-07
14868,20240514,2026-05-29,11:37:51,Old,Dr. Ashwin Sadavarte,300,300,0,600,600,0,0,90,2026-08-27
14869,20240514,2026-08-17,10:45:48,Old,Dr. Ashwin Sadavarte,500,200,0,700,200,0,500,90,2026-11-15
14870,20240515,2024-07-14,10:24:08,New,Dr. Ashwin Sadavarte,500,0,0,500,200,0,300,30,2024-08-13
14871,20240515,2024-09-01,11:53:26,Old,Dr. Ashwin Sadavarte,500,0,0,500,500,0,0,15,2024-09-16
14872,20240515,2024-10-12,10:49:48,Old,Dr. Ashwin Sadavarte,500,0,0,500,500,0,0,90,2025-01-10
14873,20240515,2024-11-23,11:37:56,Old,Dr. Ashwin Sadavarte,400,0,0,400,400,0,0,30,2024-12-23
14874,20240515,2025-01-07,10:08:33,Old,Dr. Ashwin Sadavarte,400,200,0,600,600,0,0,,
14875,20240515,2025-02-06,10:10:16,Old,Dr. Ashwin Sadavarte,300,0,0,300,300,0,0,60,2025-04-07
14876,20240515,2025-03-13,11:29:50,Old,Dr. Ashwin Sadavarte,400,200,0,600,600,0,0,30,2025-04-12
14877,20240515,2025-04-14,10:06:44,Old,Dr. Ashwin Sadavarte,300,0,0,300,100,0,200,60,2025-06-13
14878,20240515,2025-06-02,12:46:23,Old,Dr. Ashwin Sadavarte,500,200,0,700,700,0,0,30,2025-07-02
14879,20240515,2025-06-27,09:44:54,Old,Dr. Ashwin Sadavarte,400,300,0,700,700,0,0,15,2025-07-12
14880,20240515,2025-08-16,13:12:13,Old,Dr. Ashwin Sadavarte,400,0,0,400,400,0,0,30,2025-09-15
14881,20240515,2025-09-26,11:23:10,Old,Dr. Ashwin Sadavarte,500,0,0,500,500,0,0,30,2025-10-26
12734,20240287,2025-07-07,09:49:18,Old,Dr. Ashwin Sadavarte,500,0,0,500,500,0,0,15,2025-07-22
13869,20240405,2025-09-23,12:03:44,Old,Dr. Ashwin Sadavarte,400,0,0,400,400,0,0,30,2025-10-23
12538,20240267,2025-04-08,10:49:49,Old,Dr. R. Mahalle,300,300,0,600,600,0,0,30,2025-05-08
13269,20240343,2024-08-08,10:07:01,Old,Dr. Ashwin Sadavarte,400,0,0,400,400,0,0,60,2024-10-07
11858,20240194,2026-06-13,10:51:24,Old,Dr. Ashwin Sadavarte,400,300,0,700,0,0,700,30,2026-07-13
12662,20240281,2026-08-19,10:42:34,Old,Dr. R. Mahalle,500,200,0,700,700,0,0,15,2026-09-03
13400,20240356,2025-03-31,12:49:57,Old,Dr. R. Mahalle,300,0,0,300,300,0,0,30,2025-04-30
10381,20240048,2026-04-02,09:18:00,Old,Dr. Ashwin Sadavarte,300,0,0,300,300,0,0,30,2026-05-02
11069,20240116,2025-10-16,10:10:30,Old,Dr. Ashwin Sadavarte,300,300,0,600,600,0,0,30,2025-11-15
12159,20240225,2026-02-12,13:27:02,Old,Dr. Ashwin Sadavarte,500,0,0,500,500,0,0,60,2026-04-13
11355,20240143,2025-10-28,13:32:01,Old,Dr. Ashwin Sadavarte,400,0,0,400,400,0,0,15,2025-11-12
11851,20240194,2025-02-28,13:24:06,Old,Dr. Ashwin Sadavarte,500,200,0,700,700,0,0,15,2025-03-15
13929,20240409,2026-08-23,12:26:11,Old,Dr. Ashwin Sadavarte,400,0,0,400,400,0,0,,
12938,20240308,2023-09-07,13:58:58,New,Dr. Ashwin Sadavarte,300,0,0,300,300,0,0,30,2023-10-07
13703,20240388,2025-12-07,09:30:56,Old,Dr. Ashwin Sadavarte,400,300,0,700,700,0,0,60,2026-02-05
10313,20240042,2026-01-05,11:03:12,Old,Dr. Ashwin Sadavarte,400,0,0,400,400,0,0,,
14757,20240502,2026-09-19,11:01:53,Old,Dr. Ashwin Sadavarte,300,200,0,500,500,0,0,,
10479,20240060,2025-11-20,13:27:15,Old,Dr. R. Mahalle,500,200,0,700,700,0,0,15,2025-12-05
10837,20240096,2024-12-30,11:31:49,Old,Dr. Ashwin Sadavarte,500,0,0,500,500,0,0,30,2025-01-29
10792,20240089,2025-06-15,09:30:18,Old,Dr. Ashwin Sadavarte,500,200,0,700,700,0,0,30,2025-07-15
12170,20240227,2025-08-18,11:51:16,Old,Dr. Ashwin Sadavarte,300,0,0,300,300,0,0,90,2025-11-16
13344,20240349,2026-04-08,12:24:20,Old,Dr. R. Mahalle,500,0,0,500,500,0,0,90,2026-07-07
14742,20240502,2025-02-28,09:55:15,Old,Dr. Ashwin Sadavarte,300,0,0,300,0,0,300,90,2025-05-29
14631,20240490,2024-02-23,09:26:14,Old,Dr. R. Mahalle,500,0,0,500,500,0,0,,
14635,20240490,2025-04-03,09:55:35,Old,Dr. R. Mahalle,400,200,0,600,600,0,0,30,2025-05-03
12163,20240226,2025-07-05,11:51:52,Old,Dr. Ashwin Sadavarte,300,200,0,500,500,0,0,30,2025-08-04
12237,20240232,2025-08-06,09:00:52,Old,Dr. Ashwin Sadavarte,400,0,0,400,400,0,0,60,2025-10-05
14730,20240501,2024-06-29,09:01:16,Old,Dr. R. Mahalle,400,0,0,400,400,0,0,90,2024-09-27
11549,20240159,2025-12-16,10:38:25,Old,Dr. Ashwin Sadavarte,300,300,0,600,600,0,0,15,2025-12-31
14670,20240493,2025-06-18,12:49:12,Old,Dr. Ashwin Sadavarte,500,300,0,800,800,0,0,,
12606,20240274,2025-08-02,12:44:00,Old,Dr. Ashwin Sadavarte,300,0,0,300,300,0,0,15,2025-08-17
10559,20240068,2025-10-21,10:34:19,Old,Dr. Ashwin Sadavarte,500,300,0,800,800,0,0,60,2025-12-20
12975,20240310,2026-01-24,10:45:17,Old,Dr. Ashwin Sadavarte,300,0,0,300,300,0,0,90,2026-04-24
12152,20240223,2025-10-24,11:35:48,Old,Dr. Ashwin Sadavarte,500,0,0,500,100,0,400,30,2025-11-23
14018,20240421,2025-07-26,09:25:14,Old,Dr. R. Mahalle,500,0,0,500,500,0,0,30,2025-08-25
11750,20240182,2025-09-23,13:53:08,New,Dr. Ashwin Sadavarte,300,0,0,300,200,0,100,30,2025-10-23
11500,20240155,2026-02-09,09:37:12,Old,Dr. Ashwin Sadavarte,500,200,0,700,700,0,0,30,2026-03-11
13602,20240376,2024-06-07,13:15:36,Old,Dr. R. Mahalle,400,0,0,400,400,0,0,30,2024-07-07
11311,20240140,2025-09-29,12:32:48,Old,Dr. Ashwin Sadavarte,300,0,0,300,300,0,0,60,2025-11-28
11025,20240111,2025-03-15,11:01:29,Old,Dr. R. Mahalle,400,0,0,400,400,0,0,90,2025-06-13
11187,20240129,2025-06-09,10:25:00,Old,Dr. Ashwin Sadavarte,400,200,0,600,0,0,600,60,2025-08-08
13754,20240393,2026-06-29,09:14:58,Old,Dr. Ashwin Sadavarte,400,0,0,400,400,0,0,90,2026-09-27
14336,20240454,2026-05-30,09:04:03,Old,Dr. R. Mahalle,300,300,0,600,600,0,0,60,2026-07-29
10429,20240055,2024-12-06,09:00:50,Old,Dr. Ashwin Sadavarte,500,0,0,500,500,0,0,90,2025-03-06
12726,20240287,2023-08-14,12:57:45,New,Dr. Ashwin Sadavarte,500,300,0,800,200,0,600,90,2023-11-12
13520,20240365,2025-07-29,11:14:12,Old,Dr. R. Mahalle,500,0,0,500,500,0,0,60,2025-09-27
13973,20240416,2024-11-24,11:37:58,Old,Dr. Ashwin Sadavarte,400,0,0,400,400,0,0,90,2025-02-22
10453,20240057,2026-05-10,11:44:57,Old,Dr. Ashwin Sadavarte,500,0,0,500,500,0,0,90,2026-08-08
12657,20240281,2024-10-20,12:44:55,Old,Dr. R. Mahalle,400,300,0,700,700,0,0,60,2024-12-19
14753,20240502,2026-04-15,12:33:16,Old,Dr. Ashwin Sadavarte,300,200,0,500,500,0,0,,
12552,20240267,2026-09-12,11:28:45,Old,Dr. R. Mahalle,500,0,0,500,500,0,0,30,2026-10-12
13485,20240363,2024-06-15,11:01:55,Old,Dr. Ashwin Sadavarte,500,0,0,500,500,0,0,,
13826,20240400,2025-07-15,12:17:09,Old,Dr. Ashwin Sadavarte,300,0,0,300,300,0,0,30,2025-08-14
12778,20240290,2024-08-27,11:41:06,Old,Dr. Ashwin Sadavarte,500,0,0,500,500,0,0,60,2024-10-26
14860,20240514,2025-02-07,10:02:42,Old,Dr. Ashwin Sadavarte,400,300,0,700,200,0,500,30,2025-03-09
14277,20240449,2025-07-13,12:29:19,Old,Dr. Ashwin Sadavarte,300,300,0,600,600,0,0,90,2025-10-11
13906,20240407,2026-06-02,11:52:24,Old,Dr. Ashwin Sadavarte,500,0,0,500,500,0,0,60,2026-08-01
12836,20240296,2024-08-19,10:28:04,Old,Dr. Ashwin Sadavarte,400,0,0,400,200,0,200,,
10577,20240069,2026-06-18,13:27:42,Old,Dr. Ashwin Sadavarte,300,0,0,300,100,0,200,60,2026-08-17
12209,20240230,2026-02-28,12:02:32,Old,Dr. Ashwin Sadavarte,500,0,0,500,0,0,500,,
14651,20240492,2023-10-26,10:32:45,Old,Dr. R. Mahalle,500,0,0,500,500,0,0,60,2023-12-25
11758,20240183,2026-09-07,09:11:56,Old,Dr. R. Mahalle,400,0,0,400,400,0,0,30,2026-10-07
10202,20240027,2025-11-27,13:58:51,Old,Dr. Ashwin Sadavarte,500,300,0,800,800,0,0,15,2025-12-12
12345,20240246,2024-05-12,12:46:24,Old,Dr. Ashwin Sadavarte,500,0,0,500,100,0,400,60,2024-07-11
12401,20240249,2025-04-23,11:52:30,Old,Dr. Ashwin Sadavarte,300,200,0,500,500,0,0,90,2025-07-22
14343,20240455,2024-09-04,12:01:41,Old,Dr. Ashwin Sadavarte,300,300,0,600,600,0,0,,
10447,20240057,2025-11-11,11:30:07,Old,Dr. Ashwin Sadavarte,300,0,0,300,300,0,0,60,2026-01-10
12015,20240211,2025-09-08,12:22:45,Old,Dr. Ashwin Sadavarte,500,300,0,800,200,0,600,30,2025-10-08
12179,20240228,2024-08-11,12:53:42,Old,Dr. Ashwin Sadavarte,300,0,0,300,300,0,0,30,2024-09-10
12863,20240299,2025-08-09,13:44:43,Old,Dr. R. Mahalle,400,0,0,400,400,0,0,60,2025-10-08
14069,20240425,2026-03-07,09:36:22,Old,Dr. Ashwin Sadavarte,400,200,0,600,600,0,0,90,2026-06-05
14564,20240480,2024-11-21,12:07:09,Old,Dr. Ashwin Sadavarte,500,0,0,500,200,0,300,30,2024-12-21
10399,20240051,2023-11-12,09:59:14,New,Dr. R. Mahalle,400,0,0,400,400,0,0,60,2024-01-11
